sleep_hours,work_hours,screen_time,breaks,task_switches,stress_level,hydration,noise_level,productivity_score,fatigue_score,productivity_level
7.745071229516849,7.152480635954594,4.643010539025557,1,15,8.382544721499176,1.3504766858920392,7.073290734354801,22.290885729996393,64.76381402092531,Low
6.792603548243223,7.093171783232292,5.389001073892694,4,9,3.1305379860892764,1.880527375811654,4.097925205704013,51.44430723186743,37.34315233169145,Medium
7.971532807151039,4.4087136547399695,4.805237877909715,4,11,3.152578370856426,4.043216850537789,6.202023276391066,51.89224981887628,22.50997044169406,Medium
9.284544784612038,7.339819616597126,6.220836093892239,1,4,6.104980828200613,1.3875765267334943,8.696056388380711,47.65224296020744,47.66736677157631,Medium
6.648769937914996,9.46565816364349,8.394357062923826,5,8,8.110564815271774,4.330900101962806,2.388453370671569,51.134913876539336,69.28887980089911,Medium
6.648794564576229,5.45153576184641,4.457915685717591,3,9,3.3360266522363187,1.0010804894269114,7.998716863331758,36.08106509088993,34.767445108960736,Low
9.368819223261088,10.096965302101186,8.001640995536828,0,9,2.8903090465979435,4.5597893622075105,1.3447760480631699,81.49126102672231,43.51824637559792,High
8.151152093729364,8.975549642168676,4.436655855306225,1,8,5.26577229405199,1.2672926092709798,9.292317225934791,43.67071411413217,54.43561856925123,Medium
6.295788421097572,6.531533356057924,4.304745575006232,2,7,2.2078422101049924,4.687919394367814,2.814278781263052,61.34680266587289,36.56190340472644,Medium
7.8138400653789475,7.716940725324305,7.637189236686426,4,9,7.730305728205966,4.458204932202847,8.14972324977886,43.49459386853663,57.82499974183786,Medium
6.304873460781307,11.196643615282067,7.843872756015234,3,9,6.195978300919965,3.158252475508387,1.6049844391440649,55.18864303805822,71.42127217294698,Medium
6.301405369644614,9.467095627011732,7.702819873525309,0,7,5.612870881800529,4.111794513590333,3.9434357879726667,51.15423991158254,67.73006651683161,Medium
7.362943407349051,8.017567309796295,3.3684051835637177,6,13,8.850370721680836,1.2995073915394122,6.701926557278422,28.44239209496439,62.68326324696761,Low
4.130079633013303,7.524633366078032,5.0680980438558985,2,5,7.593056421659128,1.5405914077706888,6.929422061074166,19.638455720977397,75.94068589973723,Low
4.412623251230451,8.15321814090332,7.645977184006643,4,5,2.343428127613707,2.4771493742106867,7.289286339877067,45.83116087965251,47.60076678639585,Medium
6.1565687061385415,6.976472884115394,6.083083681127789,2,7,4.783886365979418,3.1498343523397296,4.1577316769802035,45.78174219861072,51.43777484925851,Medium
5.480753319498364,3.7905009885619707,3.8526143076050716,3,14,3.891434995051486,4.472857039093528,6.994074050987162,30.956096512175392,36.39493917819935,Low
7.471370998892911,12.084355821069462,6.916635878250883,6,8,8.218624942134444,3.170721790045763,4.856512917364285,55.32418675810569,74.08451994558769,Medium
5.637963886718183,8.310649998398803,4.570385482017059,5,8,7.471331057541294,3.6608207299622135,6.093279295720684,37.57063742870238,66.24146783070651,Low
4.881544447997063,8.796294530245074,9.589049696784425,1,9,5.248090790247981,3.7195376809079024,5.925038408215637,38.2266542654689,67.72760022475896,Low
9.19847315338233,7.884184500246183,9.089682924836517,2,10,8.412818580417774,4.510272510344199,2.5132587954552674,54.290836580772336,59.52474131979173,Medium
6.661335549270197,6.529766398550824,7.208194852711134,3,7,4.690604242145261,4.107018975494349,8.619384337004078,44.67040209649889,45.32865290466444,Medium
7.101292307031886,7.628151038102459,8.722013409539548,4,6,8.23196827268966,4.908121193922428,8.804270305980364,41.27409639976556,63.01929437796311,Medium
4.862877720679815,4.801210475611377,6.129582700246762,7,13,1.2886740543882638,1.080050552752566,2.8335282453095383,40.77738955830768,22.635302386192173,Medium
6.183425913212226,12.554172996106608,7.530874988750032,4,12,2.2115707888609153,1.8313147062270239,4.7488013861128815,61.35716472781212,55.54718197172712,Medium
7.166383884564799,5.530976003155208,8.95544059060415,2,6,7.80376967067934,4.721782941727362,5.183881933653703,40.714816540959625,56.60077659035713,Medium
5.273509633866546,5.9360674323056415,6.490997363588625,3,10,2.029503185318514,4.168880882811523,5.940298151121613,46.811270033904904,36.04448790811621,Medium
7.563547027518508,7.119481591227199,5.489625656971433,5,11,7.153849365097787,2.0694509841397974,1.2004534456673706,45.058451717085205,52.03207785928093,Medium
6.099041965121793,10.576151449704755,2.5907560836457684,2,14,7.5121641831478545,4.89698662048187,7.829336211268645,37.499748816086424,78.32010751252973,Low
6.562459375310085,8.029017998525308,5.833732948557012,6,14,6.959758214691294,4.479524108938865,8.757624766819255,36.72080170512609,56.88515635729816,Low
6.097440081655905,5.527728407939075,7.6468463691246225,3,10,8.364089126849805,1.2586289057170266,2.279744900019023,24.007239323159745,62.08782248698803,Low
9.778417276763406,10.508676721514679,7.891266855135259,2,9,5.6045536310922754,4.245239379806177,9.069660565944954,64.16396585897982,52.91332042395459,Medium
6.979754162893099,9.462001253570962,7.0087301314368196,7,12,9.073333564511328,4.137950453402688,8.658209947692612,37.12534692585525,68.89835617554829,Low
5.41343360656615,9.076869914432905,4.91740181007552,4,14,6.125466049034271,1.8846122059088461,5.880310749973674,30.921475282340328,65.26136443096779,Low
8.233817368154783,9.43146848234168,2.046356862104819,2,9,5.5708567185706395,3.6769860443524185,3.472585390560844,60.477218472782866,55.41550293644437,Medium
5.168734525043467,12.788723801164902,5.00956980399053,7,11,5.584485789055381,4.880903676125307,2.8674070685231605,61.02865508353922,71.79758547302171,Medium
7.313295392507133,12.370189790072224,5.391310257892097,5,10,9.208739957361555,3.7034751857951473,5.4021289857613475,49.43582144157494,82.51378403324826,Medium
4.060494814180337,6.626569313993409,5.374142065619972,3,10,3.193264322080875,4.255060757998601,5.564837314995774,39.05369494790874,49.5044931421253,Low
5.007720926652354,11.247769985622305,7.237112713955849,2,17,7.255318981340828,1.3975460790437033,6.866815109018294,22.23741601328818,84.21720633078208,Low
7.295291853803685,8.766336379517801,9.97135282202968,4,7,3.1835420934848786,3.909835157401852,8.214737093130974,60.05354339911618,41.60254578049086,Medium
8.107699869993116,8.998191632275498,6.247058403682186,2,17,1.829574806929965,1.8190188548314312,9.410498829684075,49.13245951002643,36.00399695279457,Medium
7.257052421784956,4.615458336713343,5.5665364216870765,3,9,9.58369489869916,1.2874166898143824,8.166528044768677,15.324926073994622,59.73610920967154,Low
6.826527576417639,7.659228469223608,5.481556373991815,3,13,2.167528416002465,3.208309697836125,9.181407902824935,47.67645700619615,36.39536391098409,Medium
6.548344456616067,6.37435281932687,6.2487695338154285,2,15,7.17573926392637,4.002444450389522,5.494316494780273,30.078077470696314,59.27649428246219,Low
4.782217014448859,9.656117629786618,4.343412479303202,10,14,4.8210285329547435,3.1869794617801483,1.349961345271058,50.91286160025788,52.6617429132744,Medium
5.920233687407937,10.14216100080561,6.24039711749211,7,10,8.533912299672245,4.726387495905787,1.4664716245596192,50.252168448283655,73.30375067713467,Medium
6.309041843560319,3.851027297967377,6.9016246726635995,3,5,7.958819647333523,3.7826653822642764,3.4163877309834754,33.360830675004685,53.01996140289107,Low
8.585683339328373,7.955930271991459,6.419372127148976,2,9,2.2939158209025923,1.4702992959819827,6.525875952594605,58.78040132644724,32.39445978694581,Medium
7.515427434352692,10.243723009588503,6.915083868009562,6,12,5.210350697091031,4.738072776034988,4.017017350421193,63.611900182230684,52.35980135294217,Medium
4.355439766955899,7.62664207537311,6.867495218697071,4,9,1.2477905355292895,1.6115519298190866,2.495293341353254,48.720042107929594,40.532077006849285,Medium
7.486125954092192,9.458127290004729,2.4562066355071126,4,13,4.865711626576574,4.0330217743895735,8.654455870411192,50.35029071959869,51.58352956446674,Medium
6.422376579375525,8.702330935254167,7.273740316790806,5,16,7.301942400337966,1.5941747172123595,9.864952947126291,22.8906841361556,63.48379180634398,Low
5.984616999541062,8.683320463905252,4.657970308675093,4,11,3.0894059258390536,4.994321103197832,1.149773740247091,63.54838886903682,46.46263903201442,Medium
7.917514433261302,7.457370043863405,3.808321673992084,5,11,8.290300659378799,2.328750032506319,1.804816831513155,43.53389945289206,57.33234677836159,Medium
8.546499283743927,5.566838391728581,3.7910963442900076,3,8,1.4784834357442573,2.983717288245627,5.494048799156652,63.65898523702348,17.928816857318424,Medium
8.396920178674298,5.756939705149945,6.867083220945059,6,9,1.3110972594416834,2.8673500279390103,4.039005230495102,67.89706911831071,12.928942623228675,Medium
5.741173715166042,9.418705028910635,5.554850145550294,5,8,1.247072932552243,1.4075888195026676,8.039360929527884,53.30222286536769,39.333850357130764,Medium
6.5361814362231785,8.038916511037765,2.6360624320291786,2,15,3.5202418440416494,2.9760599999783532,6.888719835733028,42.06060448968819,47.517220737712044,Medium
7.496895147105346,7.722975510785551,6.956075630384567,2,5,5.203952277858963,1.598023977202284,1.6165932897283133,54.21762980197975,50.491496929764445,Medium
8.463317690683539,7.152219915355295,3.1207837384023454,5,8,1.967023110428605,4.207923271288802,5.9039488978471315,70.7064155505701,22.837574313473034,High
6.281238643232065,7.389622309038496,6.279642717036422,5,14,9.970692354018153,4.833253733638173,4.028792906452576,30.191546960436387,72.3542314592396,Low
6.721511535004274,10.093823588976278,6.476997851346108,5,9,9.996049733501247,4.232233765461883,9.686013609752832,33.85478495481065,80.54041743266063,Low
5.340497538990958,7.329511836263946,7.77115416339009,8,11,5.678221295310661,2.7242559816234686,5.277511439484327,38.33682790041371,49.588704396842296,Low
5.205690063878993,5.3178705733968625,9.563369572933702,9,9,6.112085812565536,1.0094855878175633,9.348973383846726,22.522560638060142,43.05303275259501,Low
8.218788733591296,9.487303551080347,3.2706473481989167,7,11,9.341275417083722,1.146573842637586,1.2715713148671468,45.73756345015856,64.98632191247354,Medium
9.034360042856235,7.590246672270566,5.895052287873901,5,11,7.9281350137265445,2.9801405797527156,1.929471997870754,52.68241133492142,51.24891241372599,Medium
6.891984817629499,8.062791731065554,5.447329409911565,4,12,2.5115291056782096,3.7179492053612355,4.476421341499042,58.63133225332297,37.447413503330594,Medium
8.505299346838036,11.21515661279902,6.867499371921925,6,11,8.132400235195671,4.278056260629704,8.982610352700156,52.69884847287193,66.02325687809665,Medium
7.542454037571451,7.958878885298986,6.431337541867237,2,6,3.0784629978375335,3.3981260435218044,5.901436714872117,60.584768602060755,40.734306836400016,Medium
6.032320368092313,8.578367346237451,5.29490751452676,2,8,4.872230440582361,4.9132525049740154,8.417264723940017,46.77848598688927,58.30011639716258,Medium
7.5420934082626205,5.642153017403349,5.118195622778289,6,13,5.7925742100351005,2.975112129171323,3.5517667023537474,44.19368672354477,38.16737258537323,Medium
9.307054849698954,7.56066109529808,3.767098289631905,7,8,7.452993691167058,3.4001151998291266,2.003448726783769,61.98451116116808,43.957423743652804,Medium
6.946260941335073,9.219052090417202,7.975723164813019,5,13,2.351352679500201,1.9204092926814607,3.214349386767965,58.859388382564624,38.84358647083597,Medium
9.346965483721009,4.889252532317515,6.918408363199059,1,10,1.6855286930929,2.358641926383912,6.8077307000597065,57.25890128898693,16.69445281116963,Medium
3.0703823438653837,8.40169018623142,7.835536395590275,6,15,8.795109968746171,3.732526956151597,8.842753892931851,9.819447304400745,82.25638395155543,Low
8.232853756562836,8.201582145289613,5.379207727048973,4,6,8.441132421583436,3.406565334650168,5.094993953659146,48.85619152277896,61.29753484239703,Medium
7.130570602357257,8.082574911174879,4.686329062611139,3,11,5.70938807725325,2.478595519948524,2.7425397707605623,47.32000070997934,54.02781580488833,Medium
6.551488974301199,10.074317797316485,3.8433698667415443,1,14,6.961274234579405,1.4479278129182318,6.738508413206731,30.575225262607592,73.66751169419292,Low
7.137641164803253,8.668877029697043,6.717835167481319,7,1,7.473711876029638,2.3704608593738894,2.7724057410570744,56.47421928391731,57.45222737860273,Medium
4.018646628098661,10.956143796712889,3.9204135509435307,2,12,5.288782213593142,1.1766223596636882,6.132589320325138,29.03095461788513,77.74087735430997,Low
6.670492168243732,6.012820968811928,9.6973261379331,7,7,3.3150743702290844,3.32306890391055,1.9206255041730622,60.27095135587906,29.276649324649245,Medium
7.53566885726762,8.271849134436696,3.384714837813119,8,11,5.3325316648409,2.2920619050591053,8.300215613266504,47.23983120732252,41.93521169366712,Medium
9.216841067112274,8.168933572779896,6.547320238425003,6,8,9.557181918786462,2.519394034127278,8.246499910285639,42.25722798589735,58.748716270739685,Medium
6.222594672589529,5.861491012489839,9.133709414427573,3,9,8.540492622062825,3.3003528842430554,5.871299482356861,26.644734567955553,63.64439495791484,Low
5.787259595660219,9.912590004182693,7.198179518527618,2,7,5.189927493266407,3.3251511924667265,1.3436434559647614,54.795853078040814,65.82151611303227,Medium
6.247364434623195,12.649346611705635,6.351347424983558,5,20,3.03021130035469,3.3533732456329863,3.5216687451897375,58.39247906616396,57.799857116999895,Medium
8.373103176553112,7.965987851032338,4.063032706076209,6,5,9.006529851130654,2.9663648372119025,2.244563661376465,53.03473248672413,58.92246941195326,Medium
7.493126664489527,9.010042176547534,3.236461622864592,0,9,6.744169815258073,2.952489733715874,5.711102542611571,43.72092333718846,66.48247702127793,Medium
6.205359694349442,8.169036951630655,7.540100217835172,4,10,4.642659607874439,4.284877777064921,1.9156087204383885,55.478872391728665,51.24396915188326,Medium
7.769901149670034,6.572830660185648,9.012294481549894,5,11,2.0049178692609013,2.8702178125629354,8.827538553577382,53.897169748285876,23.868495578562023,Medium
7.14561632402206,4.358479444395968,5.122300019043657,5,12,7.765872736188426,3.144120642060532,8.65147859539506,24.5288814212363,46.66854446299498,Low
8.452967485799334,6.5884530338092695,3.721876984767298,4,13,3.852751352792672,4.952919506009865,2.404882673520891,63.9837866024464,31.900590512117926,Medium
5.946920359183972,5.216083238096537,1.083661138901963,4,8,6.456753228555792,1.7242002067722293,7.253992315062087,26.13238329201753,50.38776156866825,Low
6.508506780103348,11.408204156118236,4.038470312674924,2,11,6.126555088493107,3.9056839311259948,7.2685295945879345,47.561152045765795,72.8250058524301,Medium
6.411837770301764,7.769780612153522,5.77268631500192,1,15,7.296607695109574,2.8927487069696487,4.570789564633945,29.504914668739822,67.4313396254222,Low
4.804727577801822,7.308161341905659,9.198246481673468,3,11,5.838589968689997,4.322166719489374,2.376991827218431,39.2065828165167,61.79805959891043,Low
7.444180415596864,9.778307649575613,7.346267384465937,6,6,6.673703979686639,2.6161302504612283,2.188969500311497,59.252609155407654,58.133530017965725,Medium
7.391582908269834,5.756497794288224,6.610170809413506,2,13,1.7338817687126689,2.2119577080816613,7.655283563358092,45.51620649175701,26.678939684294278,Medium
7.0076701849636915,6.466271923990895,5.199760677397738,2,20,6.987508054016631,1.8311447785819666,2.981596724713687,25.417980442543165,56.71896057437975,Low
6.64811929993728,8.136144538497241,4.833668565488088,1,9,2.7477180567882993,4.488948620544974,6.431083820604361,56.09502443605033,45.44377898184277,Medium
4.876943886924378,10.057537982846961,8.811295195015926,3,7,4.527826519444361,3.873313852662876,8.792934548844654,44.16525868591904,65.17446172593355,Medium
6.369032015851961,9.003370090337576,6.401477081516779,5,6,5.612810703782089,1.3076018071302236,6.337894943803123,44.178544792159315,56.53217430332288,Medium
6.485928225209846,8.496650285031764,1.7947986161579559,6,15,7.181894588796734,3.8539609449449435,9.765661069885143,32.24445541582568,60.02477443558749,Low
5.796584096167572,8.156235470472033,4.652920704205514,5,9,7.681846087537532,1.1400625245945006,6.809517035459104,27.384565657924014,66.02512565673787,Low
6.758071432500986,8.80047171105355,4.2835679364567465,4,13,7.344304066832192,1.7265056630435165,3.8314280208808613,36.405014376387285,64.45161877243851,Low
7.606076285221808,8.403305810258509,4.90747198164507,10,14,1.8559491311446004,3.37119082498701,8.672205985893946,62.088213828630565,21.376893566963947,Medium
9.829278851815795,5.9400554504461285,7.125821320570171,0,12,4.482135740719213,2.8540413289337643,3.7982113414308496,55.4712707254536,34.053846254031995,Medium
7.261866719247759,8.092158443266303,5.7851102364115015,5,7,3.525985649956305,4.361934325740428,9.744133415697247,56.99873450036996,39.10516684623059,Medium
7.386325586084147,5.852622682164495,5.846269185992676,7,13,4.58579371928723,3.4315615130185586,5.299587505547022,47.99434660531303,31.848975159942217,Medium
6.888331126350749,8.162165085801647,8.626946322650474,2,7,6.821858660013456,4.859898249326959,9.579223614360535,42.192417670693914,62.6598177170366,Medium
4.121843177051438,7.038704117023517,4.607077820426623,4,9,2.7362865363303137,4.420734189351071,2.6523841340932517,49.071979767916886,46.67533479931184,Medium
6.960229186826175,13.078763245565723,9.7283990517747,3,9,5.518894316264368,2.3608611898399516,1.1025865470663936,64.0940170589775,72.21163886904182,Medium
7.09034531491154,7.920211232496576,4.657384817257828,7,13,8.96384413945522,4.336603785136637,2.765181663627895,42.76416634271794,62.21209232318336,Medium
10.0,5.1915208674768225,6.1783963932251424,5,14,7.580141718048073,4.479741168511255,1.8853153127818119,54.33239839254532,36.56732568019025,Medium
6.711458552828316,7.731639578646151,5.4375928091944665,3,8,7.528286000705052,4.8788999622576625,7.605604201629209,40.745470498604405,63.46111343525301,Medium
7.452321013500419,9.038717491275776,6.246838267001922,2,16,8.638447402827143,1.0502517094990953,3.3809108965972117,29.43914247943319,72.37817444882984,Low
6.947932345442135,11.346727892305047,6.8891839901462575,4,10,4.593204933466688,4.498977219892078,6.7552677051064265,60.806781508798736,59.507650775944974,Medium
5.246982943570702,6.8210952001225635,6.867670480177753,6,10,7.835345500645588,1.2795812626649505,7.01791336151751,20.723756472214706,62.38435921767377,Low
8.71423422177253,4.83514405195272,4.49376533875884,2,13,1.5283397766520999,3.112463498363956,7.194208063719427,54.1242730803763,16.600579974160098,Medium
8.127899549030161,9.633674022861962,3.7541706451048587,4,8,1.5078426794126314,2.658654159009845,8.49347309136478,67.23308190270238,32.99701630869218,Medium
8.186547920564571,5.238802588200698,11.006343581811421,7,3,3.986187912617157,4.679526484254385,2.3406926895316604,71.24321879737448,23.21185690068381,High
5.635918817807892,7.12768911698503,5.032031320798894,2,8,2.7716226950726646,2.620607360418021,1.4541762830147762,52.205665452539094,44.355596967245255,Medium
9.10419146640415,7.4847590289780115,7.398424877343973,5,12,5.666847252803523,3.3841706954390145,1.2673461793375234,62.09055926528409,39.4647408842777,Medium
4.8972234058115784,7.860733093399784,2.7847173789536064,8,10,2.6488221508219008,3.767514689376054,1.9341100344759865,57.61203112000042,38.58173987423104,Medium
7.880285640700405,9.378328914148671,5.440774560190646,1,9,9.780164886134555,1.0761190263775875,4.412669823443249,33.039604657567665,79.23303177680438,Low
10.0,6.632731435427225,5.745601232035114,4,10,8.659946179713888,3.3637250146000963,9.706383448129639,41.80628364142689,49.01004698176996,Medium
5.514195512303967,7.452541495666479,6.945630139855665,6,5,9.84280329144084,3.0719673413195547,4.179025880087849,31.47981900330304,73.41150708166197,Low
6.150553405595842,7.971459294101223,1.0,4,13,8.269867228191814,3.3760345584857787,5.076306361929901,31.02055426707641,68.5508324598475,Low
7.1494770476314615,8.299195915037576,6.3322812261566614,4,12,9.559987268804647,1.3029762322227563,8.329570480844515,22.02602025716103,71.79859561611069,Low
6.244786518825701,8.195654349415845,3.7005170892642143,2,5,4.312947050539194,1.2222334800891042,9.267382174775888,39.33269512187028,53.23499121018327,Low
4.674004853400801,8.87201155044516,6.648691422389848,4,12,5.481145700839285,1.7101773497938604,9.74297352845983,24.51175733230483,64.5205854226782,Low
7.102844462209041,9.687679019283475,3.927341606323674,5,13,3.1581445709573783,4.478002702628693,8.438061022015372,57.80456301153476,43.85485981030186,Medium
5.406544429410843,8.785268231301936,4.289034608148837,3,6,6.722254573414902,2.4258842734852744,5.522644522431696,37.36863932647089,68.9863373658894,Low
7.710388645952772,8.907171047018437,5.452744779213464,6,7,8.09407271641486,2.736130203277299,3.0652880305232384,51.30869863663086,60.75427653160751,Medium
5.620863648649295,4.835553666507044,3.8953410607936094,2,6,5.488679531517201,2.5606651236167526,6.385302605364514,30.853287925982396,49.31719689305968,Low
9.324901607526309,8.100455398331361,5.04893110652929,4,14,3.6673555475377646,3.8574805202640348,2.7711554208136704,68.02376027127664,32.81164043503999,Medium
5.825120061495644,8.959015096003217,3.6132484629133694,6,5,5.569049745243333,2.0379022049779674,1.5015225902429052,53.14000982397042,56.64943059422377,Medium
6.516907725691486,9.4578823891409,2.333659096602545,3,11,1.566056978707573,1.2735734081211367,9.274185416283977,48.81124357546901,41.39282340298626,Medium
8.220275826054504,6.615298451532412,8.035914104858719,5,13,7.49007506638442,2.5126995736318585,5.36311275324445,38.85684264201401,49.006674901293465,Low
5.1537035253490675,6.68192145022271,3.4079026143521434,5,11,5.064462743068196,3.911342140749772,5.57416201498423,38.041959416431716,50.516093664803805,Low
7.341189901906194,6.851798649432803,5.642638224784033,1,14,9.084107966952653,4.659872125443581,6.482971234575017,29.023176645385913,68.83390860993114,Low
8.960714131423643,9.072827799782686,7.50578216298757,5,9,9.309252783395245,1.203286256315526,5.062677016951061,42.946355600578514,63.7985148794675,Medium
4.588775148158159,10.067762109848417,4.770111794967914,6,8,2.129543293281719,4.241984483519339,4.999874184110979,60.28730431204208,49.160651727448204,Medium
7.276950787798456,7.1850797854167965,4.349668200508924,2,13,9.96499888586305,1.2647206198003382,9.236307858079865,13.808440673510713,72.81868570815666,Low
7.389824191372635,9.815924627254098,6.452476177334843,3,11,9.728402630723563,2.3226424716699827,8.348915160640557,29.623985671391573,79.01510389253866,Low
8.172734307665966,8.24695961832919,8.235867645454304,0,13,6.644182719294553,1.0892061124218881,2.9133297860568037,40.089696589339326,60.2655350749415,Medium
5.144573933682877,7.751428445675128,3.6613694698270622,2,12,8.429029052557755,4.646166795830249,3.6259986629850367,29.843994527116124,76.5216071945144,Low
5.019315080373586,7.577231540364062,5.699704335965122,5,2,1.1659328158166966,3.827155980800509,6.945603761164183,60.42623084340952,35.258009628648416,Medium
7.782912348425347,9.493222729204314,2.5350108100653452,3,11,9.733469857216813,2.476540928250164,6.1398272711841875,34.64864004035367,76.16457641515426,Low
7.445477009849779,8.65115563357414,5.21359799263562,3,11,5.106825338401459,2.5098263316981826,7.895434183938853,44.73351727512831,51.81147307792244,Medium
7.375739275518815,12.551650855295275,6.068409369076151,5,12,9.187302001748069,3.5593714540058525,7.548693592469375,44.51850704972072,82.80829899431914,Medium
7.519672314245463,6.295550714005351,4.290750716489868,5,8,4.466123701468417,1.3585932194726267,7.376924912015894,43.76102620702673,35.999542959816935,Medium
5.979962917632264,9.036203404059952,5.086016332349537,8,8,8.093588209662897,1.5801945254279404,8.921961197924645,31.296385702727985,64.97631297922777,Low
7.348380545741505,6.941597980376974,3.1835464633851,3,12,4.761512717395543,4.388896846355475,7.898977847937843,45.83846355182248,44.242332091138195,Medium
7.439608709948022,6.261426026022712,6.154157222762987,4,12,4.264359531448505,1.8092523445076458,3.1856264968585313,46.6835313672932,37.06778522336825,Medium
5.928472872960448,7.978265725930056,8.111388497766299,5,7,9.520982224792252,3.906665590821492,8.85553479118191,28.415119202349103,73.8285004237623,Low
9.798661766717135,8.274704958814072,3.8057122604590727,5,8,7.2920038050703155,1.9032116112883948,4.019789846209612,57.17209898088191,47.36477524388615,Medium
7.710749381367681,13.836347110120185,4.754656466895234,6,17,8.560729813590681,1.352585268779242,9.198050360212655,38.37131889722345,81.18318242489379,Low
5.2130447541960265,7.631708368633596,7.005092492908363,2,6,5.890223237470497,4.6001294530996635,8.41842968246008,37.613694342789294,63.329119772197814,Low
7.984830412950744,5.7396425410306335,8.424181438645473,0,6,9.265138706423741,4.606691132693076,1.666768506004693,43.19787554226544,64.70579437252368,Medium
5.5379774946590175,8.546021434988772,3.0136203755821374,3,12,7.659644112011591,3.4212475905030604,7.941525531393775,27.287145685281256,72.1412905997744,Low
8.180626905613678,3.8507199249072634,5.6624305251681015,4,10,1.6495088567898248,2.848135377622189,5.501027024128616,55.34418376666794,12.183096351676593,Medium
8.737893368511106,7.816086434791468,6.5662616446390505,4,7,7.9018368770688605,3.211039689660591,9.794014824272166,43.55575165549542,55.06405002419701,Medium
5.7689765224724345,8.032050564590321,5.795887218742304,4,16,1.168394204477836,2.632509706897441,5.1257704240811695,49.206790618867494,35.56529478866613,Medium
8.445064193866482,9.589200765890423,1.0464158662458258,4,13,8.4616202985383,4.028698464033983,1.6030697295052225,53.51944990885954,65.5936935512277,Medium
7.619171390404747,9.947244498855694,7.002180018617544,5,13,3.986794469783407,4.018242827659856,3.6382290676550904,64.09089445410999,46.65939214378199,Medium
8.233090239991736,6.992860762184565,9.038672702181287,6,7,6.384562695205755,4.275918438956758,4.87188481586557,57.155290221782316,43.076313340565605,Medium
9.845189473980922,7.698771970740134,6.233323502339007,5,13,7.744393165158472,3.0917043174771215,6.327259101913616,49.31637700547835,47.2653000823515,Medium
6.631917825995695,6.467758338778658,3.9377878934114734,7,3,6.73268465284345,4.2053674464279265,2.3689520557304276,55.11702827522239,47.886741004833304,Medium
5.869395753463765,5.743874890384612,4.973745507271434,3,11,7.051332081039526,1.6228743857753494,5.635743645416788,23.03990755977733,57.42074085469703,Low
5.665728355561715,8.61978955876127,9.539826135311186,6,6,9.03399169119859,1.12053891956685,5.351255218807042,29.327389095134993,73.08780854363522,Low
5.776284572551843,5.452828902806802,7.819925081721117,1,7,4.365747847214381,3.5922121943945236,8.529963020541505,35.0724959221813,47.25150736032432,Low
6.884347435878844,7.170746198856274,7.280053236768659,0,13,5.924306348371308,1.4219040715407125,3.7216261973377662,33.11194255304108,58.30422042371477,Low
7.511727962224966,6.009652080201525,6.712825167068752,3,10,2.574358338184365,3.202679644334051,5.0456569957650315,54.89709077845924,29.378842257958343,Medium
7.415036198995028,9.09936637258052,4.677725775618056,3,9,5.2078877395430165,3.8844998200042355,4.497513972846637,56.82992910415581,54.0876117330624,Medium
8.240774873554036,11.602860198532976,5.598857638688463,9,9,2.3503273374200457,2.628341704909112,6.6900823368320905,76.58764433181776,34.6929139912502,High
7.0195028378168605,5.396824034393338,5.844154528642968,4,9,6.702269914913639,1.1754908488708904,8.525700862045944,26.543005051416692,47.65242058076474,Low
9.180301115735976,4.293963034204862,7.0991486321288875,3,16,3.9182625150741104,4.548525601195495,7.080617191943641,49.10728701702672,22.494998760522286,Medium
6.603014750143066,7.750226229299865,9.017837788533807,3,9,8.731130324865344,1.1729801670857936,5.1854409614442805,27.261411734381724,69.89748105006407,Low
10.0,8.031395591915517,8.236676273586255,8,10,4.092198670198054,4.61901003940513,6.740467255465888,74.20356435452187,24.38308208083724,High
7.938501021647509,8.437318613514595,3.161231288407919,2,11,3.58150502990989,1.2105223517022985,3.900195660810862,53.28199318566512,43.26303072604238,Medium
5.714263665375576,7.10735896953131,6.447989937802097,2,10,5.42143716809243,3.9406379938740077,2.2968985758720954,43.786632598182656,56.947013548882616,Medium
5.393661252908331,7.5987214023491365,7.4735266903357935,5,9,2.5779583610705656,4.699387048894499,3.877461320028762,57.566829593662526,40.65859654515657,Medium
7.723708622864778,8.735020821081203,7.237720660289271,1,10,2.8342551511912877,4.627921254804328,4.993206093401078,64.42058995908062,43.45425683587958,Medium
6.664805822011224,10.080861785289677,4.741532473225162,1,14,8.048314678709822,4.573539631473297,4.953384397023957,39.602763740762356,78.53915502549775,Low
8.071000741138137,4.089902459363435,11.828218431536722,6,9,5.475028624272027,4.532314492838301,7.638411182296274,46.66392736111449,28.62559139782947,Medium
7.709856436860317,7.262121121937076,3.4458308753377622,4,12,2.857077496941844,3.0416389236478323,9.427108248211548,49.86556503374951,32.684724838688304,Medium
6.890756631014691,8.427617587882127,3.8336231066679,5,11,1.2837052651554068,3.230763345040807,4.5006346233123935,64.46253469690849,30.930290803213005,Medium
5.729809422897393,6.164047790778528,6.467190162523153,4,5,5.198297118664158,3.478869893040583,1.778036668957961,48.787934908488836,48.633459659278074,Medium
4.727729162971203,11.462339263534599,10.233606109927706,7,10,7.683671173630297,4.583793595075327,1.3007186633688907,50.38975066453546,79.11036171567127,Medium
6.330227571899468,6.729180239542526,4.327610298591658,4,10,4.16071057771899,4.352641678254128,1.0355749344843743,55.71891137121189,43.0438895304054,Medium
8.284598191485209,7.917414625985434,5.468343268706016,6,6,3.2316784270127084,4.131914267593299,9.442901365716844,64.63203768002238,30.78656291176492,Medium
7.321140616195306,9.112044193684582,8.154587346031386,6,6,4.567416044398064,3.7028968264428785,9.960700162075922,55.873581006359395,45.874264893374786,Medium
5.131391831932018,6.817430422396211,5.964275690224533,6,11,9.632165903069865,3.4735348879486465,1.4624566980070641,27.917985248158484,71.68416003269344,Low
7.259771388776773,4.306853904391166,5.330792290939408,3,7,4.808458846163025,4.6898674272443195,4.223878335339757,50.15286414159421,35.156648505511434,Medium
7.577976069593255,7.142690946166933,7.13126580377344,6,11,3.3367427877303624,1.770576749135388,7.024106235658026,50.023481831863236,31.484906227313786,Medium
5.674213845698301,10.058881111854081,6.545035980459186,3,8,6.123182859947551,1.7709000167421323,2.6105085922750844,44.54582494457513,69.58463324196484,Medium
7.230587658918292,7.326209746429723,8.060877571273583,2,7,8.29669367589342,4.929878116342225,6.349934693847048,41.69503438616343,65.35078310533612,Medium
7.087313077669,6.307131397082043,8.582937778130727,6,12,1.200990682210497,3.212636131956118,8.322556238555919,54.42994623457036,20.036443339267777,Medium
5.2855445532540655,9.851344419005443,6.614006120010723,5,11,6.022915176061852,2.933496534535899,8.722777867403023,35.56014784548149,66.3173880840932,Low
7.536681040522425,7.338450207953895,6.583465450756618,3,5,8.526811701006533,4.402381499304632,7.357786094457229,42.371002312865095,63.37064810235251,Medium
7.841176789552351,6.979678372699565,6.428221964572267,3,14,2.9406138069629124,4.399071691135204,1.7358775955400665,62.403251602646314,33.33146122720246,Medium
8.624576864762915,8.298912179326619,6.978261113298576,4,9,9.295146815513199,1.7063920654776066,4.135562061188351,41.243512460614056,64.16446573433822,Medium
8.580703078052355,9.541500419237575,6.110341275742928,3,12,6.199260589156511,1.694289227732611,9.706084990939898,42.60345552784722,55.574503361304664,Medium
4.933495948064364,12.763427063465091,5.998783035355421,1,10,5.650537936799337,4.181059060261635,2.734795569175646,52.47288237737536,84.0793621443852,Medium
5.593262440127316,9.654472215314847,8.393254241654486,2,11,9.67295365714652,4.142529728597969,5.085334662142788,29.790235645394603,87.70270445493557,Low
7.77255290081299,10.319679932776689,9.032232360710086,6,11,2.166865436807196,1.9007467507552231,4.007592411902386,68.34384045321266,36.60098386702184,Medium
7.770678926368313,6.988067602024289,2.9848941107331584,4,7,7.661270495548456,4.366040544972687,2.8498445622366377,51.54519643111143,54.98913070664712,Medium
7.772571529459071,5.948263788061047,6.020042303481138,1,9,8.367141616509398,2.920204521213516,3.9118247879686807,35.20160888507661,60.13834316096126,Low
10.0,8.124662699238247,4.6226111331095305,2,12,5.397008655686846,2.879956458693722,2.705668064504979,62.451454791116525,42.16975324150251,Medium
7.85633576603975,8.214339830519192,5.378057067027855,3,10,1.0582810940804794,4.942774371872826,8.895280187004818,67.14821250867836,28.5736378870207,Medium
8.703348460270899,5.842974517270806,6.805032419470643,3,7,5.719028555253873,3.076858386328075,2.569989553738163,55.7873938756942,39.07993723788555,Medium
8.431002645239804,7.6494109401919745,7.338876743084937,4,8,2.3816073594464178,1.5481815142580366,6.611897515551992,60.06612513871264,28.680591076716926,Medium
7.977086876958697,8.798635203438263,5.77574711277731,5,5,6.063134695215184,2.120623281530071,9.48084051529985,48.958594533962476,51.084062496367146,Medium
6.527096133039482,8.72078679003616,2.1733193305543943,6,14,7.647567567149244,2.334728460318801,9.57381136865086,28.0197351971756,62.95794598506308,Low
8.138453830739902,9.008575706768545,4.069908838847641,8,6,5.779642868459956,4.833867751624249,6.403822012390537,66.41426321277025,44.252388095996345,Medium
5.840762178193643,8.581929460274885,7.792999340400332,4,11,6.677218094383976,2.0561495366465237,3.4380633094207274,37.203106052858686,64.31251995093433,Low
6.644772089889987,6.985982681459888,1.0,5,4,1.9355098629708336,2.721611757414881,3.2310803018592678,64.72985108050383,29.87928611307949,Medium
6.2719546782563445,6.972198746702314,8.374854303364,6,13,1.8734115416420865,3.998542197912364,7.727236114886652,51.857564464973926,29.284455410139937,Medium
7.122811209079484,5.602097204012248,7.042459981289083,2,9,8.658466813950369,2.0963852346735625,9.826365923083753,19.38329905457944,61.24359676757387,Low
10.0,11.56955007837019,8.632352163060045,7,7,1.4439687471410503,3.806568212860441,1.6983548105606465,100.0,26.249632989271905,High
4.199102211112378,8.026900729238585,5.602861626238079,5,9,3.5586996741370993,1.8300703854265663,8.105217232288895,33.76901076233052,52.17587175922852,Low
8.029390285561771,7.550293888410296,1.8771891519541901,3,6,9.439269211369504,1.970069903397723,2.10686841608617,41.7363085168023,66.5122011842461,Medium
4.5809261932155225,6.142415837095083,6.860725283012996,10,8,5.129804021499417,4.9453277495218995,3.683668123874159,47.747653342900634,42.1098869540631,Medium
6.29210220131585,13.871315804655556,8.549306248076682,2,14,7.070847220452959,2.475777637102912,6.099612867825325,43.71253139043772,87.45265130967606,Medium
8.63342589545105,5.853343935554209,7.849443611026842,7,8,2.995213314294526,3.9187444624718326,3.6750222759081748,69.15345880267014,18.69209093673328,Medium
7.096420028643194,7.142304148787853,4.674617033023929,3,7,3.434615922531156,4.36025238776173,6.852350574520564,56.43717558000579,39.55172967774792,Medium
5.38338283310604,8.831673672572121,6.173522150925294,2,9,5.581004927084955,2.387409263694739,4.754762871593401,38.42234342699397,65.49658662219939,Low
5.927044436110048,9.200425931488555,4.934327462440152,2,15,6.742900434545579,2.428678005699162,2.972023597610386,34.71382415821043,70.22082196810216,Low
8.019396623402013,9.915864110431368,4.361467071621256,4,12,9.644150089802642,4.092353841613768,5.778376730689759,42.764958917622444,74.42621317276298,Medium
5.904450052424295,11.615217015538526,7.910777142359702,7,17,6.169779734731262,3.428005377035296,1.216087616425252,51.64073381200902,67.19194511052781,Medium
7.324687884372962,9.012315310921425,3.6049353774696757,1,7,1.8637218815151866,2.4470076664911926,7.6697051492112305,58.837682241492296,41.425611706546334,Medium
7.06835775985572,5.887938400066664,4.2123671388367745,3,10,4.3022739023521455,3.998264254049225,5.700599794949828,47.57465358793491,39.31343706805699,Medium
6.022599478591275,7.486109749756437,3.791948733055229,5,6,3.197508284149925,4.454820026366509,9.520302861954532,51.942288139254586,40.583864210430264,Medium
10.0,8.61566474502777,3.0195049534019067,5,5,3.2896109851781485,1.940153139830266,1.9251052229799148,79.78004520926415,28.11541004659267,High
7.950878533477017,12.136452083011648,6.292828583685207,3,2,5.548487044661824,1.0974245355900711,7.59063014405599,59.97673051353427,64.63544473323665,Medium
3.962286120013589,5.204389043151406,8.323006096963951,2,15,3.84999780854314,2.0965882659594572,3.708553545584884,22.664136539707954,49.75490133281018,Low
7.279681472154142,10.405153010450455,5.630246487509469,2,12,3.6037799482782167,3.6979585567988185,4.358338150101977,60.76603691175324,53.44316451836328,Medium
6.007320302847418,8.359828739092833,2.988504398871667,6,11,9.712170648518011,4.661009006507631,4.136380500586687,35.59063426566837,73.99224274693435,Low
8.278650002194336,9.675661070458961,7.679889079484055,3,10,6.255627635304178,4.452257492780778,4.222197260729446,60.108610975485796,57.641740610691016,Medium
5.811218892350949,7.796010566728136,9.371403508069942,3,15,3.3560094633727395,1.8886823957095404,4.877514577693956,39.09402946758829,47.0899708122702,Low
6.827895337799651,6.315134739747347,4.707515351706811,3,8,3.4828248310309786,4.524000666340028,1.1890436582697794,60.941250714174124,37.897047477687515,Medium
7.757480918470685,9.501745558802664,5.042891466564564,3,14,8.29925301975329,4.242926880608431,8.62081620996582,38.217193217764425,69.26744430583038,Low
8.298632791255182,9.308862054211243,7.031321260166789,3,7,8.978282426998902,3.9376038003520963,8.936163484047604,43.79546816397772,69.56607841438564,Medium
5.199555389416336,9.944113931479444,9.243747495570103,4,13,7.111280846984606,3.752907515230928,1.3560088143652647,42.20454501741281,74.20873135925369,Medium
6.498248146238577,7.9733907292427295,4.960331708549548,1,10,4.883021420633413,4.228369966802145,7.984028742317642,43.0732022580366,55.96621202112435,Medium
6.287582033258566,6.8003559533603015,3.33510043800359,7,8,7.881166096198684,4.446918034220431,1.6504534873509766,46.83083355961754,56.22481759664404,Medium
6.020006151139432,4.882426009952317,7.262837212544813,6,12,9.436437022311445,4.276445859365841,8.270322384561444,19.217879305358498,59.787060304098425,Low
9.648181360421646,9.638746536278813,7.598136146284599,7,11,2.4958051062967694,1.4873933694380361,6.516889496400502,70.91991787940275,25.815732250200753,High
7.607472566441434,8.847778964887972,6.012262900870454,4,13,8.755350834848688,3.8886190770379443,3.7571748550394917,42.562147250424474,67.90271246384611,Medium
5.108674068497432,6.068434734272081,4.883733480685098,6,9,8.63940356508668,4.3652168830407465,6.5249433907615115,26.456365771802385,64.15373714766278,Low
8.376792920582163,6.922852653406752,7.988757461984092,6,5,4.298517661210009,1.7428240269946773,5.559814935780617,58.39551283046616,31.965454904073777,Medium
10.0,7.0664823760971185,7.056072009095929,4,6,3.626074984480944,1.8551901772961727,6.721793423305321,64.95988919580914,25.905188921217665,Medium
8.54869789082672,5.034031136035164,4.463128966193015,5,12,6.087791314706387,4.143907897801963,5.278346001987283,47.664525194552326,34.896110288939795,Medium
4.72094505106898,6.364635206789733,6.098189462611343,4,15,3.450644010170185,2.3757168000155744,7.955871324918322,27.322673488218534,45.12762844389917,Low
6.273648890700623,5.732339286387292,3.296584935950707,6,10,2.308395747699964,2.5988040201092133,1.4074258365261716,55.60527719226399,26.84865961226147,Medium
8.900366723779934,7.175041976224127,7.37178091287584,2,9,9.577710150252628,2.5086371101078915,4.098540778250017,39.24293123860882,63.910992864400065,Low
5.938495801571829,6.522605003340875,5.475532861234289,6,8,5.422292110840836,1.8513300029661957,6.03358073278008,37.43292620855275,46.47591557602325,Low
7.665729142219343,4.745990158266503,5.128578335230526,7,5,5.2503047538420535,4.755177169116698,6.294187279612846,54.9274820751136,29.837395500555864,Medium
8.161951080144005,12.045180461138962,5.934251029695131,5,9,2.134928303416696,4.223439876332927,2.525904882855729,85.27209770107123,42.96272700429096,High
5.609604292632875,10.505081462058461,6.080615398660496,2,15,5.537375787101688,2.002156428437274,1.6707664404796523,41.424665196836244,70.46973958772332,Medium
6.9107119659073,6.441961156960029,7.789860123131121,5,10,7.685497138551112,1.4243486943835322,1.188807584112366,37.15132170680077,54.95045330027835,Low
3.0,8.54484279330722,7.182181062650443,4,6,3.2324167315239167,2.490440762787868,4.717122622626409,39.3949435625957,59.4695665094555,Low
5.463418537998566,8.83493017964259,5.687181442414395,6,12,4.319997914630656,2.661233702899293,3.973484590222017,46.409860702209535,51.61668829230489,Medium
6.62114777291026,10.382171709546954,7.527336299437991,3,8,2.610237597255367,1.0283685376188756,6.110271940216325,55.135191335899925,49.470653212434925,Medium
5.128325227052725,6.362789946679843,6.801474507383226,6,12,4.195681417745087,4.548608625392388,5.045633517135194,42.96883340488102,43.34735104973551,Medium
9.448616955897453,10.184213567964852,5.146800727427926,3,9,8.751533950005019,4.405135553701562,4.546612494070753,58.83877726483233,66.7373396942479,Medium
4.85478793305905,6.904189391586129,5.750563683527028,5,13,3.133540637010112,4.400653151798824,8.589885337407615,38.82246131991256,43.14250342884102,Low
6.339933269954525,5.328275191662773,5.703554222313758,5,7,1.2658743821528537,4.223213015985073,6.593645340183917,57.71476066431468,21.801482982033686,Medium
7.196110865929137,9.448273118628995,7.010522686348404,3,9,5.826008702910768,3.93250369923539,6.814906573777561,50.986021842661586,59.34477044551102,Medium
9.161909933599173,10.581516848244856,5.265954770556716,7,13,6.215430292125793,3.538082783094388,4.43643743603831,64.9712380483162,49.6253935395992,Medium
4.846206773230841,13.175817947061368,5.2191816271567335,5,11,3.960196517884869,4.841157029461445,7.991598845028226,56.1581857215403,70.31686677501145,Medium
8.74474562823244,5.600549469819573,9.937514618867917,0,11,6.774118682317301,3.8469196650500552,2.3687881404834488,47.1205531280591,48.7076957961307,Medium
7.015349591529381,9.397839370161577,7.879470963494208,2,21,1.3411182442492806,3.520980355819423,4.6180065648078585,54.79620935520438,39.76808078737883,Medium
5.527737023428074,7.180397512412934,4.478798671149722,6,10,4.065163820433236,4.155300351574278,1.4245651456175525,53.955368430815994,44.0009759510212,Medium
7.693155211394906,9.566717421048063,7.141881987884396,4,11,2.301146833726781,1.9850652989332498,2.038936175782956,66.76637662973978,38.50996332814583,Medium
7.298589543360205,5.059020897537499,6.2367001313103545,5,8,3.0682548011927118,4.868582143943682,1.7337327060724976,63.88565065783987,25.538724218158627,Medium
6.099674684261808,5.474460448602872,6.7831023505201875,1,7,4.44280937252012,1.0766479067882755,4.972925184140379,34.24482185452702,46.32074334306199,Low
7.1047031274850285,6.448250353667032,6.2746826491302095,2,7,5.44069524554322,3.5936198819666987,7.275919215285793,43.50806131876388,48.64581574833443,Medium
6.42202960470736,8.157928091336169,8.379285290970472,3,10,1.8387952714145883,1.3083768017291604,3.8142703958438773,53.528410147957416,38.35436920662158,Medium
7.170276017876872,6.717837466923289,6.691240689302892,7,11,1.9118726376687092,4.413223607581079,1.2394995555134647,69.94441725470134,22.839900986578137,Medium
7.99319601178157,9.31810868782684,5.875822603571425,5,8,7.066403720149006,4.8705604787032275,7.36487553260238,55.388834798556374,57.84971876841958,Medium
9.379025224218028,10.05378923651583,8.084381153966035,6,8,4.6371916244593265,2.634442919170026,2.866897604511173,74.10165427149283,40.84673389088345,High
5.143276751759727,9.199155082490712,6.466570082175744,7,9,2.58869757839233,4.428658786421451,7.504072190315615,55.9923429426666,43.996091890156094,Medium
10.0,11.237575279321735,6.242957158658116,1,10,3.1142537195818396,2.3428853784843353,1.0661916246534437,80.4598006862387,44.264693029181075,High
4.071868300716247,8.831653258910686,6.628045204972229,6,9,7.48050623274784,1.6376147778240675,3.8110789106024088,28.161287652723505,73.0880041591734,Low
6.772322357446625,5.566206579319665,5.812781953267267,2,8,1.4658296772791162,2.1065975730623827,6.591076717741785,49.242970188357695,27.322160408196616,Medium
7.882475809726865,10.726753027076679,6.018453985990938,2,6,5.57868805633529,2.207367857427292,8.840356934194453,52.29430377087269,61.729421318968924,Medium
7.421487801602549,6.789687528788005,4.826610822476255,3,9,4.242891164660715,3.522672150394202,7.787155983153638,48.26070295785781,40.82449787560519,Medium
6.065950720269109,9.82083699937114,4.497665560752242,7,13,8.300324305660155,4.184592151230143,5.046577479413805,40.79548625690083,70.349332041708,Medium
6.687816624464087,11.147468433110213,4.00285922703512,4,12,8.1109631748595,1.820866189588262,7.466633225642024,35.03872973822028,77.15277771490108,Low
6.2604985980117505,8.913376021460799,3.216033426405848,3,6,7.202814687463121,1.3528250510174122,5.8378726655736575,36.56741787428771,68.1493568770289,Low
6.115952864583683,5.007682373670701,4.240565277230887,4,6,4.463053645156958,1.8866073714772673,8.320560004520372,34.502394340966326,39.11196580719091,Low
8.274403145531537,6.163575666980417,5.651465931066149,2,15,6.681126427236825,2.1861512896487287,7.948589945987778,30.797807101712472,48.662684274962125,Low
7.535523228947571,10.64548893377027,6.206235164891274,1,10,6.758638717571179,2.1192586399782334,9.78266952142226,39.267788798516065,70.55016256707935,Low
5.960635607109019,7.661754628714367,5.457406873704719,5,8,3.989798844398563,1.8798018611802059,1.9444426087843547,50.91514553580039,45.38409320477213,Medium
8.349399813149876,8.159147069884332,1.2885930197452842,5,10,8.919773929123238,2.864000823128258,4.066344160168739,44.47844672604241,61.1495272020021,Medium
7.460949281314914,9.517648832327218,9.149172715524685,5,14,9.863717783330284,4.423931379243127,2.731391249364062,42.7741051948688,74.5957382727259,Medium
8.21929317825844,9.392645724160648,8.172960245780764,4,12,3.8299597430111603,1.4013939984296666,6.676912752238315,53.61949919598319,43.11217461377556,Medium
7.944443262885418,8.557599624770921,6.891519702434257,1,11,8.21104570963281,4.448120107511996,6.976249281098659,41.24817070500287,68.23742336998065,Medium
5.7565074836168915,7.5826632575590684,9.814981345106537,3,11,5.508174398432541,2.9880337240204633,2.8342961552694494,41.16201268174067,57.10036739116941,Medium
6.159728439704546,7.374663108535286,4.045271765032579,4,13,5.172871571771916,3.641872025387697,4.793973400261521,41.868923325636445,51.118148614416945,Medium
8.120940407684893,9.715797650582687,9.77525024125201,2,17,4.479066143579802,4.261468482414326,6.41935200297615,53.630545591967675,51.58914630686133,Medium
7.915555398150198,9.107139062135587,4.069571846498905,8,6,3.6282278409007116,2.217307734292454,6.930578814694232,64.39271412885866,35.015189017611924,Medium
6.968647609053778,7.485399998764421,6.477475850582713,5,10,9.275570759741377,4.816938420832316,1.9238228597126907,43.70085197781564,66.34428868075013,Medium
7.175991074963173,10.164224625986282,3.4523253497315913,7,17,7.66733537727008,1.3349450664729958,9.289655452040739,30.27923586605616,63.74092096026772,Low
8.916497343682638,7.741931769740432,6.029388191088733,3,11,4.9663263709972005,3.110665778222991,1.306748035329452,62.373325008754776,41.45987996588821,Medium
6.112642916746255,6.296675651331213,6.772332995996777,0,12,7.764081544026983,2.0192134751943067,9.756481631975351,13.95549130965666,67.4285947773671,Low
7.820646071755057,6.482058602193311,5.69061933773089,4,7,7.467397203417109,2.6317851896047295,3.8469323819689976,44.355085384417045,51.961019373413734,Medium
6.6967110213491585,6.042518327380468,7.427754888180275,3,10,3.406037516312015,2.7954565130582427,3.847110154555758,48.42995626591032,37.08021310601426,Medium
6.67347819515917,7.455179966792626,6.198028898974514,4,5,2.5851907082078176,4.658046892475809,5.0142339592628575,64.91097339543529,36.51089474738454,Medium
8.648165277980786,10.467448556672386,4.955170543244981,5,9,8.52669272228881,2.766326094563251,7.254625239064391,49.143997116143055,66.43300916674681,Medium
8.238124523482044,6.389809637938982,4.866373364395321,2,11,8.302655917165934,3.7917914791498175,2.4364160531633683,42.85181925442953,57.607879916542636,Medium
8.220264454000958,8.376951522036206,7.621827545231393,6,7,9.971764048600395,4.807052690123447,3.294863019961822,51.84048422418262,65.82754407185234,Medium
8.958218210731493,6.686621308745174,4.692515940386065,3,13,1.1742696693533006,2.9781303250106577,9.654154163101675,58.207278940556094,18.789352967472233,Medium
7.031505762449139,7.4793819174571246,7.830805940969874,8,15,5.8634261811762505,2.6332397152859617,8.891579292240317,36.790831044266895,43.788517990759956,Low
8.022929456942446,4.979917576029496,8.445423585663862,4,9,7.311904758156479,4.891873773407724,2.911525163182983,48.4265673927846,44.801245587465885,Medium
6.534599865109816,7.558923541686926,2.66257227530774,7,10,6.242860559730822,4.3107054198465775,6.1571029171074745,46.52111886504968,49.91677858514614,Medium
7.486249528732663,7.612589240390076,8.26585277460207,6,11,7.393978241241018,4.759091632938418,2.832415754633174,51.831344818726336,53.51690884035383,Medium
6.804785418448473,9.08057588807139,10.120845396889397,4,7,2.235350932369875,2.5889009069452458,5.95055131840685,61.1626778106642,40.21230456361252,Medium
7.1454939474890775,8.446561826510742,6.504007522403857,4,12,1.013644253530691,3.7852975622372957,4.29195965511559,66.75485338133022,30.42120023604828,Medium
7.89273553815537,5.603215750095909,7.198168370589645,4,3,1.8372884876344489,1.998442296971453,4.261822659001055,64.1279209002197,20.79023792442011,Medium
5.7726689751497915,10.168396488087085,8.074010648738318,7,8,4.420538317610031,4.463288035481355,6.715628665877643,57.469376043526935,53.84959554451818,Medium
10.0,8.42060608044399,5.449035369641956,6,14,3.960399590890905,4.73231671068766,3.266567633503459,75.21037257611724,28.848978941663827,High
5.4909739277504475,8.396787034354974,6.364560447075739,5,15,8.866028128245839,2.071465814915272,4.638336446754262,22.25356719107425,74.03335980681676,Low
5.1787170808184015,7.981635293229722,3.3716009407537815,3,18,1.7517364698528801,1.419729629114301,9.327329644630721,30.748962642327943,42.61668119225446,Low
8.737166310250101,6.9644851055555606,6.277270057060902,1,6,4.984355322561521,1.802938983500586,7.798283193925338,48.51046160015945,43.13737754039648,Medium
8.187494040944404,8.435604679497452,6.996223991289083,2,7,9.620401943863396,3.5313285223327973,4.449550989541347,43.30983089819501,71.82046303504688,Medium
7.936179725578233,8.951176871857164,7.032326045852939,1,8,5.526133731207951,2.0887331483882337,3.0723567905949687,53.63278887973196,56.54652169906378,Medium
7.94251826389642,4.50620861730889,8.13084944719516,5,10,2.191600788185008,3.5544433402420212,6.9311046727080425,54.85836944925872,16.437721307757435,Medium
6.981629840729628,6.922478325307809,4.450395643728942,3,13,3.62140455101351,2.4007548060379085,8.269207170512336,40.30823832665491,40.15215257603002,Medium
5.654118442771253,7.490106059192821,4.934786486653007,3,12,6.641123358094947,4.667341770795256,8.746882131602192,31.41210318457744,62.75872563729072,Low
7.113706837290589,8.512341211388556,9.79101469198271,7,7,1.1079053070645841,2.810390735910364,6.078531518826098,68.87152875323727,25.74193802778364,Medium
5.984257432731832,10.386622011854252,5.6993432524725804,4,14,9.712902937773439,2.9904878118097318,5.651198713107208,28.094260420091604,85.2341978342506,Low
8.462679600126627,6.456518370806435,6.400067574624656,3,6,6.102791464508259,2.392259852980404,7.476781611997457,46.15295071017097,44.2543903739284,Medium
6.779413927746792,7.004076306364316,5.865979916549558,4,13,7.337252627714156,1.29215135264309,2.581901503351773,32.53313288255561,57.71420699764192,Low
5.761754204811233,6.9749317787069,4.356638347389955,5,16,5.490649974871141,2.9745449084474975,8.669250418184994,27.64582553959338,51.07500320333396,Low
6.51792123752051,6.396944819790917,9.247058421783613,10,9,9.621317802167159,4.097457809314962,1.6653115404054084,41.70218352906177,56.76972217870664,Medium
7.6193971814134365,7.305627009775475,4.944597176158789,9,10,6.302989463874889,4.812059011423228,6.427152106416527,54.36968511801526,40.94168766129281,Medium
6.154413170794038,9.541604439975941,3.74542895258614,3,10,6.957853231634802,1.306302469142119,6.307241626710621,33.556360405218356,69.71485725406448,Low
5.766669406650353,5.892329009271309,5.098519445394497,3,11,8.74753807094637,4.1895901056072535,3.7963208366994836,27.516527430805542,66.7314258239245,Low
7.365530817237868,8.855628790305806,1.996587996548933,4,9,8.75400991353022,2.0682457978487174,1.3191657162806965,43.59492609764672,68.96382737274376,Medium
7.367449856663084,4.596195539963329,4.697425070033637,7,10,1.2535421393960247,4.291268737052321,7.460693850089838,58.99654850870385,10.95472852220988,Medium
6.239585236943306,6.877324007115588,4.063742804295346,4,7,3.5497078960912436,2.3680542802679776,1.2175671083678639,54.5220019918318,40.98009288288349,Medium
6.2934425415725155,7.341021399564028,7.234857261854649,6,7,3.216863191718457,1.4577329593464747,2.616505125300912,54.280917539600594,37.14185915707983,Medium
7.348074906036454,11.34971934582813,4.653171520880255,4,9,1.0598040686926808,3.4480768832827886,5.898131451674234,74.61265730932072,40.46222959845465,High
4.8278734877540135,7.450395390494624,7.775607871157697,5,8,8.891042956230681,4.575617560212699,9.459847286748406,23.798035487747864,73.5202551464667,Low
4.888804338435167,3.5975130530981634,8.796967986138643,5,12,3.854260627458432,1.7263552656972623,1.5934015784709705,31.517606615389553,34.36364081530648,Low
5.922333668121346,4.0022221862775,7.5623506725751986,6,12,4.122574625138927,1.087220025004774,6.20908242659603,28.859671290033173,30.891981429631816,Low
6.6798292724322295,8.068059172693362,5.569223422279847,2,13,1.8966015534064131,4.535366924750926,3.96003731358275,59.992150150161784,39.04051337724116,Medium
7.466361348397007,9.227541711579818,6.282228993411186,5,6,9.907491602344061,3.791318469501792,7.024761743065532,41.558577255220605,73.7196336498538,Medium
9.213034325424328,8.750911715254505,2.950030119711881,4,15,8.43626021500993,4.23478469754001,9.576179341967185,41.75723410666944,59.08677272377223,Medium
8.286489434803029,8.335140211601981,5.7324412549575205,5,5,6.1467608180683655,1.2393511843985778,3.4173128409013973,55.64997965000388,48.46018396781789,Medium
6.7600922050548595,10.324519195011334,4.279123063866334,4,11,7.94737320121994,4.561821090888356,9.603342865436288,40.040993166877755,73.01106499339802,Medium
6.971475688145967,6.920817558525737,7.388652762298598,8,12,7.994017906511919,2.6766241392074117,8.83563670825533,30.72033171017432,52.4454082462366,Low
5.496205953043287,9.78982111205365,11.145504778488949,4,6,6.910581722932551,4.59046866775391,6.4635032424887955,45.93644768337264,71.38236273578504,Medium
6.972230296011415,4.735970229947165,6.999643271947619,4,10,2.5661006705688463,1.2596988704140277,7.824130048796316,39.720300635093174,25.127136544398322,Low
6.567012041619792,6.190104334123868,2.017719702090667,3,12,7.482833725314367,4.539230858436971,8.783992039012176,29.29491755434373,58.18505140752185,Low
7.484077840507134,4.385917210136368,5.277539614171254,4,11,6.126556752597623,3.6935061568712415,8.231217687623257,34.52146663623175,39.1123087120215,Low
5.759153584671516,7.450309398660416,6.24498185074891,6,10,7.516647167331608,3.217074024487742,3.940369170793044,36.74749888838896,60.93710563605067,Low
7.779019771361758,7.907477565467315,6.174714850520528,7,8,5.8910789249721,1.2471232977426472,8.313436691574395,44.37428728974789,44.13028864419381,Medium
9.299108369503866,8.22820298445304,4.538373748782494,3,11,9.607033558618777,3.7536701174505662,3.821669570981784,47.08649312763889,64.37860580267166,Medium
6.8368597773147135,8.12376670577427,6.490583485273871,8,17,6.643228874449716,3.391096690735442,8.803713631059068,35.06745163138265,50.82223283395639,Low
7.602567583148412,6.144893338376544,3.5149983261612254,2,9,6.163123982219346,3.9051556841480783,3.2991944557629242,47.70061389882474,48.93670017706485,Medium
8.03521598756667,7.619518311173569,4.110182554629866,7,11,8.585093934866471,3.8668672344027044,6.150347735191711,43.593338720042496,55.190030543357636,Medium
6.398169292171246,5.005106662788503,7.291595283207423,4,8,4.4131289970122,2.774937292589159,7.236312800874952,38.45846218891889,37.64577707404498,Low
7.336138722715625,10.7264579502645,3.968673538240348,6,8,3.8421429866885006,1.8187248694109956,4.832121075240144,62.710887781781,48.19239637032216,Medium
7.0188886011726925,7.392747854203998,7.076423210984514,1,7,5.528519501004221,4.6758732780922845,8.0467524579927,46.28321496303461,54.76132716441609,Medium
7.146514147823248,7.022227761912617,3.261072450687884,5,7,6.260207602717326,4.702358346750518,9.328203145208303,45.576162928988964,49.07964672361867,Medium
5.8404853242168,11.177880656888165,9.529651767583472,4,10,2.9843391257192153,1.8477252017210422,2.676277846600186,58.595492231176536,55.74651429516781,Medium
7.036765261388414,5.515506932901541,4.45146015519189,6,11,7.140533620975866,3.5226132631903972,1.3009838650310677,43.63929281432848,46.48539676834574,Medium
7.746997436868175,5.748825771936062,5.552666856393111,4,9,8.221372274317133,1.8114821437571123,6.638647752313581,30.569014394997936,53.27851249020974,Low
9.176715411692562,5.80755935026287,6.661226522180812,3,7,6.195878472774082,4.444898047250896,6.419681763260714,54.70290541695261,39.25704266206589,Medium
8.43890623912781,7.864257236601036,4.869300094997811,7,8,5.706672058576474,1.3928532709886117,4.071740083149348,55.245303865127624,40.23304357183592,Medium
10.0,8.863263259275195,6.286811922142609,3,10,3.65178006139943,4.9607895217957,8.069166789637361,71.8052589179,34.48403821398459,High
5.848978655667926,9.479350936235667,7.150713449040252,6,13,9.1862472143455,3.443447655744707,8.435282938301576,27.155488771908274,76.21151421895304,Low
8.308480955081016,13.143990634989937,7.921226465006971,5,7,7.7904975924541295,1.0916503125527193,3.9878711228435497,58.797942756489185,74.1293087592226,Medium
7.2750130086075275,3.5011350915984725,7.582994871945914,1,7,5.322581810974953,4.5276133233111615,7.140452496393692,39.320069490594946,38.32900649090135,Low
10.0,9.217471178248834,5.656379072394652,5,6,6.931962224336735,3.737832787577448,6.77822564484917,65.33819501183028,48.20319440824901,Medium
5.787552571967273,6.885738854855537,5.706736451912795,2,18,4.031914301275228,3.7892893795339386,4.083797572814868,37.18558500743031,48.99834471604048,Low
5.740417236728836,6.827169702222453,10.698217116050065,5,15,1.5383568262410092,2.1001292454748923,9.722334309033222,38.02372897419718,31.228943198781117,Low
6.1009110318339665,6.760455743492245,7.899778136498584,4,8,2.8353485243697762,2.3471854269902925,4.117620261412022,50.53810338935061,37.640047256015684,Medium
3.8141564135352897,6.182460658384054,4.156352687359573,9,8,1.7153931704580765,4.657669381243231,6.582556209736466,49.79725495616202,30.635112633380952,Medium
6.211367467478858,11.369049669206904,6.199976327531104,6,8,5.573581134388639,3.5398319266479206,4.421137713789824,58.318535154170384,63.882783071439064,Medium
5.861301007669454,9.684594654027805,5.329713722443615,7,8,6.5985726787912045,1.0678165497058147,1.1064972493378011,47.083174777776534,62.37613246091952,Medium
7.225590679714312,8.04639195711475,5.729331532153781,2,10,4.424016630368172,2.3096280416318296,1.824746452903505,53.2000578577038,49.01948802117448,Medium
7.512633963665739,10.702031504974,3.541009684583824,5,6,5.7713880702573,3.3941729193366763,3.09084698675739,65.17126302433667,58.651610896780504,Medium
9.814256258823828,4.974942069402249,5.176153531228094,5,18,1.768914045846718,1.5920260889464743,8.309513680420979,50.8264675782229,8.052125765618051,Medium
8.425635757279075,5.338589737338148,9.623111546387825,2,8,7.9296258059639095,1.3931643989903622,4.978583663733472,34.27275721749928,51.10357633353001,Low
6.134644516506396,3.6440645356106245,7.158152601751006,2,8,1.2950384269656587,1.2375394630126073,6.2976129784785675,39.469206914769835,22.148082067051256,Low
5.652377992977463,6.601170919753425,1.0176771836970797,3,15,6.709830252092246,3.5223189550063267,9.494709153422805,21.16271156912278,59.83184421774767,Low
7.737878757259758,8.323397053409506,8.433446984995893,4,6,4.900118875180425,2.2823897029100606,2.3232134052779663,60.10721773140361,46.49535077750901,Medium
5.019650189469036,8.205717155864669,8.179259045818323,3,10,2.654233718030677,2.494714623057896,8.756374326629954,39.62799158480933,48.55287679739672,Low
9.74718814878153,8.298683822119761,5.281429391387167,1,5,5.707502836514592,1.2401614851004226,4.413124071666736,58.98028025778829,47.25938577985899,Medium
8.769160181081931,5.177886337867836,7.43452708756643,3,6,8.028534060707749,3.9520752983377303,4.037320021266311,47.6189328336601,47.682405729348126,Medium
6.296236521842943,9.606309485228044,4.281201578365598,4,7,4.72170173203609,4.06702714900878,6.629754618421214,54.50399258327672,56.53115184156826,Medium
4.430298206363684,8.479255036477996,5.059488567467286,7,11,4.309381230437211,4.317742221503707,9.08774695498494,39.5422342359561,52.85132313781451,Low
9.030808561248119,9.466108562931996,8.997092721339708,5,13,2.2821434771998854,3.606653386246465,4.136823211815074,74.14675352091238,30.462953779758333,High
6.828190232121073,4.214475644819896,5.4565399202605835,0,8,6.351183870656584,4.093154291590725,7.852674170689305,30.71181943409218,49.760225003750065,Low
8.856724467960193,8.62298171759558,2.260536676090018,3,17,8.45212342589732,3.308905643472514,1.1731787607303814,46.53014896247179,62.06378039958695,Medium
4.608358511808449,5.624469520164946,5.873393554437326,9,6,6.052073952519171,2.966548242583551,6.607914511311874,33.73710372098948,46.45162771977897,Low
6.1009374655693405,7.205353494897277,5.842823214171286,2,7,2.4857880598239586,2.039250163983706,6.675028025445192,47.03854234060096,41.24221989772637,Medium
7.007865549577275,9.068729797272766,8.39673713874692,4,6,6.9510504720533435,1.2135101177590015,6.004544682458656,42.02354175370616,62.43666107783762,Medium
7.070470890647113,8.182187212511826,6.02867284435152,6,7,1.2712758823753174,2.167287866513304,9.440403618352827,59.07474409057648,27.354309615960926,Medium
6.324901792781135,6.296920040441362,5.156835377119415,5,6,8.542485534957384,3.734504852762082,9.447321519740111,29.23209703265129,61.13714735871506,Low
7.934274898521248,8.012546312368837,8.090112290462411,3,7,9.29345665177113,4.707339680040172,4.07854789126564,47.301021623912874,67.9062910693997,Medium
5.398569355926108,4.936929369512714,6.241580465002221,1,14,6.373328408732571,2.0248549045349242,5.107278270840794,17.929845674779717,56.825818499455075,Low
6.7864307724680595,10.300534791796592,4.499954636868566,1,6,8.93602000716134,3.6793965880516497,8.13137995340775,38.17283792528253,83.18135749441457,Low
7.180443447567848,7.589431961007498,8.309995121083235,2,11,1.760550211878723,2.912978586642633,8.595202607814366,51.777743781543606,34.461999243707794,Medium
7.771658251088123,10.237099888510652,6.387323529033599,5,15,3.055100447218961,3.5101936718427464,4.761719243532176,63.61934271294518,42.49959495618176,Medium
8.067422317133335,6.946936625807914,6.005851933358875,6,8,3.8553457329230123,1.0064873716150977,4.1412393364898294,55.312323838942326,31.207767829032434,Medium
5.313036862243196,6.952848023186834,6.355816782823309,2,13,7.958500365977879,1.4906124683933486,8.385548767850157,12.353468446987943,70.55043999044524,Low
4.698828743896566,6.471626426724307,3.858663257166806,3,13,5.358158605306983,1.868084495296661,4.3918253955579,25.589048462525852,56.816622918499824,Low
8.916515232847765,9.75234786338615,4.944692447643325,2,10,4.13512715716446,4.573804775189117,4.647089733423617,69.84879425261224,46.62005940384111,Medium
7.498471017969387,6.581137685343048,6.007165203665567,2,8,2.422627292441475,1.16211061310192,2.2197738799499565,55.92997450684635,32.63454819003558,Medium
5.87727019516517,9.289190864830353,5.61067260995064,5,6,8.295786948910886,3.278535450724309,5.886542237877418,39.5335123783753,72.86084605240764,Low
9.326727963283783,7.23509520466142,8.544856765633192,2,7,1.1847107851198313,4.714557267330453,3.9380325890645436,80.65204122933467,21.116987265460864,High
7.173511951439288,4.048073400216761,6.434811705454007,3,9,4.035434189902997,3.608279671485134,6.315460564805914,43.249159866666055,30.78141205957408,Medium
8.76894577609574,6.859371864427068,7.709807845272805,6,6,3.184980447735834,2.9376164893728824,5.033881607177408,67.6682354668835,24.58395681929396,Medium
7.101277722115164,5.641783571274304,6.018790709151699,5,8,2.161093119399735,2.543967118092273,7.733228164872199,51.286219612052584,24.079179417938256,Medium
10.0,8.067805447364675,8.112576967492245,6,10,2.5483734792463846,3.4967807272942295,3.4999558498645618,79.30202466637415,20.621785099078238,High
9.633011263664807,5.61918452865102,6.795055513146308,1,8,5.444173505224846,2.9215406022735206,2.547996029265492,57.44092748110745,36.59625081688773,Medium
6.62655377728139,9.851950201429233,6.02684097077692,1,12,4.834508452982992,3.8216477714517385,7.326637846969708,46.41900972400217,62.090821579763464,Medium
8.457356426431533,7.817848279293946,5.973433822081961,7,12,5.665322827134426,3.4710983213228856,4.457144825921645,57.06206842257063,39.7801288481542,Medium
7.968063924377722,7.644808010482522,4.091122747418074,8,9,7.548583332046236,3.2696347139358335,6.072432175323089,48.3769427606439,48.64515640476873,Medium
9.052947336298523,9.311784275575166,7.013831440272622,1,15,9.030958873193676,4.827241512100917,9.469618623110215,39.15869916222754,70.27682134530995,Low
5.552614809129843,9.927813868151725,5.919590530927242,4,10,2.0661586475285416,4.342767704850047,5.356843254803676,60.75547221132751,47.87646469052839,Medium
8.02907718999766,7.959802496460696,4.996016079637591,5,10,1.7441007242352264,3.4354317634736082,2.37152916322009,72.35102540465583,26.58025999756314,High
8.587636730274381,6.457599400901419,8.212923541624143,3,7,3.8831918950418878,3.1546009134856354,4.840331618714204,60.09137244131326,32.83029248723395,Medium
4.361890770365329,4.452060767775741,3.4995679482103976,3,12,5.916710353722931,3.8957749841589773,5.306778782490654,22.545508821198887,53.571620193623815,Low
5.225112231001337,6.62790048592964,5.155008209135132,2,9,1.898986153473266,4.215662163882618,7.8938056979013975,45.94711897455861,39.998078568030046,Medium
3.941151733359849,6.765575506704077,8.055437497559067,3,15,7.443746058170063,2.1809483461441,2.756694299469734,16.429711116725635,71.38556490870737,Low
6.595889748333163,8.214114905984594,6.631045881840507,4,8,6.004847961389996,3.667788731661686,4.122115906090051,49.48627651544206,56.41732788148445,Medium
8.076313383693943,7.309706237723946,5.904282144694485,6,11,7.73615174120289,1.5406177629126647,1.4502548760791705,45.099469702589396,51.547759182584585,Medium
9.253535578144042,9.375865944102856,6.502007086300293,1,8,4.221224221860387,2.7218052959222785,7.3178013826738475,61.55029581201579,46.05007702476442,Medium
7.1111421706296625,6.774033457458621,6.3588283420976826,3,7,4.609869114317661,4.75374607466313,7.695391095096876,51.281439970495214,43.90015074678861,Medium
9.442923318356938,7.885917666294117,2.9666749074281573,3,11,8.26814409093424,2.3051974247031928,5.114722319224814,45.312711951021484,55.93150534255671,Medium
4.929847812677663,10.367974886393778,5.301476229304077,5,12,3.4030851087604743,1.6169400353851553,5.844417927978933,43.78798152580966,56.8904543254275,Medium
4.4449263409672675,8.683650427909933,9.233043309027497,8,14,4.432752350809798,1.5845834295764027,7.748324544085548,31.327028510795568,52.30599948992251,Low
6.916678451655072,7.879924916622871,4.681351730445665,3,9,1.1214370107418912,2.574914280480946,3.4147128742654336,63.42991391713579,31.687344768842678,Medium
7.576098173408961,6.796111116129646,5.363397971791332,4,10,5.9978869574801585,1.9007052618359603,6.462687573013705,39.84664830532363,46.955929128481024,Low
6.95095787785886,6.733537206570046,4.916758473381625,3,12,8.663174201494172,2.707683215942416,9.675274129164555,21.44107214663058,64.32842194107806,Low
3.898836849940185,6.298773494096104,5.825969553363725,4,9,1.2510215820856563,3.8755428155444105,6.921710365709829,43.13799576125975,37.621529639969644,Medium
6.8663199407308175,6.917986268434201,4.833754337351404,5,13,6.524107327675985,4.552639061333481,1.7029912304922752,48.03258145722577,51.194013476072406,Medium
5.04329574924272,9.511331677488629,6.97348300431612,2,8,8.609036795127423,1.4406661257785047,3.6123406245661536,27.459897205023236,84.31662745699121,Low
8.004508823245057,7.556223457415463,6.394626824580533,2,6,5.4453869620952995,4.073632997723465,5.672139451869907,55.87300923566379,48.883027416515965,Medium
7.549897369145272,5.300453861237537,7.547095230214036,2,11,3.8171947696615134,1.4139211381727512,1.6540369001616322,46.50516451140881,34.54364571583965,Medium
5.590180320508967,11.536338586119566,3.898117667622079,6,7,9.969254319149782,2.517737089189361,7.089128306931535,33.64552473176475,88.73512237198223,Low
6.22919962399496,8.639930382290325,5.319319034234193,5,13,1.5834810303703537,4.9861922890294075,6.887909793456254,60.23040810472844,36.02312441488379,Medium
5.411179717166572,5.186113198973661,5.5485547367757295,4,9,2.8938113181598437,1.2747109502204488,8.886913215642677,31.15963498919736,35.09440161747883,Low
6.905981354090242,7.116302145518352,6.91129382017719,3,7,8.967201531449597,1.0915241329142598,5.49993509338789,27.657621849366432,67.42206222301806,Low
8.432713480751858,8.221772765656835,4.413557605585931,7,14,3.675761834322733,2.334594667083526,7.229246947898362,55.306600678606884,31.609716443692587,Medium
5.5214109304966845,11.409184186594754,7.831307608516688,3,5,8.37861995093117,4.804483316570576,2.6381638778775405,51.472199699283905,86.2775683490969,Medium
7.756069773276766,5.783775083482261,8.372831181035217,3,10,3.9988116456400027,1.0801535781748597,1.025827234204179,50.12781912391803,34.48823075207412,Medium
6.204613572441339,9.952081438711893,4.022255304728832,4,8,8.307828599283312,1.8908460529076692,2.550285949242305,40.650723204602166,75.7941681872331,Medium
5.810690751606484,10.798972853944687,5.018254210212868,5,10,7.171558881300627,3.4126495652928117,1.5599313847631493,50.02849248307698,73.18650074609437,Medium
6.839454460068163,6.74269138985086,4.936136983415816,7,11,5.216701930523055,1.935013377607417,4.849462223733552,43.36262627060825,40.56856306813465,Medium
5.447136516370939,7.444972762279533,11.264772409354997,4,13,5.7065079443143105,1.215230455258605,5.21473003537251,28.41271485987942,57.055052645395975,Low
6.169526041979227,5.927381505252459,5.140199789584226,2,12,2.5989359344426166,1.2097788166594645,6.800254277587303,35.87346550817506,36.79969339821336,Low
5.203183161116727,7.593077717839391,9.35525088431227,8,12,2.0429555375366792,3.2366373737877185,2.2669467977971958,56.47685293370473,33.31004546533429,Medium
9.947087699374585,7.926820051314138,3.4667360097867808,5,9,7.452485112937532,3.247575638663942,2.932444877465702,61.23456436400918,46.234670056248326,Medium
7.052895327957593,9.319299996164741,4.020698067671273,2,5,8.637158630947592,3.8258952683304313,8.184935463018537,40.507609838438576,75.11944404729974,Medium
5.950411738011121,10.180366942040894,4.626790936303598,8,11,7.497737243833133,1.5269645263827876,6.188702453012693,37.16121320317366,66.39015963152478,Low
7.320969866101333,6.503807870756706,4.308621377106955,4,11,9.215782353043465,2.9994067717636073,1.2642723431603964,36.60134441344596,62.76579346400452,Low
6.831507925463756,4.065349871548011,5.464202531683003,3,8,9.01070572775303,3.4037966726167763,8.635642050915283,20.58634667893385,56.72704784474757,Low
6.668545600700165,7.957510441447516,4.582443594557004,4,7,8.003685507281503,1.8895034334833065,6.6682503840196325,33.71794965798253,64.96928483134958,Low
7.9212500500651375,8.58707505993728,4.361316814530853,5,13,9.083142280699454,3.1893706870541183,2.6797519579283695,42.856748249691876,65.3643656488074,Medium
8.136261565070958,8.498835375370083,8.316943992946655,3,13,2.5050124342656535,3.832953367785639,3.268591671312296,66.28752635736689,35.51785607498485,Medium
6.204248278584209,7.346653504981912,8.44758724502633,6,10,7.582249606336689,4.963362516655948,5.981926724427184,40.747018593255376,58.96647056643953,Medium
6.13627263903298,8.24950419932787,7.898592996750631,4,10,7.783089431321957,3.3856908199235147,6.047210633734022,35.00657148883277,67.24680686094226,Low
6.587422454272534,11.030889616704496,7.047997911168656,1,10,2.3857891762015844,4.444763187699692,8.246697975463402,60.53494069686048,54.5817747967608,Medium
3.547118252896623,8.76346833792502,6.185486131559105,3,13,9.186249447710267,4.3346909979143,4.227243743560049,19.681045521964467,88.9805787245662,Low
4.727213406702171,7.253263149993831,5.005938618668183,5,10,1.0790671130692369,4.761067590577239,5.943728318972729,54.639567311553584,34.89365057285894,Medium
9.050311401166788,6.9996043658080085,4.093684990489816,5,10,4.911444966506277,3.8922223879542335,6.242841806484021,59.25186430762006,34.203840407346654,Medium
9.467451570251924,7.660295284644539,6.725991406865375,7,13,1.1933114467563721,1.8524016535644008,6.0280877595399645,69.42484903039882,12.919206680821969,Medium
6.626445940665432,11.273479923661279,3.652739214906404,2,13,5.710220612307394,2.1923645106406187,1.6561526083995923,50.61569844901743,69.7798519370636,Medium
7.864835444583649,7.633398580947605,4.012158141649214,1,13,4.709405383762279,4.1387398543783664,4.701275869904937,51.50082835555313,47.99542105327192,Medium
7.466875231815304,7.960411310958584,8.30582651240962,4,8,6.607557434039843,3.0832909886249404,4.049957091603588,49.45145573669854,54.70144823483544,Medium
10.0,7.035372858127394,9.801298083444173,4,14,7.897997062610391,2.0052345878263944,9.934999464153405,36.95671377133311,46.7529872763084,Low
8.679362367151866,10.197966714883929,6.786590276332961,6,9,7.917177061708166,3.6266813590066342,5.191197071388792,57.61857846505912,60.47629095001399,Medium
6.80812361277885,11.91967450948935,8.212914304589289,4,8,7.499994403072863,4.626143605534855,4.917050881214915,56.41033907921666,76.48011331957917,Medium
5.566689339099361,8.901226098862777,5.508303365112034,2,8,1.916896975996612,2.4307594350546777,5.353188097803035,52.881414209727225,46.985758664285996,Medium
4.590330519613641,8.165545807570851,3.3246516278246316,5,12,4.756946735300394,3.384979455989774,9.273543237724263,31.746515430183603,56.886123653699585,Low
7.305195453800835,8.07356566634847,7.224343237237168,5,7,8.343554482587045,3.3260021235260044,6.5030846917098195,41.73189234850684,62.490477270830226,Medium
5.865473882073545,3.2313864224285087,7.138578646540128,2,11,6.888701633355946,1.50789868053364,4.502290487392473,17.545017318981195,49.23310436428391,Low
4.866619435603489,9.490301728569635,6.143337107760488,7,10,7.12925114434955,1.3609799564359233,9.213196568956162,26.032051003067235,68.53590522104945,Low
6.03014067363621,8.268332831991687,5.515249083789778,1,9,3.0423342880862068,4.557707078356911,9.368586474103564,47.92831953681629,50.02930813151121,Medium
5.3776779945784074,8.85668410132145,7.924421157162196,3,5,3.9255387484674347,4.734147565812006,3.37881460478736,58.79400926951589,55.649643492002575,Medium
9.530712452608848,6.577075611832591,4.028533933145051,4,17,9.602300897928348,4.6169671526011165,4.540564829385854,40.502804524207306,55.44428896102676,Medium
8.322459635424176,7.231086242045817,4.452438842218685,2,11,8.622327315324824,2.586619177764126,9.698128030435127,29.460924286543055,61.91050564149989,Low
6.988041038025074,7.177950126993654,3.983786986479144,3,5,2.4842956304019115,2.1504803669340093,5.869438199759975,56.149361247388626,35.485039194650916,Medium
9.21991620833504,10.043245968146078,6.169945925271654,5,16,5.902237638871139,4.768689109617988,4.8857056992158485,62.98688267100594,49.53877872716948,Medium
7.116052461471427,7.242480326793814,3.8242139757814835,7,7,5.414565405952831,4.531209473896174,2.7586408174798045,60.599160450883474,42.19121675554581,Medium
5.708073698007604,12.165320644219594,4.631515638969513,4,6,4.992938732890151,4.279269363044133,4.459949557701563,62.06591363653371,69.80524254742362,Medium
9.284686115904485,8.861724838030074,4.588488875545604,1,8,5.2355221423658715,2.3367400047702414,6.681112522488516,56.56291802913481,49.001315789634305,Medium
7.8083650655269885,5.448634680008537,5.478783335332084,6,9,6.785996588852641,3.554970445122763,1.3483103265142802,50.750452779255816,41.18662498891899,Medium
5.444130768510315,7.742907413496086,3.0252511071920463,4,11,9.704344751892906,4.001681103022205,1.74975658101694,30.75748012443175,77.78178512430807,Low
6.714491982874588,6.696649755687169,6.174409984074534,2,10,8.877928053347212,3.3046171852824195,1.0483876452138432,35.448134543254554,68.10187905069273,Low
5.686572619922864,3.6112350603599515,8.494607301329356,3,16,8.876137632432592,3.4080173331979067,2.970346010712224,14.578392353518394,59.31138499224983,Low
4.925800403553496,11.19894188022758,6.270982744633524,2,8,7.330390597630997,4.0267511315190685,2.6469351897941675,45.154729439278974,84.75761828112162,Medium
8.389266321297463,9.406285084440007,9.082642289602642,4,8,1.1582887082720363,4.067311926373106,8.657269128662652,73.30615116810239,29.322701648316023,High
9.864124960705196,9.066414635798624,8.667996371753851,3,11,4.964144796448643,1.9597946615767743,2.6671422035062378,64.99361808529372,42.254844181775965,Medium
4.902148639271289,8.330807320599408,7.555470094495709,3,13,5.600136116570178,2.5626988767423575,6.950629232772585,28.719844186539245,63.97326651583973,Low
7.844453855035856,5.235964862615125,6.149371685273771,7,11,8.582421745230977,4.1247376865549645,2.0652322060483863,43.5912364052071,47.2239190014508,Medium
6.024036146317259,7.0327657208891265,6.0450007764908795,6,15,9.305578550311498,2.0457900312445685,6.342037932420804,18.25149860694026,67.0414109135726,Low
6.269311924352956,9.683561549568026,7.52759954472652,2,12,5.063912963101769,4.662375863924462,4.920581365334453,50.63103083198355,62.290534414551345,Medium
6.111409113641696,5.897559940434995,5.216658780991935,4,11,3.7041367007994177,4.355573099800088,4.678013041542897,47.511897498900865,38.682442108105974,Medium
5.704013845480276,2.9364613674983726,2.2349584970650724,2,14,4.036192322471676,4.58182482375164,8.709057034161537,26.07990406992706,34.84371450921454,Low
7.072782441917241,7.545787984438148,6.98400810820592,5,9,6.207960302448413,2.189199675195165,2.509475201191316,47.42782477248898,51.06667493032839,Medium
5.753574825383444,7.716484891944923,3.7378627401300575,1,11,3.4747476114676266,1.4204680416221773,6.356963424454998,36.511901354921065,51.30768997660009,Low
7.405685238669758,8.271126832829419,4.0757175436192306,3,12,9.196648531126673,1.4023625215019577,8.39677650301052,23.74295639848958,70.65245608185215,Low
6.924642835826295,9.457037287029072,6.000447895991576,4,6,4.767867828135129,3.2236301589566336,7.425071402449971,54.385541307900134,53.51019351417832,Medium
6.641577929700386,9.275211624462417,5.809750244893061,2,8,9.910577516194744,2.2223617628308348,9.850112390304947,23.202210977988354,82.97188471802583,Low
5.638654506937604,8.517539610487843,3.1758487873687393,0,11,1.9856372260567492,2.0540867340110593,1.0189528882234846,52.40243663019456,49.28225985101085,Medium
6.134843004147501,10.391062776173419,6.330983128266281,5,14,2.6909131084564186,1.8896215758785835,8.959233830653186,46.569085410751796,48.307011419466924,Medium
8.133086838738635,4.962060438373371,7.932279321722097,11,9,5.604316170845373,3.2483904419510674,6.521062206284404,51.63369016019514,23.00257413040413,Medium
7.751375781436571,9.00916362895478,3.7433168594684343,3,12,8.814748359203078,3.192380926977766,1.022360775887146,45.55529940779929,70.01036730078629,Medium
5.533667132802173,9.253076726673886,8.544966661697519,4,13,4.185577989313705,2.689250717967073,5.189444392361567,43.473721749292366,55.87459579222934,Medium
7.148998458143839,5.5208754278395205,2.879658349740112,4,8,8.53721086833878,1.5537601409361557,7.906936394251063,24.08832812308599,56.55699647468817,Low
8.127080685057683,4.994258782635221,10.234648288741907,0,7,4.829073278303329,4.7151792273571385,2.6429202559970575,55.70285212701798,39.58409255242296,Medium
4.495892078317942,6.508115747048797,5.177479139033033,2,9,8.676928315289075,2.71174384903212,7.106294633611558,14.264919307225258,75.94754484319036,Low
7.815040288569903,6.676917114969417,6.291233993653782,8,5,3.496882873377011,1.4945691797803526,2.25701578298905,64.11032924361454,25.85844339357935,Medium
6.00606436158123,9.50683892700486,2.21593285502866,3,15,5.247025728845369,1.1483157566201752,8.23107194910681,30.28534082341893,61.82884736033506,Low
7.855898002889739,6.770922432617811,5.875727867061383,1,15,3.5085818443095174,1.610373193564251,6.116170314891139,41.58144094312981,38.96724018838132,Medium
5.855111265186225,6.287302963437592,6.456964355436384,5,14,2.937011729572677,2.188504927056946,1.3049798739893137,46.42459652815648,35.612838266411714,Medium
4.292676849003222,6.776732526610882,5.827675791801011,4,8,4.790311482678581,3.5203740912871586,1.8178813674274297,41.46881353611086,55.05680548320061,Medium
4.558686343175256,10.237264668308423,4.8738378458952525,5,9,4.012360770011406,4.883742681324959,8.77478544702139,47.96794787902592,60.99274548861059,Medium
7.072127419992073,8.026086748753904,4.10687096294437,3,4,8.084322607041244,2.0882707040236803,1.2970127535020597,46.555111780285635,65.72464386920402,Medium
7.389583752582222,7.641497949286176,8.261053239074622,4,12,7.728747012937961,4.159217087325837,3.6868833900483375,43.99832199958446,59.36129796713649,Medium
5.643525062343388,7.7799890025978975,6.0616142699959,5,5,4.226980628527101,4.64554535185585,6.102206988175858,53.92044755358219,48.34462542453228,Medium
7.957888688166061,10.584120668653046,9.081504753033546,5,4,9.930465650698723,2.566290300209923,2.9209580233807495,52.033812871367005,76.71447827201493,Medium
4.50771990659656,6.501656546793516,4.947035290410154,4,8,9.764540333923613,2.0130943756991067,3.018089491617008,17.60977258139421,77.52964882293819,Low
6.900880302029025,10.631016581880207,5.130410613255566,3,9,9.260501299100232,2.964267598236542,7.984306104856833,35.452146936806706,81.81819156422875,Low
5.183475700356315,8.420992597843007,7.631188489192326,2,11,6.27857193698691,4.586848392829237,3.6189512588084414,40.29709166151066,68.26646086218227,Medium
6.022245838296762,7.679161236049304,2.754050075992872,6,11,4.710796676554782,1.0439274725578733,1.3472465452869251,45.003892320969456,46.88143167222022,Medium
7.071098006974621,13.001800995868564,3.573073279694154,6,5,3.817206539581622,2.946525907768419,7.490096200056463,69.70869502333218,57.58183528327086,Medium
5.709379952074071,5.888721020402807,8.194969942706328,9,11,1.135288620412374,4.030381047620544,9.589293625373667,51.207843234364205,18.57014393398081,Medium
6.423166683655262,7.292628480865988,3.6561321415536105,2,9,6.686260586432677,3.4045217166367445,8.487405789482764,33.24597923867352,60.79157047047181,Low
8.509439213821661,5.535137521672,2.3618979693949047,4,9,5.978457189176751,2.989357534018033,5.937058265275584,46.62962605984626,38.212486381179794,Medium
6.134662195715277,9.904923941072338,9.737054376146181,3,8,6.6688436400768465,3.2144528056801445,4.823953777367882,45.5862934179453,69.7185970567459,Medium
8.253538168097712,11.378377867303358,3.212364704251589,6,8,6.183594211923057,3.476926631871353,9.326486537990611,58.88310134916209,58.14214111284568,Medium
5.305439718013573,11.339845562809277,6.368238796656339,8,5,2.2394434733219932,3.7283006177016937,7.896028944863839,65.90200449949192,47.62418051858789,Medium
7.794706266872924,10.447897506292009,6.138170385448542,1,8,7.258414510764052,2.4247423454516612,6.1359151711150295,46.87108780815035,71.1625408080637,Medium
9.16235293098685,7.604759064408069,1.0,5,7,4.243921972482745,3.0694981877510856,8.918400870221301,60.200233290147274,32.674363724493915,Medium
3.292533249809066,7.269518045020307,5.465365953664382,2,15,5.646653498350963,2.09428085391829,6.415411271299943,13.934399876604568,69.04691942412458,Low
5.804657116794285,4.65766045501187,6.8968264989582195,3,10,4.290883963624832,4.93596020989896,9.761542008418958,34.66351540916997,40.15567159288176,Low
7.86560819077081,12.071747070363585,6.708618763037721,1,11,1.1979988320063675,1.7491522687096697,8.724614304655923,63.955346459387826,47.09586465104979,Medium
6.695431920935511,8.937956156296936,7.807041367607003,3,6,8.88898439182865,1.6026289042833017,5.954007076259553,33.40902770855026,74.64640194719703,Low
7.556718810056963,7.016086190261034,5.225017370189132,8,10,2.3386009896484885,2.075289102966383,9.305525886536344,53.66472524667414,22.532121919721373,Medium
6.094022219926269,10.656113777973935,7.425008884184321,5,11,6.239557564946689,4.680217002030783,4.0819505831567655,53.443334747883064,66.87090393580716,Medium
7.12988468120935,6.0544709664799985,4.621341863839856,4,16,8.948179122518175,3.6354242323390853,7.308343192213888,23.007938422995274,60.61944374063235,Low
6.766484146911881,8.813244068445348,3.17906516717445,9,12,2.991963246612669,2.8237101027338007,2.54148042524281,63.52365651524373,33.90498938358998,Medium
8.75167309248971,7.654741731418331,3.404543248637535,3,11,4.708132593659859,4.701581630279136,9.058284235525011,55.22619416981897,40.57973685866202,Medium
7.381631264951819,9.277354279760601,3.0757790896091706,2,16,4.3995878371142405,4.600588770010761,3.2324513489975706,55.964109851456236,52.75987943564914,Medium
7.506403993112803,7.872852921627757,8.019171935782389,7,8,1.802984323868289,2.606370023741137,9.541292604640125,59.801686696803436,25.113120638814618,Medium
6.382184550816299,5.098144217777552,2.970852981882887,1,12,4.811655437172475,3.2545638524927694,1.1529231161273068,40.831436553502954,45.532742975656866,Medium
6.26859066389126,8.151152745340076,6.548077681298606,2,7,5.315306375192294,4.621495927834305,7.136532070627599,47.40027578151955,57.887578067234614,Medium
6.351162718270569,10.097728283750724,5.468151611855134,0,13,1.2393759887857008,2.2775946495788637,2.3505055273140067,59.350419033618515,48.3766036665347,Medium
7.591678213567445,7.941567188292029,5.794702853098737,2,14,5.3932938165910285,2.6301489255877644,7.937303249668699,38.85937778735806,51.81810287100834,Low
6.368523278769605,9.550230243178172,8.727214590399399,6,7,1.8444711478779845,4.172058379419424,5.427153372641983,69.23220259587485,38.21560204163384,Medium
7.434662285344619,5.908941028651894,5.123145265569454,2,14,9.032163934207283,3.7945553814264987,9.186852273077518,21.501185536847778,62.867616414915716,Low
10.0,7.947478413460296,7.223203123099367,5,13,6.851419732133818,1.1946015679867306,7.435622887430295,46.42130523119265,43.13408942355428,Medium
8.306687055147538,6.750979089822845,6.0751267027622236,7,9,1.507842393272184,1.469505746151857,7.914393897836471,60.066889553808636,16.099981695218606,Medium
6.510964701748239,9.49396168020942,5.695962188734605,5,13,8.443387162652598,4.38505551255284,2.0843143226217036,44.834550989978,71.61788345512056,Medium
8.801820883245917,8.062983124523992,10.599938248772947,4,7,4.254395044588437,1.1189549506636025,1.8690508930358851,63.295637254862626,37.800240614436895,Medium
6.387886940467673,9.380147352673225,3.1173165085692607,2,8,3.0305542528773395,4.6797168222277525,8.655019346680298,56.15156379728141,50.68710454877432,Medium
3.942813197233219,10.175420852315732,8.57826367087489,4,14,3.285290945114342,2.0870110093414898,3.0319645922426797,41.36023190025063,61.68186541669913,Medium
5.487870533623894,9.383237150242778,7.3128131309799445,4,3,6.379467286285071,3.3935167295964748,8.802476434712606,42.5651809924309,67.31564907043865,Medium
4.193812118461216,8.546236868587288,5.040950010736432,5,7,1.7339764118648633,3.2583235371686894,2.282843237298798,56.945647771000296,45.15596614846612,Medium
6.4727297739380365,6.0035754829771895,9.258637034883224,4,5,1.5287062263204567,2.585015024631063,3.776061525884286,59.49731192849722,26.84641148956431,Medium
7.027627568784328,7.994427778666197,2.3037797752229268,2,3,6.647617419179041,1.1257476944368778,9.358648563341992,36.07588480139416,60.589417261509624,Low
9.514655968412924,6.933819195968334,4.956466685401857,7,7,9.837185224628735,1.7698850431817381,8.557460497733256,38.890929673753774,52.458342101423064,Low
7.490391060646244,7.3118720865915465,3.5830355914618477,5,11,5.350855728605898,3.4598939433343747,1.4881837951496353,55.447949552240516,44.20694968460797,Medium
6.6713492067867035,7.250931698499498,6.82416692974292,6,10,4.719549943213191,2.7854910908363286,5.032877592566473,47.90706142082509,42.56139247580123,Medium
8.244108371775233,6.040148850435511,3.773871797625645,1,10,9.52477932471345,2.655348184075693,9.188810579292495,23.780893465718638,64.13242279895628,Low
3.683297036488172,4.085322821732021,6.866127893482638,2,9,3.1689152298061636,1.3908116031585944,1.132820579126026,28.732471547510833,43.49226991787363,Low
7.353421837162849,6.663713903344466,5.627127168356892,5,14,3.1648692982142674,2.3885097009847165,1.9658753809134015,53.82803045602667,31.68304410995095,Medium
8.15629779083045,8.386758903848317,5.041292114687831,5,16,9.14604501754599,3.1057222082370743,6.806762965409981,33.6714581590058,63.9266112290009,Low
4.782120631330238,5.30364590914502,6.777294492066621,6,14,6.822380616390663,1.3107709397696454,1.9448513461207877,21.879284332226767,53.82510555736837,Low
8.715631064810394,8.031364472943249,5.462756752123871,4,11,1.4840540954888677,1.266783010487874,5.039544260263693,64.18884450881832,24.45990057681952,Medium
7.5077446112416215,11.80053684862193,3.8227303138819226,3,9,7.065796671284003,2.9662135328754977,5.570405037251835,53.099049557162346,72.74726927915646,Medium
6.377068129148798,10.046113110504479,11.602745979269958,2,10,8.380283871308562,3.245008695363445,8.742286571563346,32.084197926605476,79.43555539821594,Low
7.949172799159427,11.28708301824106,5.025665633941711,4,16,3.465579859677667,2.030566018502418,9.616517382583153,51.7174030640115,49.45595110753796,Medium
10.0,8.782255753865453,1.5647818396959705,5,14,4.446035868533645,2.3030653878625635,5.610078531527309,62.33402033412858,34.403073713942554,Medium
7.272799382587743,10.335019645972892,4.315802620557223,1,12,2.7790895610268747,4.187481698154551,5.59324289534484,62.08742258929889,51.007978379093124,Medium
7.372330879450504,6.552070539064426,3.4654466232545396,9,10,6.700116425336593,4.476944095996528,7.541158046406137,47.02576388818365,41.17792314258542,Medium
6.310958650689634,6.711319465956032,7.652291232081032,5,8,6.977753822747226,2.300914746641286,2.7325595498329767,39.67147983049921,55.04397844865986,Low
5.725233445802813,2.5217195877250544,6.643305319183172,8,11,1.6168224827617492,2.4228582571322486,9.467726865758037,35.19872073074611,10.313692479630483,Low
8.245503724816368,10.372290948084597,6.797425603580688,6,11,7.0993418582718935,4.321306229123819,1.0107903200785295,65.26697143723929,58.96755902963997,Medium
5.715874261136699,11.080647959639773,5.259955068325511,3,12,6.926091257363743,4.895338005644437,1.0161448306505914,52.433349830401674,77.10597627091336,Medium
7.107349355829089,6.89364550930546,5.441299505886157,6,9,1.316210125807174,2.2823727811881835,6.630997256230125,58.42588131804203,22.674311336157576,Medium
6.283513829852325,7.49209658720553,5.258137792784663,5,10,5.998330685213846,4.154906284880548,4.073362230526914,46.614708108160656,53.22924470930307,Medium
7.7184697386195875,6.492275772618077,5.83761363172906,6,13,6.525445902270988,2.918769475499161,4.58303716268251,42.89181061455798,44.13493513075987,Medium
7.500493157930422,8.765307102954983,7.67066687072967,10,8,4.871400914636531,2.05491218257925,2.992934582716002,62.48995651914778,37.95927924722501,Medium
8.556309916386848,10.249865090606482,6.672150825010693,1,7,9.111854580359168,3.727140786225589,4.670221576737344,50.88939098619043,76.25851402308004,Medium
6.23497540171788,4.514456052237918,7.000225659241734,6,8,3.95532387457409,2.8502015073424056,8.451848290804207,38.41984052010944,30.61406475136393,Low
6.595187597059943,8.818877061284505,6.999117816498406,3,7,1.6046053480166105,2.072649757996028,7.293245033712575,57.01581374197324,38.89418037327346,Medium
5.5318544263265395,7.446656456561709,7.768884874763476,4,9,7.046676954735897,1.428918575576561,1.851883802587604,33.95479250294675,63.2737017712509,Low
6.333560109885832,8.22678878393338,6.576300083080509,7,7,6.446982271089876,4.4678176552595446,1.5101185478244208,57.14205264053924,54.23949746522292,Medium
7.5659507395672785,8.917988003348581,6.717696145357838,6,10,9.901526595246658,4.514671213714497,5.555735177291724,42.70177305668466,70.28340917893905,Medium
8.135482924968027,7.623595122454358,8.377612482386313,3,12,3.081774528786357,1.2998470236551691,7.57144867029734,48.6426802141249,35.13026852443939,Medium
5.616752013733562,7.792826293188439,4.669908163993776,5,5,4.559449477724293,3.6535814824329758,6.980401621867764,48.23931505771875,50.13824514279618,Medium
8.30440888015849,7.572249664890722,4.288514840096986,5,15,5.150618172645847,1.650309722459797,8.777032243359276,40.17844176408523,40.68755680260599,Medium
9.033456788207427,9.940632403576563,3.628156801626288,7,12,8.753570984678607,3.585280320678403,2.199381560728543,58.194273334943425,60.272947989024296,Medium
7.620152354835551,8.837519920254993,6.365829127240512,3,6,4.7311119255619145,4.630468774241476,6.45177373190002,61.27193565327874,49.903727071138725,Medium
9.815193718837099,8.441167075474722,2.2925355175617534,5,11,7.949334920724714,2.0408587608886344,7.894130925970024,46.74682290920546,51.13193336146643,Medium
5.839316201344641,5.458096557815434,6.924308192119355,5,9,2.4124845386913067,2.3917169311071858,9.440567092271106,39.36238111893121,30.05512320581628,Low
5.133017945032874,7.242840513573691,5.781613810998895,6,10,4.688059543706968,4.180519836713093,1.9079473364622475,49.20588950156561,48.98209906303082,Medium
4.331919626643582,9.797338320678348,8.269279399642114,6,11,2.3947970348437044,3.9414951709732997,3.156776656496076,56.17301670915585,50.569863780351454,Medium
9.244066467233775,8.075393146247846,4.656165379070019,2,13,9.547109784469173,2.6346211378216564,4.191322889465756,39.56513772663583,65.5986338228178,Low
7.9815484845310865,9.319062939178277,5.593363429164986,3,12,2.5998157392260874,4.394192317110451,5.866753825468374,66.01327664066481,39.66597187221475,Medium
6.916622993634317,11.533023600655268,8.244406666586737,5,10,4.771654601953927,4.682341911325191,4.677509749657456,65.25405409894064,59.363223920526174,Medium
7.419952939479731,10.077212138417632,8.766271293556304,8,7,1.7403465066398618,2.8105745538703366,8.75005555613657,69.09957652760512,31.44940341112685,Medium
5.311766429052435,8.186316675399485,4.63969526849636,4,8,9.292451697982736,1.15780641041558,9.554742440938405,15.068305700263766,77.96080540300004,Low
10.0,6.978021659608546,6.36356246517432,4,7,6.614368906922208,3.037759912188511,1.630707906449914,64.45311559168422,40.243167309645195,Medium
7.193831772962842,2.8929008078882035,6.5888379553680965,3,11,9.662106363229427,3.9587298381513607,7.297125690768853,17.79940369214692,54.05288653285355,Low
7.164092191907339,7.663230155054295,6.7473068112422965,4,10,1.380444716995985,1.88014296991093,2.0284598687392847,63.209019870978835,29.258381650759453,Medium
8.088649935848037,7.347975008366301,5.474848681368756,4,8,2.5748065805877376,1.3977212824263328,9.081596385431858,52.60777689784685,29.98919217994868,Medium
7.7215138476050695,8.780732388790751,8.56276679624727,7,17,4.420439439817265,2.1408585742280657,2.2788868910068922,54.36566682189512,40.3745714769962,Medium
7.335826036418697,7.692189546050625,2.2205930327569092,7,10,6.592239114360792,1.0463475547054522,9.923600876941014,33.923042224776566,48.68146856997812,Low
5.814288316832032,7.359229881126411,5.157739530397832,4,9,3.9656590576481614,3.861886918670211,4.849751907408798,49.059861195817184,46.620756026496004,Medium
7.707202535703994,4.441202138985559,6.895861465545893,3,12,7.406866183585516,1.5842734628905788,4.437431943856786,28.52792569546111,46.480349201192375,Low
9.82303674471255,6.120064341699867,6.914449623898687,2,8,2.4861659219349965,3.8945960883681945,6.276524359237719,68.5625361204122,21.268671260428064,Medium
9.018130069232466,8.953302081601114,8.705518061229526,3,11,6.405729027203884,1.9381919703478134,4.549207928431093,52.273041550743805,52.54478430970975,Medium
9.389779939959094,11.431815262265388,8.396450786402575,5,10,4.581695599371459,4.968248435130762,3.1122424601112817,81.58963601994127,47.43983318927981,High
6.233176485353223,7.804949232508753,5.428916749385553,6,9,5.574168808286681,3.127181528267008,6.662294597748031,43.59808133625737,50.67526698671519,Medium
5.5155927696121285,8.655622147148247,8.59974248706121,2,9,6.12669754963796,1.1653554240060786,7.555272387040611,28.655759562506965,66.95872452813035,Low
6.8113196198505275,9.904956313905611,4.571916512445091,2,14,1.5390629223436605,4.090715509986586,9.507894446823453,55.74590299787955,43.48173485665035,Medium
7.083587368433042,6.3782121275995,7.861774765583675,3,7,9.316218351491784,2.6403609805219883,4.6820674682115575,31.433624319121662,65.65576109890692,Low
8.641287277706423,8.733628086570885,9.621044956841986,1,10,8.074826516361345,3.4292851531264295,7.351956419772584,43.068424464546254,65.22484234530064,Medium
4.461303055427771,6.519019787335683,8.429888213709939,3,11,4.982102098657519,4.804852891351787,8.502431648877412,30.58832607123194,56.16558030417196,Low
9.29432547919092,9.729648876982022,6.2115407670482465,4,11,5.927225485846783,3.069079087381912,8.482454342812378,55.839361416285016,50.027917129915224,Medium
6.762988152131516,8.302806095903465,5.336442456455756,4,15,1.292820427245566,4.217505460307153,1.308431247218081,66.26721698075988,32.90439326992574,Medium
6.35967839507887,8.59690362796288,2.9428174074814275,5,9,5.481526001572309,2.2111712691635246,4.2013208802896775,46.541646036436916,54.43222628292562,Medium
5.481843437109749,6.434802805162822,6.621079275828408,6,12,4.836843471478686,3.8580841737709375,1.1207652324964847,46.56569902771249,45.24068099556369,Medium
4.517714992201346,9.41406471922157,3.7695655440581617,4,6,4.370367402271441,1.3972920174448373,6.031719286530689,39.934032326622784,61.73594187948347,Low
8.234755875942872,12.169425842462033,4.413730672772126,6,10,8.338169202738797,4.573396219849458,8.785813834903744,55.24780574102397,71.70651789056872,Medium
7.109976950782606,5.984176609143588,3.618508398526657,6,11,2.637319370707285,1.79898962943573,8.33426230184504,45.252277116631454,25.79863470629642,Medium
5.065058650388419,7.320481984704952,5.0792153346866895,2,8,2.586792245806075,2.2077181389013165,8.301246154357006,38.679230151428044,46.609215879544166,Low
5.057381841904576,8.463214948336184,5.944061171026036,3,5,5.695100434880113,4.832847525345688,4.166523980537374,48.91688656954103,64.26003599135038,Medium
6.4963229510648075,9.572812423991634,6.54722916233141,5,10,7.184294459649423,1.620854369127985,1.4169668933863866,45.07898341595584,65.79258127330415,Medium
9.503532287934089,6.880907429421062,4.798986729172073,1,7,1.2019647655779804,2.0176390379278213,2.5517594948836204,73.42293535851101,20.97914673405575,High
6.610612972954593,2.33393941971452,8.138567412790366,5,18,5.912564412204721,3.320717192784521,7.036222231073573,20.13704063085525,32.42067305135713,Low
4.7452855703228405,10.71837898832805,5.583589484020068,9,7,3.6882921585585597,4.922775996721131,2.2045851502033984,67.63455808225086,53.011487115803554,Medium
6.631385403871084,9.521012239168286,4.424555133468962,9,15,7.811933662189025,3.765677898263689,2.1279553097835464,47.85594199668659,60.74136955532159,Medium
6.590914645378494,4.514104939026669,6.452584534486872,3,7,5.219847162789492,1.4567603000403233,4.183077152014527,35.942220929759834,40.80987782312304,Low
3.0,6.784862416440888,9.927105667087632,2,11,8.506677385519371,3.9924686092013526,1.8508134513658694,17.876497779925522,82.5534097943324,Low
6.918557700223282,11.136364859054652,6.670321133070235,5,12,4.572783779682666,2.704861858145317,3.9680572793061297,57.94215741514898,56.91925836474101,Medium
6.653598204686983,10.895592836915732,5.274288745252786,4,9,8.443805938968689,4.969315763442252,9.727233883523029,42.28371325037319,78.00599172888363,Medium
8.044309547220127,9.877280045357889,2.945077287762592,5,5,7.448563757927587,3.5148682405239904,1.1795599790628803,64.10363629529722,61.56340032321134,Medium
9.773434142418019,7.647775132080275,5.561175358055859,5,8,8.45431648111471,3.127823580370569,8.474885264965284,48.208397251681006,50.86929754908538,Medium
8.689847544321637,8.16597483762502,6.469856250176231,6,8,8.311784168949996,3.2290606255113876,9.942594967129343,43.58730110109364,54.889379203991076,Medium
6.596666964167754,7.738148389747747,5.22483821748886,1,10,5.377279766349903,3.566247243158301,4.927647467058902,43.86251465460837,57.10321183516572,Medium
5.340211136887494,10.256479566537674,2.669230723518001,8,9,4.312822673069215,3.927317110716256,9.48749831868744,49.97697906587621,53.66188970446003,Medium
10.0,6.24831518700978,4.298869220993132,6,18,7.886303567920742,1.3132873409042212,3.3503038162962655,40.91660926408399,40.118798639137324,Medium
7.088827651021733,6.388400690231591,8.909076921775515,1,11,4.253716691046454,1.5226780792383066,9.840675711242943,32.12807033930248,44.5093450443974,Low
7.0208939378694195,10.02054917367203,8.868002007460921,3,11,1.8045691334745246,2.201910902081839,8.753961798488652,55.61514994376767,42.47002750175976,Medium
6.963812369334995,7.911277088976877,4.226721661590804,6,7,8.72960182666192,2.911817299088037,8.962278130385787,34.1737235341785,63.41319355987389,Low
7.297127141151782,10.756934710907617,7.345513574398844,9,9,4.574784131751609,2.2442695897392797,2.173585229333053,67.39320834139806,46.546757233136724,Medium
6.783459382114087,6.656975586038909,3.6428544304596526,3,8,2.1934355568676187,1.8553525162548579,8.830561760608937,46.30257330100409,33.01887301387023,Medium
6.139506989679646,7.89044327932235,8.808632563989905,4,7,6.818291314209551,4.700118833533159,9.476406916036565,39.39605033055312,61.177230916417656,Low
6.179711588139412,6.155174030312093,6.4904716957884725,5,10,9.007959230481754,1.1304021372975734,8.371431811899958,16.039601453404142,63.522954604430915,Low
6.950870094676002,8.014725362847134,7.899282997233067,4,7,8.74868968902545,4.754792682653122,1.8222762092237872,48.85644494796348,67.62338592537735,Medium
6.184862843299353,5.042906126002402,2.569813305634922,1,9,5.990021386531044,4.628969257866217,1.7629896916492687,41.81171180469319,51.958910107016365,Medium
5.930731325984254,7.024733158090075,7.355274203849776,0,9,1.7926400531556599,3.735126999627514,4.218453942639265,53.064442676794876,41.587265432999956,Medium
7.159645341537845,5.127492270143764,5.984651872630993,4,11,7.26942773672838,1.1301383277187416,7.34433100577974,24.17015312728361,48.84253457541274,Low
6.617534173868717,9.387846466382516,7.703858141581685,1,11,6.479458301382236,1.9014222463314927,1.1120754535044928,43.964554951953836,68.49328953525162,Medium
9.255989482874032,9.433178679519303,7.829735596195699,3,13,2.891335050453105,4.916402494701989,9.555811715772649,66.69827170167697,36.04446549622987,Medium
3.023545287410482,4.5394745390313105,6.131569378949499,3,11,9.104862306893985,4.623801460348467,5.7290433950209,7.132013917864401,75.28390615818196,Low
8.637260277883692,10.667771491001146,4.79834072180817,3,5,1.7800096351216097,4.8582878439640105,4.22535198415204,86.83645128717203,37.79139033889693,High
8.869127788746443,12.994830252839709,7.559392364358988,5,15,4.357344326992945,4.984492639295688,6.051060362714904,74.15938539776118,54.326701778478316,High
3.889914651387776,8.092012773472682,5.8796910011897445,4,12,1.8507974781399095,1.255549865179705,7.442075770064323,33.63169974109397,47.20249246841235,Low
6.485968608879476,6.71777147955071,4.254430092944715,3,9,9.207503709655173,3.283450145903085,3.4595117895927086,31.43812830795068,68.93790738966601,Low
6.442838701006313,13.648661182006093,4.1596955370846285,3,13,1.3184571619852479,4.336550444881027,3.620112825050768,76.04181916462782,55.918966740608965,High
4.888732457923268,5.3620630033949785,3.045671167375237,3,10,4.8318829914156405,2.2788358631375427,5.213591649211171,28.672739767445393,49.33535401335721,Low
5.833274968613687,8.040212933738196,4.9794176808738735,1,9,8.756008180063551,2.74223488901441,7.0293765390416905,23.92040597516461,78.07199148893118,Low
5.334136231801256,8.359244545263847,8.205384092148757,7,7,3.262441051920023,2.1349545946219273,7.357333014296153,47.64777462232827,43.39159226688389,Medium
9.628405665135434,10.69029524090483,6.355659599410869,6,12,1.9451104350561566,1.1522885431975873,3.9165097548127625,76.39059428314488,28.908465220127923,High
8.403517589721192,8.719477950253577,4.940464588153919,5,8,2.143038984235332,1.290853369486745,3.9024240350338055,67.90005190283172,29.725934066296734,Medium
8.907332642491237,7.002732208423097,7.609711876360159,9,4,4.644415847891345,1.085767078501854,5.38397871555771,62.41658028079762,26.15844947171917,Medium
8.082508096064853,6.097631259224087,4.335046756553222,9,8,4.8572367336380164,3.108977795744457,5.877295305394799,56.48658570549833,27.413249128086193,Medium
5.306422343174156,7.316356359507729,6.190700548665557,3,12,7.462692436236367,3.4736923328721367,6.844727214453445,25.50871087112916,67.6435918269648,Low
6.21321960058034,5.986145278109712,5.640739254548969,3,13,3.1413579765835444,2.2308067300279832,6.5593871352990245,37.80644227976412,37.64989365398122,Low
7.734061841841877,8.095650639569365,7.558261251176704,10,18,7.3165571163503,4.304594148567857,4.352660956060209,47.818623458544884,46.49028789874297,Medium
5.166808286662082,6.871607640279027,2.8455432581609985,6,7,9.990783811473129,4.552053405204122,3.671981112398487,30.962278975135582,73.49121602468882,Low
8.069497645258583,5.011924413420498,4.299604508370688,6,16,8.778257856381591,1.5589932209372384,3.771290720181525,26.85359363338903,48.23423171795724,Low
6.639511902762798,10.510291576749808,2.723508681810933,6,9,6.720169066279985,1.2076978509677776,6.808609519331265,42.377871342905124,64.51035295482765,Medium
6.437768788675604,7.004654953141921,5.48080655638146,5,5,9.459212509477899,2.2775224521146464,4.898327989432152,31.866591196391088,67.75554916909874,Low
8.066439952305238,5.463726390049375,8.422855007264861,3,9,9.919982552114261,3.851950129785217,2.209144260670701,37.421809190983055,61.03290267226485,Low
7.66639496722906,7.663481731024917,4.989105580692946,7,10,6.1324650222499395,3.0296955652438675,1.0533075321362741,56.863614302425766,44.90037202876098,Medium
6.45855075127138,8.136743131935317,4.978632123608699,5,12,3.4626711315390817,2.952359989398914,1.267096276591007,56.7977141013705,42.407697682821635,Medium
8.738994705046371,4.507066548841933,7.743448848368272,8,5,9.23484933638265,1.6096415937997577,8.807647123891549,33.07240776978274,42.06191325672995,Low
5.378405008600154,8.663295334251526,8.1370991169106,5,6,8.597752980288563,2.405816473753523,5.120444902424245,32.803394133210205,74.18107932183916,Low
7.923903410416395,5.905684862619471,5.82285786546242,1,10,1.7615013535349737,4.835565033334814,6.916844835937699,59.73936653459479,26.918054706697102,Medium
7.889651886952576,11.422057618381576,7.369429708099784,8,9,9.427372316040103,2.3622417560740803,9.361337465159489,43.08251316028072,72.1022321591114,Medium
6.535680341029015,9.047921024153469,3.846090918244107,1,6,4.295978534846786,3.3657296502003673,2.136518686687184,58.51780679503915,56.879411468384234,Medium
7.489199533363177,7.2002000197813665,8.755948667850827,2,11,3.898773179609494,1.233395596327711,5.028543058440192,45.0303707069701,42.19609359684766,Medium
5.123329635422046,6.509664459365299,10.297412587874103,5,7,4.089424214477235,1.255417031430528,5.851606571907832,36.45388715721635,45.22805314578053,Low
8.386040528810351,7.790064584872752,7.04243158237745,5,12,3.880164834747323,2.6970159699314347,8.573814165103986,52.28376879942618,34.90456895467497,Medium
6.722646795335517,9.225581483166579,1.831336757314399,5,10,5.644226615600748,3.416449425818764,9.943465821594657,43.29123980053935,55.9858372546543,Medium
6.215915469221441,7.949011742829601,4.883539475204431,6,12,6.2179634959436125,2.4893641732827057,7.405106379920418,35.414469639756405,54.43866004005532,Low
8.573513838755334,7.565682385726287,7.225650643338643,12,9,4.83071893682013,1.7160543035208642,6.776506926941996,59.236274458919894,25.057355595697352,Medium
5.943484464185861,8.116740581635792,5.157034005667274,4,13,4.713210614804532,3.943829260663155,9.282812764365051,38.348388981535,52.52209127114046,Low
4.88730805545466,6.79228213752609,8.544397108500196,3,5,7.635824151629789,1.5601752677261773,8.536428216551016,20.102279230295274,68.36394346032628,Low
4.665056239714144,7.313588146313925,7.17631452887173,4,15,1.027247844501308,3.672066978741794,8.785397480901173,40.83367756141083,36.968385823582324,Medium
7.909014927018459,3.828415122189992,4.587048998468407,1,8,9.521978153988671,4.826937953107375,1.024351522033307,37.64641844756252,57.417720453411945,Low
5.079355971255575,9.947452461704735,6.064529621542506,4,7,7.4299029052257675,2.8821474334003923,5.629888823828651,37.36932629519363,76.30058439280762,Low
9.632191272976547,8.597595560643525,4.21233355872182,7,12,7.365272757250759,1.8017347144488225,8.044557106467895,48.358857925097126,45.94713821184192,Medium
3.877105888174417,6.45308831193314,5.6348302431751165,2,10,4.797670295877267,4.3679271934159445,2.6331141022812963,35.75261016361051,59.366372711313154,Low
9.544684552435058,11.797469962710478,4.8908135191348965,2,14,9.69208139474454,3.021904787231715,7.7630706244275025,44.782788037172764,78.7174209543965,Medium
7.316526200803928,8.174032960784773,8.349523600466076,1,6,1.0029090851273255,4.69288806066969,1.0824413648714164,77.74025792365497,34.15156923642461,High
6.854930332194411,5.927712856049606,10.23202411366199,4,9,1.6883326910442504,3.8823443014928314,6.176500220122696,56.89516989618982,25.70948101849404,Medium
6.182621369786576,9.713474842940917,3.137623333528496,4,9,8.236578728277088,2.7224384234385024,8.661953079940071,32.34167948482358,74.66084118285299,Low
7.598704171528106,8.796096433018525,2.1535674275804957,2,11,7.648307930212477,3.469537124229756,4.882135224028117,43.3357484505233,65.99814945961188,Medium
6.943547946362727,8.789159970968438,5.509655156297229,7,13,3.4421994654793204,1.6798576805487055,7.655072749443738,48.34357462852451,38.94565960105262,Medium
8.654952823024782,7.148488790696819,2.963168602342635,5,5,6.352838921158167,2.548921626995794,5.773588029197825,54.16670047898906,43.522199405525214,Medium
7.17134147299306,8.90099144755607,6.0924232073418345,4,6,5.788475660662856,3.3754850946023485,6.825618805782558,51.95920265493504,55.41269404776086,Medium
7.225452642192816,7.476483419557811,7.497872227611854,5,13,5.7440326973823295,3.360167401005865,5.650011242879709,44.37797816679338,47.87962042382185,Medium
6.454581681679216,9.111882903291685,8.98828379453365,4,10,6.36005173948038,3.348861467208072,5.2825306893931,44.986483258696445,62.07103853243534,Medium
6.914581564418399,4.190111091978722,6.4027891174305624,7,9,9.943617673114222,3.9741443063181827,8.574639216518907,22.900895612305796,54.046816364600716,Low
7.461702653338088,7.132253074041622,5.613689550300842,5,7,9.886104488780758,1.422613539563189,1.8346886703017151,35.92949870243481,65.9235159104419,Low
4.434747411015062,11.444310195616389,2.0432301668538315,5,9,9.83513524811467,1.2946283521762587,6.261861568159279,22.437535520682047,94.53942418976834,Low
4.9777218668414305,6.465865089199399,6.052370298371597,5,17,5.938159518523334,1.5920828800547886,2.033294390180217,25.65021857335113,54.76377495035386,Low
8.114896141034073,6.792323405013627,6.142574521098924,2,15,3.862845036121015,4.169577241164695,6.0652712048059145,50.63934295453759,37.832206486638924,Medium
7.256298157191913,7.10407732310005,7.277913628425491,3,7,6.040990345922317,1.259414987145993,9.672364384135502,34.00225860998664,51.514049332304566,Low
6.724024995470981,5.570387728222713,4.583023796941818,5,13,6.6041964401203685,1.9009419137614652,1.5138810191016883,35.73512948218082,47.23847851989234,Low
7.02765089959809,3.5834384475434957,5.12989479952828,3,14,3.8029426186249085,2.0191040220999468,4.798061228767537,34.49167009864953,28.55687925904774,Low
7.521372558042507,7.538827202952774,3.0439954893916314,3,12,6.69498323471865,3.5890064894522506,8.217740802484723,38.39089834507948,55.18504488956053,Low
6.190360479535958,8.271718848163314,1.4174143862318695,2,5,6.5979484618542825,2.6065181047283743,4.327224115332781,42.8931064581328,64.96109624186971,Medium
5.832542911896531,7.894989862922696,3.7830058184064335,5,13,9.131242710984655,1.7959728936871548,5.682832907176009,21.366307446120043,72.02146272893245,Low
7.293767882646522,7.7102428761042265,2.859348371493967,4,6,3.1384327406086445,2.7981538230942156,2.0323702619330337,64.60014407478447,37.50105582035974,Medium
5.532440833577452,8.086081741700776,6.673424590841222,8,13,7.278488432140913,3.741805422499255,3.007659477154526,40.08210416549158,59.40143381628341,Medium
7.612379133571707,10.045682943101529,4.963731886666285,7,15,5.056852357847208,4.144207480019887,7.177826849056981,55.43972754509839,48.62135463215045,Medium
4.44612459364324,7.619107628141567,4.9235257398504215,0,10,2.1692410721959883,1.4955327493290969,8.45728798613134,31.261951402508508,51.997021640627686,Low
8.543733455988466,6.8518348458254605,4.031173907649576,5,11,3.845644059820397,3.8588623934426773,6.8181071469929755,58.091855819156976,30.605187918529786,Medium
7.708896223619565,7.437749030223827,1.0,7,9,1.5154933100232613,1.0180906330307606,8.532287915307062,56.408079045776795,21.231691481206138,Medium
7.384044601470814,9.158693519513552,9.016621497495102,2,8,3.8739954866709936,3.8972946716090218,6.450917204567779,58.63921595737472,49.73373926153694,Medium
8.474036475918272,10.8240537570865,3.9994589544464234,8,8,1.6211228254883476,3.6440154612702043,8.291873880418445,79.05674177504281,29.087100930912257,High
9.498211666693866,6.743712521661643,5.175159860300186,3,6,9.329005503080184,2.8746663140633206,9.845981208432516,38.48487508854223,56.6961631825347,Low
8.521555097527196,8.197867574057767,3.090215669421379,2,8,1.9157136101176335,1.5474931185448328,1.745422607241471,69.0112408562374,31.7043549918713,Medium
4.238688653002532,8.67671488387192,7.943860686881267,7,11,8.35607224417226,4.058196015488969,5.316846671167388,29.57719409546293,74.25780376498075,Low
5.080634549896448,6.014843986542354,6.286857874074649,3,13,9.155137693325619,1.2870123550094892,2.7090339971745028,13.58883346520981,72.12797092059432,Low
6.062772133456482,8.040834334425837,4.347269429468263,4,11,5.209035021953494,4.582274455010939,5.1870569285315815,47.27109892654614,54.1635685944966,Medium
7.039136575316251,5.06865228531581,5.215540777311952,6,5,1.4853359440139662,4.093841467846245,5.496280703486694,64.19122722226088,17.08066922757415,Medium
7.776488530703684,4.461899392521202,9.35635984424974,7,8,6.3620711508319205,3.9638539781830433,6.597291485851759,44.83352804512683,33.77174276125083,Medium
5.911384280269802,8.733492815784514,5.854061136237443,3,9,3.1129154538080384,4.017576960812781,4.9536818828487235,55.41382431108711,48.91720209407947,Medium
7.280150146715617,7.232250517338434,5.636532924768188,2,7,2.5899256330476477,1.2702929568328774,3.922411849859812,54.62300825128479,36.78912062577019,Medium
5.866925601470016,8.404560815242439,4.11723702772147,7,8,6.100875008656166,4.959796337719225,1.3885146585321033,57.12260807816644,55.19894674315682,Medium
6.082723295512078,7.9642100459833,2.210837699055394,3,9,4.2074415535406215,4.4343984796444715,1.3131418033268139,57.26773260751049,50.72122046210674,Medium
4.890008354727667,6.047199902672405,5.679922652841311,5,5,7.573407191618338,3.0317337225828926,2.5750751661638316,34.130820052667524,61.62374097082436,Low
5.615150130833643,7.909491396071327,6.650970224649235,3,3,6.321259497958889,3.8776012434791203,5.040877687495237,45.88724692166434,62.899911660039635,Medium
4.9724730915755,5.53379738997029,8.19916892865534,2,12,8.464071463492555,3.95702864671085,4.757644326321678,19.32499779401239,69.27107138601582,Low
5.536190120534001,10.781944716002801,1.503006931000689,5,12,1.5254727730301676,4.31914113752946,2.716259445750715,67.74175919421108,46.597132603812405,Medium
8.580462694911759,5.288059310280072,3.749807345953942,5,3,3.1142714025264713,2.0214963337005876,8.40105614601723,57.01614384148667,21.103570598593947,Medium
5.5759016667520855,7.6084294580628375,4.8385178188871,10,11,6.102907156232271,2.4882108988775995,7.1514389049563745,37.180780938209665,48.008139908312856,Low
10.0,5.915456823905503,5.993038302853597,5,10,8.923854092009186,4.198741208542443,4.088484834257004,51.2244558172371,45.82517318006466,Medium
7.739976851321334,9.140842346721591,5.7099326169431555,4,5,8.320885055318957,4.075935541106038,8.172707968098688,47.523620754355896,66.28041421189769,Medium
7.2772541855423105,7.337137257436995,5.756622628625461,5,10,7.1157820504206555,3.0904612932901996,9.90321314987347,35.09842656131272,53.87554004342942,Low
5.7124633297281795,6.9626665607575795,6.816192117139889,4,10,6.166648318371054,2.58482137897947,3.205381814004761,37.23620035662257,56.39874124620772,Low
8.050464819113486,9.706403090103109,4.193413778441782,5,12,6.68313313302202,4.873770283627887,4.263309152533488,58.721216794239716,57.152140775240866,Medium
6.136543260643339,8.058861183355104,7.868282884467389,6,7,2.9224697690425705,2.6600855626113367,9.936084269009905,48.8315496339234,39.01276425670307,Medium
7.183014721968042,9.033288891871935,6.866904883398961,3,16,6.356738687672867,4.055942878361639,2.240943141748846,48.19662396761643,60.478044945802736,Medium
10.0,6.03734812696507,5.360335471743841,4,15,5.443854303506548,2.6505694594068725,1.6946898699355455,56.77508159169532,31.037552723599184,Medium
6.855910150413025,5.190366112144986,9.20181598377783,6,11,4.459910329329158,2.239344654776546,5.688920442771254,40.81164673656891,32.911523943242464,Medium
8.723909989428513,8.214415924080267,9.112832071143533,4,7,8.989574653801306,3.5639870134668854,5.215861925358692,48.711859308823804,61.927560090930264,Medium
5.945235362311169,7.362307289010538,7.865790710387618,4,11,8.464741522723727,4.230463500059125,1.7045987228122153,37.55072099862837,68.14680826940798,Low
6.947517264254557,9.25286934490789,1.0,5,11,1.6906209377618642,4.925510030802273,3.6103242071915345,71.96682765135289,35.720442451015806,High
9.656200953453265,7.8401830946749005,9.157890185435951,3,11,9.871564974186802,1.595616367279718,4.770429969290262,38.90221847458022,62.715432204806156,Low
6.059549413318349,8.41015067846926,7.589517044943868,5,7,3.0698578267533705,4.504457882542577,8.399886594072727,55.79658782547898,43.19953180543999,Medium
9.718672836995394,4.753234940117514,10.012817275425874,3,7,2.9380544860771263,3.0965677333333206,7.3705811873852625,60.84030248034914,17.063795573547395,Medium
8.061627903183213,11.776873879228514,8.474929183467077,3,7,9.494346216850516,1.430969910743189,9.230739746135706,38.90704592331643,82.19889438209297,Low
6.156299836158599,7.671516029935936,9.156685354994572,10,11,5.003221851718016,4.1775144766602175,3.9924994327124743,54.264177300237634,40.35215831233208,Medium
7.948611608583281,9.395173940678397,7.757309700360758,3,6,8.248282332343338,2.326177692317595,3.7844058025045038,48.81782741058288,67.80447971492558,Medium
8.458831674440095,6.327816659560747,8.697386397291025,4,13,3.5938205112153154,4.472999228587371,5.1686353070000814,58.56551852905882,29.64563474221233,Medium
7.932714943325795,8.616019804434682,9.98824748146888,2,10,8.858540044502174,1.6312074901881717,1.0677532321641117,41.48649602792423,69.83990844695006,Medium
4.644662920164315,5.39431047295051,6.433109476756412,5,12,8.490742888343062,3.844366737204434,2.865880792737458,22.818898937978002,64.77572729191655,Low
5.9092942362626975,8.904135676519342,2.8555389118437406,3,6,5.675308044549588,2.2031850409609226,2.9032399919449636,47.31950852263685,62.12782420944113,Medium
6.628722046672743,7.288051831228334,5.3850781999697155,6,8,7.345503638674707,2.029394941129482,1.5498102979850954,43.45620019719158,55.7665630959169,Medium
6.88834985634993,8.058381007871136,6.779891198766873,4,11,9.676253449075723,1.2010406529935862,5.096176207513132,25.326896441065127,72.60403568247277,Low
7.9310081463260165,9.395948060260196,6.1497751687431155,3,9,5.068408959347165,2.9276347084692005,9.149681847760707,50.65743760760628,52.27929687953895,Medium
7.2665515013998805,5.53491937755944,3.506876067681147,3,8,5.447843872032434,2.5660096812662903,1.0362737488103808,48.39091099512542,42.78457564047209,Medium
4.996983461934848,6.631016538774406,2.737864749610042,2,11,7.505233769564345,1.2467614281692025,6.655732000410313,15.485788647024393,68.49885845839272,Low
7.570296776508945,8.91464856217353,4.517674662730341,2,12,4.4778390459077055,1.9065690014127492,8.913994460621412,42.83933250942892,50.99895418633461,Medium
7.915878617925735,12.196442949093495,7.615479111968302,2,9,9.651067522126453,2.949087388112562,1.9676899235791918,51.397020147078024,86.97795522606796,Medium
7.83968567189656,7.723835330677036,9.160679541645939,6,4,1.3639219289777147,4.233085616662601,9.255324548150966,71.18693600260667,22.81936150336933,High
8.621171088331932,9.182272235847865,7.8331352275554025,6,8,4.630401062119326,4.717791534116286,8.366694791182873,65.9825885647047,40.85995360337173,Medium
8.250883231823355,7.7860570602830395,8.114854574228271,5,7,7.42465960336146,3.061328691793216,2.931142104224831,53.78148214383839,52.86294286382066,Medium
7.688770118842655,11.884491189512598,5.838368853672884,4,5,4.86442563239408,2.6132269519037967,9.148092180347431,60.6563745383529,59.63675433418254,Medium
6.894751432812029,4.505556666069489,2.515835084588072,4,8,3.333237483733195,4.819017704605175,8.236142076239576,48.31725922144127,28.376157490490115,Medium
4.508558599726013,8.189242089338716,5.0895588382345895,2,8,4.721087418020091,4.851449578352145,2.0025018364191993,48.18289166065845,62.66883417542486,Medium
7.644427328698879,4.7489119328758775,5.482471176255243,4,10,8.933651178442299,1.761649357313169,8.475395026197857,20.951340896865666,53.53412934901362,Low
7.311531530744666,2.9868568589265667,5.005895026328636,9,13,5.923065272866911,3.125821219506083,5.8796464482944,35.723533736311516,24.50513106921706,Low
7.4073682557930605,8.594924106235633,6.109389730749252,3,10,4.015991735454999,4.283640323752861,8.34363917651122,54.070842905664676,46.41543961539324,Medium
5.084877136269536,8.278995592294917,6.882839519785901,4,13,7.043706857586108,4.28903598765259,6.558984971797612,31.273006459375118,68.24148873652534,Low
5.378415189387606,7.430326124515597,7.706030376486995,3,5,6.5066055483164895,3.7399144655791163,4.526713076333117,41.1121405070343,63.062407548315335,Medium
8.579729279999356,7.787611819920493,5.443760271267331,5,8,6.0440213385387835,2.8858756672519776,6.410264225792465,53.510955995192454,44.68194393406902,Medium
6.940667269215018,14.0,2.192481188710813,6,5,4.52041543670663,2.614625975660805,6.72562666597194,69.23152005633804,65.26611193149748,Medium
8.022251046058937,7.483649723937131,5.03424456141773,2,7,1.6498027685903434,4.225648677989784,7.895855328282232,65.39058790620922,29.9148573954339,Medium
7.042477564195692,9.020248722500149,6.087420793983967,6,11,6.586583456013326,1.9028927031964513,8.476135826839831,38.63878924634319,56.640946972573595,Low
7.044634209243617,6.701270360772238,8.445615844266817,4,11,4.778098870698978,2.713719554875357,6.968896019902425,41.94650680940019,42.90330457346437,Medium
8.407425708963997,8.590465150081206,4.864384315631789,0,10,4.858876794286129,3.267458791845319,9.906833881612155,47.57647178674102,51.76156151459658,Medium
6.225932907673939,7.523532649888765,7.025087256798804,2,14,3.1067239116696896,4.327135680455358,8.00695844962506,44.087808703450506,44.92344166780953,Medium
7.144181165411475,7.17896303454054,6.580175799270865,4,10,3.2447800037236734,2.4954005046501657,9.196884989548773,46.09768517899352,36.70992970483402,Medium
6.306587066942436,11.63779706440065,6.087801066246777,4,8,8.087151747146372,3.1946230545430656,3.8754490002818476,48.23440709808853,80.47731856403153,Medium
6.348255658851526,10.354369926368678,7.8610666386491825,5,7,5.314283158925238,2.1166553484087527,3.8460468890133077,53.870997543765895,60.12851707034783,Medium
6.536241814797041,8.273493294798461,4.678317606494838,7,11,1.9836811828688183,4.347650701741108,4.261015685947313,65.58912397231813,31.639759274313217,Medium
7.333200657450569,3.3915761281120664,4.849627100712967,6,7,1.4126586840402984,4.142164949099996,4.957446604057472,60.59896805677869,9.28939362870757,Medium
6.281877067504784,7.277981553494861,5.976198353811544,7,8,3.0224392055095755,4.280393023174632,9.65260121524349,52.62407422516269,34.16535570894521,Medium
8.883634188360281,13.406055128810166,4.7197069898126,5,9,5.386976072088447,1.2299051378849803,1.6617809740808598,72.95034740089613,60.830219929580174,High
5.658089046670744,7.538676666720583,7.0160245821092,6,8,6.5552508430751795,2.947592536518872,5.485992217242507,38.74416849657256,56.97868690499642,Low
6.719692533757962,10.206435144107317,4.573615391267735,3,13,2.293108936542146,1.5433712774606803,2.4504446946414222,58.40377293413756,46.84463822162964,Medium
6.340403412588738,10.883884803905202,6.4526084154902685,3,10,4.904731417690332,3.695041767116785,8.298040288772842,49.552988932249875,63.78155271395825,Medium
9.1704668265306,8.43792783171195,5.799654462426487,3,18,1.6529696449529903,2.245563716031129,1.2802984120986673,67.53562464611169,26.672251335111596,Medium
7.294832164767362,6.316356736263695,6.429851929553411,3,12,1.3395329922030106,4.098304931899094,5.096298314489985,59.6139128308505,25.379579544510406,Medium
8.547766809202953,3.129375336434223,5.080517209873921,3,11,8.770131453740358,1.2606676191926445,4.5526692063362635,24.448080286788144,44.73297623518279,Low
4.771659440444542,9.36832641721791,5.321823410946346,6,12,6.925007976733345,3.0530422179398538,1.8296289100071266,39.4071895332286,69.33263072595032,Low
7.4005753988038885,6.370487994352904,6.1920185359941,4,16,8.029844068794624,1.4946606305800945,4.390470552354907,26.39314061174458,56.11395788560413,Low
8.334446193435156,8.352300903775385,6.404149012322625,5,9,2.6368968377027464,3.2315964055155173,8.281274482230819,63.05776020540701,31.094555769663025,Medium
7.123425983913136,5.500359320821271,5.991596169217688,0,9,3.8994191489808117,3.4294059017114322,2.237271880368732,49.82805900514261,41.19417065335787,Medium
8.598220562598026,7.469524919059595,9.410724713026168,3,8,4.9941217289090165,2.8485740933914276,9.851551806718298,49.11417381023714,41.9603068395128,Medium
6.224067324849441,8.067438109802106,4.018526162517432,4,7,6.922309102962272,2.1185864659019003,1.5260891061719377,44.18137067265746,61.97595981726731,Medium
9.11402116027837,8.537187162088596,5.871592410094573,1,8,5.813593909862112,1.1293114346739315,3.6019249584160393,53.812162661156336,51.37630179096454,Medium
10.0,5.7703556252951715,2.8527419557660307,4,13,5.963115231112472,3.6484565043231045,7.974092027779576,49.71241073662831,32.60296450233599,Medium
6.455742159340511,10.393821897522704,6.744162957334773,6,8,2.412485639015779,4.481767584874762,4.217691545600433,71.58325546699683,43.73298357392922,High
6.331746217898842,6.806210430536058,3.769506927246372,7,2,5.273083143719453,3.9345910804282984,5.323181404641286,55.33186645431525,43.258896240785624,Medium
9.180076715676552,4.651061079093509,5.443379488246848,4,12,8.414184592579744,4.572072045528291,2.679926602872268,45.86492376882561,44.0315034125312,Medium
9.36935821859607,7.781953160073073,5.255871349337348,2,10,5.585147671464271,4.718003612990667,7.439462939406492,58.10263524782496,44.53943023737065,Medium
6.2157099592700975,8.06875061805292,6.561782253202343,3,9,2.7976762809900695,2.7981858610658454,2.615874516194336,56.243364358455985,43.61725391315095,Medium
6.369719774356215,8.32117886634352,4.89441816490964,3,14,4.720574707903137,3.791965465068127,8.638579873760833,39.500494551658505,53.32064004558171,Low
6.577323086709239,10.724264807370158,4.809388604612035,4,9,7.793277714264933,2.589514996705312,5.855495907664387,42.422054918394245,74.51082194807893,Medium
4.9833242334485846,7.527102326528281,8.871712928171796,3,6,2.2149317760262197,4.678170840068847,5.9334114607805075,54.39060832307653,44.055726981343035,Medium
5.622022080273703,7.760760751262457,6.569133580949052,1,8,6.224170465507532,3.2518914337582507,9.401604330178538,30.13153850765424,65.52687015579012,Low
5.493788849871898,5.793631237533813,4.877898295955464,6,6,9.687832464277763,4.009800034999495,7.956996231291095,23.752786676889453,66.63348987073702,Low
5.848303652343807,9.641107005775794,5.4983326563775385,5,10,4.42271718810762,1.0580729190995628,7.688255378211317,40.48068640419068,55.27523098290929,Medium
6.947972668919828,8.368618128156207,9.29070990454149,7,8,1.392771188485952,3.30219690481607,8.722361495898365,63.07108376843797,27.322435937265865,Medium
7.351322098804781,7.159944545411675,5.529670243497806,2,10,6.697936036177622,3.96796440048678,1.826355554245963,48.52565199597623,56.375407434482995,Medium
9.325750739221116,4.190650613069073,4.621446753695224,6,8,1.423931638051465,2.0280247029522114,7.534399266524276,61.3278201668779,3.7302497030509323,Medium
5.5024689388918135,10.888824390110175,4.630007699747215,2,11,2.7244509792209364,1.0574958771547647,3.098871217922292,50.92229752121404,58.53900508651101,Medium
8.476483597714875,5.544640071087885,4.901747038020845,2,6,1.4355754853741887,3.9745310623454806,3.528517066558951,70.47126125637467,19.777315395465433,High
6.6790167336617365,6.817443981260588,4.811004555146555,5,5,2.5358555155185387,2.352343280609764,1.1363152350829817,63.38382764973653,32.05788062607602,Medium
6.925804435521351,8.716689022152007,3.440704303301514,4,9,8.694389956355563,2.715158430326201,9.043489569210214,31.3477073344196,70.04795765787085,Low
8.012229238249905,5.606884142766627,3.751599806106044,5,10,7.613661859172513,3.24820965579744,7.652016388972155,36.587242094211454,46.79517600952572,Low
5.315916967656552,5.0129804434937135,4.34135925127726,9,12,4.0766737492797835,1.4410046634839655,2.2535841802196197,38.72246774618503,31.46993891304423,Low
7.573614619276076,3.7521048345986703,7.183142036906196,5,9,9.074240393928784,1.4142106635733955,3.9513088298420094,25.454130925443653,49.01942655892148,Low
7.249678312319584,9.441993905811271,5.237525425454253,3,11,6.98663994161166,4.843521797640454,5.319395803573007,50.133892642697916,64.7868718555866,Medium
7.738676896012223,6.909627510547356,5.58567662181192,3,7,5.029719361183754,2.3555860256618804,5.445197040184211,49.42948920531675,43.76497734735628,Medium
7.433752965861727,13.85454018494666,8.540176050509794,1,8,1.6149959311049482,2.0220993844122366,6.360885466692728,72.33882044074352,57.55740186829367,High
10.0,6.011289868738253,8.590014299876836,0,7,7.576492316587086,1.1909524791586161,5.249653387556843,43.24252389547596,48.76697892827534,Medium
6.043390023623026,6.1570979531421575,5.43575011372453,3,13,4.379735129853153,1.6957148697347835,6.837807841018714,30.878010548649907,45.084931861681646,Low
6.203504567497274,6.869214059429197,4.738272978633182,5,14,3.7254610382010007,2.723580342895242,8.95483716381491,36.784277139607205,40.12746010890994,Low
6.065289210362853,8.486269310276978,4.271139372652924,1,11,3.594457120459919,2.368293293735419,4.582652996985851,45.2697907436116,53.389715722996954,Medium
6.166784321259618,7.059593322429377,7.3855515394164755,2,10,1.0693830334998453,2.698326989068615,8.890398274517725,47.627675861244256,33.47277695707995,Medium
6.0439193090402235,9.224664428005024,5.590585532955425,3,9,7.683806825215715,3.815638844938681,2.9764919440178046,43.40731161607903,72.58510779431984,Medium
8.783524796661327,6.042823220022691,5.22701021935442,4,5,2.307793033155505,3.567157969142429,2.092431925560436,74.21185269239359,20.8921539316624,High
9.130756371984782,5.236816563072837,4.372670849724894,4,10,5.685803549778315,2.9726122706663514,3.1546116695040407,53.28160741489736,33.01084448518621,Medium
6.143880559375786,4.403570521181785,4.4606671819772234,5,11,1.1447326180380024,4.259285980913804,2.8593338952548524,56.530882690834716,18.645677717871706,Medium
5.751466640343657,3.5528516641256065,6.6401163829864895,5,10,6.650949591327775,4.429298203878513,9.865711751046163,23.457366071747433,44.21866470507482,Low
7.707123334579606,6.963861961049886,3.369123468225476,4,16,4.325431138702827,3.363250696442136,4.429483538004131,48.39660230357339,38.80399326502689,Medium
6.171665433578543,7.398039375213556,7.989737387575877,5,6,6.6767270622869885,1.4702840936706845,6.863259420412159,34.95575221680796,56.69221135266326,Low
7.949397726633266,6.737125945033633,4.932310712370163,5,7,1.809054523145039,2.6247168456046053,7.264473876895625,61.66658463548305,22.74135262694539,Medium
7.304384531276949,10.486811594374323,5.700728111496415,5,5,3.3970046138031433,3.5378539207763673,5.006877604581499,70.57587700081203,47.10261116130102,High
4.7263838275041525,10.45606041921627,3.3260440837188914,4,17,1.9927611367562101,1.251404044065433,3.012145613094225,45.107265373141644,53.00790047894329,Medium
9.321257801995092,7.330394025110996,5.975268123515271,2,7,6.814637001276852,1.0796261288417006,4.942882121398434,48.04278116048565,49.117201891835315,Medium
9.693816509643282,4.412157773616074,5.34335811461888,4,11,1.9769814629002953,4.793337640566976,5.263847976757949,68.64585036080061,9.359171758361425,Medium
6.080816964273421,6.866589783889895,5.899838802287067,3,13,6.553919903802027,3.9202586458545787,9.586069209284942,27.712183903061906,58.204046171241586,Low
6.418447660096024,6.800357212165877,8.94341779672378,10,10,2.2122142388455064,1.612431320084319,6.117613345324981,53.260987961427965,22.325065350720877,Medium
7.428798086087357,6.6857300754438835,6.35539609158048,2,7,9.490191450249629,2.780505881488974,9.728853448069463,25.031740889846915,67.99910600378071,Low
7.501685184980538,6.6045621922035105,4.410681631708393,8,11,4.747426096642903,1.7742290743007705,6.190413841221534,46.54579962630217,33.073992851181174,Medium
7.987816409009246,6.693074208550385,4.577360178906863,1,9,2.1393107161847214,1.0411416057400489,2.3049821404683097,57.18448992924583,31.39532946585267,Medium
10.0,7.226916768204481,7.190262371827537,1,7,1.3762940535718933,2.566772519606797,4.459389744025044,74.97967708218376,20.97633524346058,High
6.734579158758926,6.728917802368887,8.597386581986848,5,16,3.96480298467102,3.593538945473483,8.13081993343689,40.170143814731816,38.50535312536657,Medium
5.802554133192319,8.416645017251184,6.5638360415021,5,6,9.022477818546095,4.8165152880161894,4.7946004108755185,40.71242964198065,73.53633299340153,Medium
4.9310211579782095,8.720737431809722,7.377425489109539,2,10,2.294336457466363,4.079338875863552,1.8976046035745606,56.12999543570181,50.902925474548674,Medium
5.9036049400871216,6.17870982563502,7.21947544667341,5,8,8.117488607840949,1.9205527891325906,1.8646854452927,32.31619509257255,60.42553610208109,Low
6.950309540689305,10.542130652014066,8.838128826715042,8,9,4.756346456893164,2.3448475498381836,3.1335828045228578,62.237169327554774,49.9763753016475,Medium
9.691836795276682,6.039875396318772,2.1008196545479345,8,5,8.226350656648613,3.082322048372269,6.082946052898789,54.158278352407386,38.66318867140915,Medium
6.223583051445743,4.764398772369326,7.334437878609057,5,7,8.868622139639305,1.7650916603464202,8.471394793897101,18.067565554623737,57.532468577561914,Low
7.335681927458348,8.761556142730104,7.967472087807128,3,13,9.980358018466138,4.331783295268052,5.803414739532406,33.77062086958719,76.60357969983426,Low
6.975365655890872,6.365183731171321,3.322552587728853,5,6,1.6137772897025129,1.671859651379561,7.7147234800551585,53.84744254958114,24.596412469619956,Medium
8.782589910172126,8.642582941514776,4.2286636319871675,3,11,8.166711346531056,2.1598921797981014,6.81033793199967,41.189449184297985,61.053708294739316,Medium
10.0,3.1926627977989392,4.298434502743693,5,11,1.6271999537337933,3.310402663714889,5.716892666287745,64.12641429069791,0.0,Medium
6.203696840619519,10.784911882966135,4.542419607245233,4,11,3.8331344060109642,1.4928961258673445,2.9332713456279564,53.90724647746142,56.905833552114935,Medium
6.265840836222667,9.344586816080804,5.0365658981289485,2,12,6.816090291770601,3.498459765690491,8.948516857197781,33.735548910360784,69.65584887976391,Low
8.566241315603609,4.999046901673997,6.485205626109883,10,19,5.025595915106691,4.776900808739476,3.481438574322575,54.11595596314754,20.27923961900966,Medium
8.022837234439468,5.042445752307429,7.731349302334739,3,19,6.087311877418532,3.7661434815455497,3.275379369598901,37.714481386682294,40.8628147469569,Low
9.770060988604051,11.344531808195056,8.162633915537073,3,12,9.695729088338894,4.251138366719763,3.3201786205381105,58.41053251311577,74.26059458625176,Medium
7.875892277988946,6.525240193004083,4.324353877664437,6,15,8.36791082394415,2.7539775659942567,1.8611690352215011,38.813161502595904,52.621301238027264,Low
6.461061863819411,6.3316303025347525,4.310594002594034,5,8,4.273026014627179,2.461268999136114,5.487886368141664,45.41119230170965,39.73006499960307,Medium
7.885982246038464,3.4678958117014345,8.631643680032447,7,14,6.399501713184571,2.314410762698939,3.947772589385612,35.59159070148472,29.827114044235604,Low
8.663055370874362,7.298443588796892,7.293487870837289,4,8,1.4363472523338094,3.6418607008047235,5.697477829554048,71.557913427424,21.754215542640473,High
8.230723271796046,7.544560770328494,6.165729683737992,5,16,5.076084134269101,3.0741427171784688,5.078038430253428,49.012184705859404,40.536294827934874,Medium
7.760911046660946,9.43098619353897,6.946673351109935,3,13,6.475568818540013,2.8892776736324475,5.6781262523501566,45.96044103429469,60.04350046229514,Medium
8.600012034383731,5.201843143631049,5.9403924362971186,2,7,7.432454164059675,1.4029843692378705,3.678880166989567,39.637601981673605,47.41199284354934,Low
8.75394338566851,4.959426415518781,7.04916936609523,2,12,9.11365559902132,3.693492616235013,8.336243017234858,28.563638826577538,54.108560190529445,Low
9.07323848655629,8.901925269552954,5.327866606988519,4,10,3.54752410174554,3.9015316746125266,5.807737008247199,68.78216854142805,36.2537787293689,Medium
7.973064831384464,10.013460142454129,6.537609868878461,5,7,9.11953390125151,1.7847931624425066,2.875912020630507,48.16084521821274,70.56991168062727,Medium
6.749322879524718,4.857695297764234,2.9789078992610074,5,6,6.953666644587506,4.038821491375192,9.116233302257633,34.84771176835497,46.221824452442775,Low
7.220070529649984,10.163028172599482,4.624431410349138,6,7,1.6988115005239368,4.517576161515868,1.9850959075029024,82.00691894439187,36.09987846284452,High
8.809763449762535,8.075083682973643,4.645977646419313,7,6,4.422995955383149,1.6984950721437868,7.600910328114698,59.84183468219149,33.117628256822144,Medium
5.774596493519146,10.183610678149291,5.251219933586172,6,8,5.289356068646504,2.8081667246498565,7.106035642936962,47.714817188109784,60.00071564794275,Medium
7.553009963309352,7.859559276964767,4.146973490440503,2,12,4.172385391842294,4.504740730419174,1.6557303031321955,60.24152102631627,45.69133212601392,Medium
6.409991781508959,2.9554441650240992,4.932912748353837,1,17,2.043457031093114,2.949192167034391,9.113568538109046,27.15024514929743,23.94416133984532,Low
7.043117234402226,7.696065235367922,2.971171875203759,5,11,5.96426106508937,4.261014822636254,3.846811796035962,50.790100430876564,50.55127270490358,Medium
8.917677793910947,10.120287637342539,7.0974009527898,6,10,2.185780866320222,1.8630115988932543,7.668055140531417,68.91316024698843,31.043260173620023,Medium
7.286648602029855,6.212507961832571,5.834972962177211,4,9,9.235244857803448,1.2557249651706872,3.4930142726575832,28.892949408955698,61.936603414287674,Low
7.069654822234223,7.2240700621850955,2.5895847844479665,6,12,8.787277547271646,1.2378673944875453,5.731225688327916,27.46303989414278,60.71267106586957,Low
4.960215788530121,7.647732992898043,4.330340178906654,7,3,5.27694092822976,4.889425506832303,9.751002524308765,45.57688556885666,52.26366311078354,Medium
8.119380349040831,2.2009722402630363,6.673202855124334,2,6,1.6097378148953316,1.658871251596231,6.496987688813624,47.82895152669876,9.859679298804616,Medium
7.968226271711613,11.342695150874953,4.913956107228421,5,11,5.969848687112838,4.459564767024181,3.6669048531443735,65.69975936429059,60.02711485998671,Medium
10.0,6.197248640205651,4.6061170797238065,2,17,6.330130398619617,2.262914385880596,5.125394317669688,43.477019685268345,39.65521996070998,Medium
6.538332647570499,9.011470864945597,5.8508146459838475,6,8,8.995805195650362,1.1603542039736494,7.084370359733407,30.344988221055758,70.59528081689734,Low
7.328725491495908,7.826597727703582,6.687195070356433,7,8,1.6076576532727616,1.9639091320559983,5.006700059644518,64.456198532724,24.747307415168134,Medium
7.374075525566133,10.51523811271872,3.127295085921679,4,6,7.228942955299885,3.0219700136317114,9.196737061288335,47.24801617253939,67.55141544461806,Medium
9.366179919645212,8.812112244856161,7.1002569624357585,5,13,6.065244023523398,1.4270873094339662,8.80714662756841,46.81404702232297,45.179776434935384,Medium
6.857056701419572,7.530151456958051,4.399413436785247,4,7,2.572970803082233,4.6886534104325035,2.321291592644712,68.26258816781039,35.93862912720483,Medium
7.418532288655509,6.21296981496144,5.964144063500402,4,8,2.0956010290996145,4.59954016699759,8.064468046570548,59.37398411952767,26.337867247093882,Medium
7.911844764574809,9.595701402764277,5.929159718616981,2,10,7.245557474803546,1.5965898969539247,9.481734207628937,36.64759394136356,65.6200914749834,Low
7.279913684734537,4.253117392090767,4.945867763520452,4,7,4.058387904780757,3.9484334890652897,3.8521740193749068,52.120169976432976,29.35168717482196,Medium
6.330349578174207,9.291780840551786,3.952680507738571,8,7,9.999457264411467,2.8428332638266642,3.1439774255904256,40.67387519173903,73.76455867495181,Medium
7.291134989347461,5.801910496890255,5.428626903815473,2,15,9.046028435644164,4.928508440323684,1.086298716761915,35.31815370071387,63.15800234283431,Low
8.610447624789657,10.50456732391328,9.25066061815039,1,13,6.091457259752548,1.2216171641977835,2.040916919902364,52.837633355771594,62.14236723829293,Medium
5.460227050883409,8.32259908532539,3.276649939072738,7,11,6.775584271687254,2.8841383770582545,9.648217638624295,30.3282751400871,59.95430909620716,Low
7.199454511220314,9.288247535700217,9.38462603820975,2,13,2.4299790637418495,2.1418922517644208,4.520094649637836,55.65997557282982,43.91731152995844,Medium
5.94981877759124,8.16397762764944,5.480557657846935,2,11,9.046042305743647,3.9055135232112845,4.486073855127843,30.23848136837949,77.61015426608516,Low
8.792569943387264,4.495245809718007,6.0707428341772784,3,11,5.130403969101545,1.4445370281425278,3.4001102619529453,44.53961794703053,30.848507050963413,Medium
4.715219642824338,6.2785416732093235,3.8265783772305455,5,17,5.692185996636741,3.512434746273897,2.4765301961568147,29.918571944029843,53.994473186849376,Low
6.161617229092617,9.344778675222765,4.4574611666450386,4,9,8.858161775103692,4.792237395050909,5.579111718534369,40.141265376089315,76.44423624762257,Medium
7.565817812596781,8.333311634719688,4.9941806999239615,5,8,1.0562529653598445,2.8155217045352785,7.508688909258197,65.66631671057415,26.568660113203606,Medium
9.34828604385151,10.361979810611345,3.9086100582441756,6,8,5.449119406113684,2.816922627413363,5.957158002410542,67.64957157796132,46.09705620960113,Medium
6.901374608390518,8.806549126074344,5.582164085258256,3,10,6.640899876351546,2.982809243516367,1.319052132566913,49.41676251687761,62.24721915203546,Medium
6.167200709960202,6.066596218594681,5.185968216386458,4,12,2.4337900409486792,2.662832873055498,8.231226768673004,41.11361408837419,32.831407733498224,Medium
9.821735604160885,6.407871724558732,9.701562284871468,4,8,1.614703631742431,2.789903745402968,9.384347365248628,66.30107812366356,14.376956269422521,Medium
4.8279791493756345,8.205834781046475,3.668051628639078,4,12,5.814407230315069,2.8529547155959487,4.963390667266788,33.23564279838427,63.043097107460255,Low
3.701791065069877,3.3719118679997893,6.205381033497175,3,8,5.927761517764106,4.992263690893121,4.298180975196946,25.369226367974267,52.48485255739775,Low
7.6600216750799985,11.34688377124597,6.495692563803649,5,9,3.9722545537885785,1.4657440727204363,3.0686860950039865,65.06291745451432,51.56366376430679,Medium
6.246918663471083,8.883493472755115,3.859358902696325,6,8,8.94008149329504,2.141285650792821,3.716832698535519,36.8984599833203,71.10207738977128,Low
5.46815077430393,10.454069194097745,7.373654990905677,6,9,3.709761278332648,1.8431493236361876,6.800027568308621,48.978533566832745,54.56077044124731,Medium
8.06253467094903,4.838792118381662,5.203345974236743,2,10,5.648315271901878,3.1767520017798168,7.93131515076587,38.19868831801298,39.62884313400223,Low
7.365701070656798,10.489130320710512,1.0152206968338655,6,18,2.680435350869339,1.0112357415367503,3.9899416271260564,55.005972177314334,41.4915527957559,Medium
6.1538820538949075,12.462997822055497,7.31969922420913,5,8,1.1004427493320934,4.684394551190912,4.057053610401579,79.86654434347686,48.046066186406215,High
5.079543401993659,5.358243289245365,3.7661182317952724,4,6,4.834250683272342,3.124483602390734,5.059911877321507,37.56828862585804,46.67352328143044,Low
8.308685992420218,9.542803589807534,3.904450107721802,6,9,5.74253535938679,4.584308814934751,2.5318249886772506,68.84256459827492,48.985723276271656,Medium
7.975301766937991,8.002219889374587,7.375804165784796,0,13,7.882118706925669,2.3798608585858183,9.34487369359364,28.124480067953993,66.28707549048833,Low
6.851236204330926,4.9111323035035115,5.3056770351631,5,12,5.0389482186810515,1.5997196886120393,7.349104616081063,31.452542858319475,36.585400090255,Low
9.7699554940715,8.98576794370374,7.835544301103001,2,12,3.508589617801079,1.769170209607446,4.902250854470059,63.45793783520867,37.060096400642166,Medium
5.394872850510771,9.667206409674696,8.420332190730637,6,13,6.438130046269231,2.8829295443419984,2.1004526070004976,43.13843472076008,65.36763531267222,Medium
4.711712243612892,6.797746894662306,4.710143079355404,7,8,4.430576540350743,1.1610756159977362,8.639429934022012,30.325020767134536,46.04938243570141,Low
5.962137895178134,10.331833040510446,7.5865249919100615,4,7,3.1008225139602548,4.127216430026749,5.3534291047912355,62.58984489627101,52.68210579514023,Medium
6.931620975466753,4.666473186421605,4.489078397214236,4,14,9.193131877517843,4.162546340138393,8.171945956471117,19.908399235331384,57.56452284218576,Low
7.3650091739840375,5.010487707100712,10.466231834264352,7,9,5.830217138308551,3.8078201139730115,1.3005467852576402,52.6548030827243,34.947613487636424,Medium
6.638145913215505,8.273194791177504,4.6140859909375695,2,5,2.804295439013539,4.585359262376811,3.4628868665375934,66.1481242578195,44.42848195314295,Medium
7.528083094771445,8.050770555944544,8.052174881920008,6,15,7.038202008466085,3.1979090396319787,6.598858390222637,39.78821356600381,53.20411449501557,Low
5.122690863714334,6.56685302315179,7.687580051763151,2,11,8.227698525396026,2.9172779158366944,5.39130989104902,20.440337157785198,71.26811047970583,Low
9.165646906109888,9.619188871943772,6.632175644217868,5,10,7.826803799296872,3.116703050635684,3.655647801789678,57.6943870605016,57.6549881366049,Medium
6.876773232411146,9.061788628431898,4.658913677166634,4,8,6.39583669936271,1.727814684032444,2.8101721372823665,47.75200478404745,60.249546516216,Medium
8.675943747382192,9.716278141868031,5.697205016117182,3,7,5.676594708976511,3.0491650457121846,3.716319962354343,63.85355056782577,53.2440835126816,Medium
7.5140880195665565,7.753727129295465,1.692823774110896,1,16,7.995913147572011,3.167028078640465,7.6810546078912285,27.64580466108073,66.07110354297909,Low
7.685129828730676,9.205160535956681,6.448840076764501,2,17,7.373099837006807,4.0583594141598995,2.6533661545117493,44.89706164902482,65.78208248529414,Medium
7.8546509203483055,7.108699393940011,6.69923066205677,3,15,6.143294064151748,2.3916778252330055,6.344318868779867,37.10325658414163,49.46396486498412,Low
7.671562840025972,12.107637380173191,6.266998838122743,3,11,6.9194850828138454,1.3689083444069379,4.813127500893943,49.46356992353596,72.45615145674314,Medium
7.964084139801316,6.374908459756028,1.0,2,12,2.5176326002179543,3.3898500212320837,7.867341134746675,51.52684502610846,30.342599558228994,Medium
8.993728795198647,12.210594858916625,3.468727109820378,8,7,1.1794018438716547,4.151833149476382,2.814566703570277,97.81151375278314,29.791028933109935,High
7.294781754552205,8.069775894178818,4.503818034302675,5,11,9.380224924831923,4.878238858154699,3.4308061861312056,43.34185602994885,67.60817636847213,Medium
8.063505636382768,5.248978220862515,6.583317866378092,4,17,9.41756225673403,1.3610182647547564,4.588187787179635,20.21627231949973,55.949681104536964,Low
6.86539645856916,10.736158700977203,6.578677811285969,2,7,8.091737028825865,3.9854045805742855,2.4991804783545732,52.28236719004469,78.46249911900733,Medium
9.16017582317421,8.251802776789917,5.659552416057641,6,9,4.350737822549655,3.383360253065474,5.1507529493026984,67.17663311252733,33.74901273360204,Medium
5.985411546911095,9.702248196760475,7.270491073207913,4,9,2.3567562666971438,1.0613487273702487,4.744457273351421,53.250906646145054,46.61402421915089,Medium
9.701410649366224,10.447711837085187,3.9475152493942,4,15,4.215989089516066,3.8729664192266178,9.9107698985264,62.06269128186855,42.52567196599291,Medium
6.939763074033485,8.67591110829005,7.2204700113879925,3,11,7.536101200811055,1.1048050154865199,6.344773383502785,31.59184623560759,65.99435997274112,Low
4.853837346822928,6.815518310374371,6.949484209679782,3,12,4.016799686534064,4.1410246388937,1.6251582259643245,44.290774810925114,50.834643315469805,Medium
7.192156622366184,9.9514267553385,6.755109465675821,5,10,8.163216487660975,3.8852887690353595,5.139474827653302,47.336698294966716,69.00189321096812,Medium
5.978422513787679,8.001511014909191,5.635919137828688,4,6,7.057119740592891,3.7516803592450607,8.906513776688397,36.990026729600864,63.44955183132737,Low
8.260965323483086,9.371715637216838,9.661487649662524,3,11,6.669816504516365,1.479984676659635,8.800908286502835,40.6051082881903,58.63150004791138,Medium
6.021064031046413,3.6925388524170772,6.986391376979757,2,14,9.372131619925016,4.6761318288959055,9.656246978838238,9.381531235035384,62.44838519737584,Low
6.33072485017783,8.893963434019703,4.063328273492882,4,13,9.040746611684641,4.595652351143739,9.048077801679172,29.19133593399389,74.95498485981025,Low
4.165688903581703,6.72282834970994,6.496610951471968,3,11,7.404989201763286,4.601043960276453,2.586697313629199,29.375691333108378,70.07398842560268,Low
6.321540521126385,11.306619274357061,7.5049667541484375,5,7,2.7932278001597455,2.4414495568528687,1.0321324704376331,70.49556741539888,51.376932505127385,High
3.364181010056565,9.24617469577819,4.823782802151381,4,10,9.450318022490098,2.9686918655607406,6.546274203125065,15.379563745556288,90.99817907056978,Low
4.624145764771415,8.479715491698594,8.178544493862198,2,8,3.0441020641023933,1.4595813455157622,7.321999301559547,36.95953299856958,55.012605768904834,Low
8.140621984216446,8.972619986700444,6.764067411432022,1,11,4.353248397830298,1.2043814306117713,2.180909350009685,54.51689178801392,49.992301209655366,Medium
8.178700237976248,6.003118294246564,1.3150433246693058,6,9,8.441030578318838,1.2351098777838438,2.5015176927836826,39.25845588770956,49.758421387721164,Low
7.6381863426774474,11.246513381056108,6.599343954675852,3,13,2.8779139699468606,3.2750784390028476,9.667689070498307,57.90818558628942,49.5983521817448,Medium
5.549535785306181,11.982740836833809,5.1879416911745695,2,13,6.7474291610819375,2.285612615871398,9.494499292707328,31.483636215394732,82.10352092836553,Low
6.92843296578703,8.785827021096432,7.074359629083472,2,10,5.120527422982534,3.3182224689065176,2.412743938297102,53.27037284666969,56.434444612452864,Medium
6.994596191364147,11.180807137147276,7.888429680503629,4,8,6.616299780396172,3.3706574097415287,3.2230756384000974,57.38396915633566,68.62397607288965,Medium
5.262452966211185,6.8617036026549325,6.390324094283636,5,9,9.622456938889853,4.628249484165313,9.029022958197334,21.69809322852543,73.0768499847684,Low
9.255097452650727,6.405772867550039,9.33050446788939,5,13,8.275278510119099,4.529132992205032,4.914939975700314,47.670587222612724,47.64542778344092,Medium
8.316043435863508,8.081849497457846,5.642586230873008,3,11,3.6624037246225543,3.874333915267241,8.1826536327519,56.63802068971479,38.89064167013575,Medium
6.668553739255504,8.869882076735797,7.24963564610775,3,10,1.5154684011204118,4.274013429388342,4.563874276833708,65.70775942187498,38.32949076041388,Medium
7.040328758491796,7.212026637513759,7.609885147274695,2,14,9.703398995928971,1.0126385587807012,7.6274462377728565,14.275415670340857,72.6501527238193,Low
7.312574211921329,9.075536380736967,5.805308062214534,3,7,6.2665518381910745,1.0621405460782327,4.571432227480786,45.73546900861326,59.63470084508609,Medium
3.937397697363564,8.612778964146829,7.5575486159555645,4,11,2.557946254696305,2.8343492488146076,9.09261185432106,36.00785487769383,52.38513882088124,Low
6.629233926219104,6.00338644941789,4.810654025675662,6,4,6.643978074790231,3.61477484602479,3.9301541113476888,47.985757308232266,47.59410229558627,Medium
5.977023628003302,9.037586034903443,5.154863161957563,3,13,1.3799480968584557,4.176336827844217,5.708063187947159,57.96742594483526,41.250851542184606,Medium
5.497569985157627,9.727056485043043,3.375022619327375,5,11,2.6876979832081336,2.7890679207369216,5.695803169544895,52.45438210413187,48.58373658199133,Medium
6.578349560671068,8.342938635180781,6.482818232740094,5,6,6.693673783531277,4.760669276261508,6.839842407555493,49.51235897496881,58.50668245335143,Medium
9.696529790274283,10.305296206523385,6.6505033517086884,4,12,4.622295817803567,4.259941045677023,3.760300401068569,73.90216731459292,44.0162482137747,High
7.961264291900514,5.565192413006097,8.358526317158459,4,12,3.9258255445092036,1.411022516748679,6.783944565384848,42.04385475330335,30.604501816240305,Medium
6.143231515325805,8.935900844263703,7.582280008711767,2,1,6.899451849209507,2.760713322166045,2.2693223758998773,50.986662372845196,69.08727682555087,Medium
7.858874172034238,5.65943858720645,5.430408886705134,4,16,8.797631651139344,4.979512900273166,9.042521709809177,27.72496042280426,55.29689017421746,Low
9.099033154879002,5.771837283533825,3.643640625331446,3,7,7.1073198934838,2.639767377413115,2.2975613880501804,51.739004373173444,43.93155077490445,Medium
8.386950524369153,6.73813833252442,6.865700805039948,6,8,5.170963965460986,2.545079176744352,8.562654413005173,49.64471384627333,35.52313555553599,Medium
7.089445554880261,6.11587963285151,8.221506344829283,3,5,6.929774479707487,2.176321429595895,7.2383326244542685,36.032309905421556,52.954898787152395,Low
6.029594833441639,6.904008362517724,7.510369947607886,1,10,7.260869941672644,2.945956009825201,4.06960365265725,31.508977770372574,65.71092665759224,Low
8.047334970420385,7.571699378577622,8.168955049714576,3,12,7.975455582089713,3.919428458059316,3.946899141356321,44.1428290169318,59.331008700611235,Medium
7.590228078132625,9.674308972662768,5.576220937603515,3,6,3.763435453205841,1.189887659693047,9.694405666740085,51.19818324915422,48.36341755361779,Medium
8.342789830041598,7.357681922588595,5.066762063648709,5,16,2.0299032934158876,4.342870479184096,2.754854760013194,67.45571941857763,24.419777894245982,Medium
7.9527577025229546,4.828748586460815,4.526197295536402,6,9,7.136920541913126,4.6703184387624255,7.506628888897289,42.62783689986635,40.00730703204528,Medium
8.574329072979003,10.28013569299032,5.888207066772809,8,12,2.0897629749924356,4.124370226937426,2.653140702307352,82.53229715111998,28.954345093904283,High
6.1971471826591475,6.32581973276992,5.842818408062361,3,13,5.15813159903411,4.662539514582749,9.148577685584815,34.86451699639488,48.86528019405703,Low
8.976091098451489,7.882559145790743,6.413355257078233,2,7,3.0763146975559303,1.3796179112054165,7.677451044112854,57.789844189258986,34.287399523708,Medium
7.296399407038599,8.893073013881423,5.741405085928984,6,4,3.988639388687503,2.8004304650078162,9.394342196625432,57.40329751806277,42.33457414798171,Medium
10.0,8.399220836805565,5.732744540546458,4,8,5.2356214686306455,1.2841698259726488,8.911969413561117,55.45498704596377,38.70802429342694,Medium
5.966218272865648,10.188359095042951,4.446611894055712,7,8,9.065589694430749,4.3473438371711195,5.945489952695656,42.71856550773077,75.88526760205086,Medium
9.603945704747874,8.958006286785517,7.883238027102982,3,14,7.123813286243522,4.810187044330673,2.3700619835909045,61.79057242976397,53.57046216400392,Medium
7.296866175193972,6.277380840605784,6.153036124487422,6,14,2.544730251424647,2.191004842553086,2.993135626358553,53.61183817345897,25.620932801493783,Medium
6.022872994578328,12.357124347983323,5.651112131429436,7,15,8.915026887365586,3.1415785830150447,2.8163608646725447,43.03392184158346,82.88478919584851,Medium
6.274171248918518,8.388666926676466,4.505141493501591,3,6,5.504887043459959,2.190701956697771,2.9857549845233953,48.31187781716827,57.82787612590929,Medium
6.519479037708519,7.7053195467569875,3.336173779217828,2,8,2.8382858735695353,2.515490061984814,5.287727305728631,51.75890696999094,43.01486341285545,Medium
7.636248919602875,9.927850846111141,8.615928385098687,4,15,5.7469435299955425,2.906230496693642,8.810141270314707,43.427687703651245,56.99185448848474,Medium
7.784253232053249,8.498901891860145,7.109277416263614,5,10,2.7183310566200665,4.163209968853064,1.2080314456451124,73.00759053993362,34.395998878784845,High
6.139449994092131,8.798456385878655,2.7521643148600656,6,13,4.305925919626823,1.58798993726186,3.1463236593476323,46.7770146989822,48.51078361134012,Medium
6.963468111608526,12.984367997201375,7.526284601419314,6,6,8.24971468046484,1.628217212529501,6.3712268298969565,49.90951541002054,79.73008284197911,Medium
10.0,7.449757143489907,7.8449623404662185,4,7,6.927539887058904,1.8074482640224203,8.787911331319897,49.793421883841724,43.51599672498981,Medium
9.591314755151068,7.364478211965208,6.248752244601859,6,6,5.301477517360485,1.2126086502866102,3.6773234814154887,62.38087750572659,33.29756799283922,Medium
7.654485504511048,8.233157024024928,9.196221791503518,2,5,3.037954071782484,3.5738596882832874,4.442744432681266,65.80013168278788,41.063920035551156,Medium
7.057005217252301,10.143031871162076,6.433439284245766,4,6,3.5395247043565417,1.7594571474186163,4.360828687430548,61.41704771496409,49.439037286555795,Medium
7.1800469900773916,4.986931939619202,3.1663529441016203,2,8,9.804127685048158,2.750151959104645,3.6432429663692436,26.511483672110348,64.35563886933107,Low
7.9202769590956255,4.0688882170469896,6.730338002096642,3,14,4.086430867059873,3.742361331149589,7.288863647578251,40.74465442972089,27.90193206396539,Medium
5.4658111522023916,6.825769458759705,6.489794603425459,4,3,6.545147955883689,2.7957866144199794,6.902332502055936,36.40550034670596,58.81125160513412,Low
6.613935193864982,4.732154081881426,4.793406302443691,4,14,5.497733688463931,4.624068379536217,8.589475090090813,32.44677805874871,41.03697540630814,Low
4.497123889183616,7.150337304948723,7.14711767375485,8,8,1.207936788610494,4.076672603595993,9.258196421522864,50.67026043049858,30.614771000234175,Medium
7.598834683907919,9.004999392258581,2.664669467618276,2,14,9.50207315864605,2.092088741083507,9.104282182829625,23.47657336907577,75.862814811901,Low
7.970793909554112,6.218502272895472,7.9811336548855785,6,6,1.7913633570800704,1.5216394246984768,5.861447540908437,61.32690619170492,18.813891238376197,Medium
6.275220306550939,5.146346846437315,4.243756592789095,3,7,6.928369696821215,4.577751191963497,2.671277161820638,41.719814302274166,52.87586048532036,Medium
9.360980144935048,8.138674323430696,4.030107749765936,3,6,8.299218304820172,2.5876306663893236,2.9994584458506472,54.64766853706606,57.3660252206671,Medium
5.161351505496488,9.72508696923034,5.772350455385046,5,11,7.738612235809498,2.5300473079467687,6.312284186148362,30.92399526546325,74.80487972875606,Low
4.80343767968527,4.610053122966775,6.86594585608727,3,7,8.283252858014922,4.24001630301563,9.26558366485847,16.836709430157022,63.869842735248014,Low
7.336677727839958,9.640464796611969,6.32784812718686,6,12,7.657480184506141,1.0374191568170263,5.773882920082333,38.36320639390399,62.91519247376448,Low
8.570647453918232,9.634612407476652,4.5146816684552435,6,8,5.010149502613169,2.804449141461512,9.421556902901015,58.03802520460424,44.605027822870746,Medium
9.525891537186803,9.908170204313256,4.987821417616223,4,8,9.066471328370364,3.8572802643411053,3.36025016127042,59.584830130926626,65.09491830544746,Medium
6.31167360569659,10.436960429743372,3.733915305245076,2,8,9.211969799272495,4.394745854734201,1.7771209997956054,46.02100470308105,85.2358246178827,Medium
8.618021250146944,12.404027849319231,5.55064019674026,5,8,4.932593900920518,4.540835415716485,8.1666136547565,71.85956695576384,56.05330551410322,High
6.9422372957489396,7.287815902761889,8.15004242902182,5,9,5.362987146830545,2.8627206753723984,8.914452237456352,41.37001178485516,46.53150887067395,Medium
6.74105905008877,8.219143160155717,5.991474124712248,2,5,5.370817572559382,4.390830227952746,5.032731309278424,54.351948747715674,56.381593508326056,Medium
8.325489906230008,7.167123133503949,7.718828509518906,3,15,3.510125373722036,1.1430470427271118,1.9219979591016818,52.029125311553756,34.73643697183318,Medium
7.978484317620129,8.003953689511622,8.910802675452384,5,14,2.0344296187988866,2.221702221683417,1.380945650758259,64.87574064512863,28.384615322069738,Medium
4.635411764523626,11.065746711272624,4.823962961926066,7,9,3.3578157061661815,1.0419932100969613,1.5630212403624801,54.13919286311399,56.82024021204961,Medium
9.214810524588843,5.309971032138662,5.6268534938892705,7,16,8.59693427613701,1.6621014934608667,4.9520301362482915,33.644597486916865,41.68370417178623,Low
9.070137031221178,6.277900655668849,10.342385722124991,0,10,5.8875060508310435,3.8989250861191644,3.1133349184472663,53.72569423939504,45.45280572328475,Medium
6.061655947735706,10.754361873009122,8.88868682395989,2,10,8.651783338484213,1.0176966381924197,5.157309128560822,29.97760380279033,84.72858917325773,Low
7.593705300156113,10.040073013804179,2.655190948375295,3,10,7.706457437415279,3.0922219801746564,5.39640552222419,46.37947123417355,69.04296743846548,Medium
7.7410452794241085,7.273736706365844,6.774296632121813,8,12,4.137530631377846,2.6559446041144184,5.122835668678389,54.978570197534204,31.51624525018097,Medium
7.391010648735861,9.70880400224144,6.001119984679391,7,10,2.6678125039920726,1.4914831625915963,6.579301662915802,59.88788406003874,36.60902932188632,Medium
6.174542269231869,8.682431684984067,7.652906221717525,6,10,6.104978310806086,3.742537135536548,7.114634067480437,43.81297578859956,56.761047866456984,Medium
5.992564948092923,11.000549218001975,4.51004246502989,5,8,9.422710350648103,3.7724954593900253,4.563508562106742,41.96298171318065,84.19383567478953,Medium
6.961668893512832,8.149019187653545,4.320783255918656,2,18,8.554736860967232,3.9053941660096867,4.03328540951269,30.667993621185275,70.79977330569017,Low
8.759093528889046,10.051264227745165,4.647858569412781,2,13,7.874519433372786,4.061230200970813,4.315611559931927,52.302134542103296,66.74522266379813,Medium
7.8154002318916485,13.28402382098524,4.856142907603134,2,7,7.8775667361188,2.2599676677280383,1.6316337705734858,60.45288349738814,82.70937953315715,Medium
6.444078501870841,9.196198310094932,7.630648333618028,1,5,5.749779658609293,4.976517155859239,3.8946767760519734,56.49365344218123,64.95220243432843,Medium
8.157548065972517,8.098656331589687,3.63759765370224,3,14,2.5257373188408447,1.2918149583325715,2.7992138155888124,57.2057413273764,34.055400183648906,Medium
3.0,9.444893970441958,4.754772200081362,3,9,3.56990104423756,3.590781470541295,3.6175615485725503,41.45875433505887,66.27812976953163,Medium
8.723148550558156,7.26943828359223,2.4219752189971175,3,4,6.201035549048509,4.883100389333595,7.429573906368202,58.963381396783575,46.609862938910354,Medium
4.39042933183285,12.775935411049463,8.014235646824746,2,9,3.8471808245240284,1.8972418461727587,9.896845912084835,40.24224105680009,75.76793498913597,Medium
6.456338587895302,8.360142075391963,8.54206019886228,6,10,8.034100831242036,2.1124997136697616,9.311976703083586,29.162176249850614,63.83120700521355,Low
5.320495158060784,7.454133359548974,5.345853138272427,4,11,4.358950850266215,3.303909753276776,8.39462783074687,36.18263955232505,51.02006317698658,Low
5.0579777864186415,6.328621989959927,5.404101270373554,7,13,2.0250683172298296,4.1250303875709715,7.634773600544567,45.01858834362743,31.032345658126488,Medium
8.741240181067779,10.194440383212877,6.906443804565795,4,11,8.042899177299452,2.3157879316185257,9.504438842809533,42.75601170162662,64.49479519988608,Medium
6.298448198032163,9.734374825655477,8.94896401475651,7,9,7.2831716494561185,4.347100654593782,7.768376612230527,45.81494364327835,64.04171438657404,Medium
7.519755822596074,7.005291257171813,6.817221495127835,1,8,3.278411681097701,1.9641751453746839,5.238592034178998,50.87037328079619,40.14359770028198,Medium
6.929619131681224,9.152902690244845,4.604916115049771,5,7,9.830037067359317,4.497466741367289,6.412257331453013,40.98417160866794,75.36944121842696,Medium
7.715561240834682,4.982888063574287,2.762354856027119,5,14,4.628705712450991,2.011812496541119,3.7520647398134184,42.254225179294416,31.12534016955277,Medium
7.115232836590383,8.369941150146312,3.7697474746730246,4,6,7.124146061541446,3.469740622685127,1.0297750400827552,54.7120965340951,60.253332750573875,Medium
5.075511663717146,8.90551270415339,6.14643890062493,4,8,9.194035962384886,2.4311648525591196,4.18251604898497,28.190932961317984,81.13908498861431,Low
8.49440022917071,11.414659619118446,4.689344953598411,10,20,2.403969294828451,2.2873044494087154,4.643468664417816,69.08245259851998,31.334417958553818,Medium
6.259365125258031,6.458362394542621,6.389935411981517,1,9,8.911196116035903,2.4159822776279323,7.597829418294543,19.62907608814229,71.18243262829377,Low
4.665127152010373,5.443294742395351,4.894151967527532,5,5,7.3352157800405156,2.9968056578246074,8.732984536206441,22.743050834104352,59.19797308122286,Low
6.357827258551131,6.209144078149917,3.883707137411177,3,19,2.5080649656018683,4.380194346455124,9.663892460824743,37.07922261930241,34.74212965749241,Low
9.251139685951467,5.32686299937016,3.645936737093858,4,9,6.9806096385529255,4.037272944123251,4.166125780206288,52.230866256745486,39.178960944248416,Medium
8.275332613170239,10.673314715517966,9.12470901874646,5,12,8.871180559703612,2.7973635450438867,9.616572427286005,39.940473164847695,70.48184725879554,Low
6.477021798388211,11.097278590048074,7.777975498367287,0,14,8.19113867185717,2.1286411574097728,8.194470010242147,27.2420708996746,85.62704844178398,Low
6.476113443522356,8.640433155897657,9.461035903655917,4,8,7.84546275264234,4.417203923889456,1.2775993996214803,50.037958370405,67.53243962191439,Medium
6.5175474231739265,10.442589891370297,7.079901801510205,5,9,2.4520253349993375,4.480740047454253,6.357347623331219,66.55478743165581,45.68123661036824,Medium
10.0,8.267916761160471,5.140017182770322,4,15,2.7156169947316924,2.814705202510614,4.290776197975843,68.75704972533276,25.859150532870682,Medium
7.57290317834733,7.809776704598468,8.646681844979875,3,14,5.929448094865187,3.7833834331664615,1.3061008832942536,51.23287662892292,52.20447734555065,Medium
7.645062470786605,7.333924761892477,5.933863997276465,5,15,6.221314149862297,2.4770542556256814,5.7835277457787395,39.49419337994081,47.89534173647997,Low
8.545425181047763,7.379218017244869,6.441683540580705,2,11,9.492616572566817,1.596390722093476,6.263353727977322,30.095226355824934,65.76884054073513,Low
7.35818373853977,4.904396887381937,5.914351241848962,2,10,5.218132011908999,2.285931611386987,3.2700767934843777,40.72037340187363,40.78359280151178,Medium
6.611436781268945,8.528509527214679,1.0,4,12,3.722523465352348,3.728337274302198,9.458917758621212,46.44906746959111,46.308275003813,Medium
6.705475226372533,7.919332179571913,9.209470024589706,6,8,2.716956201075594,4.077638654154516,6.494088134527329,60.7187317137905,35.048033227816,Medium
6.892598110878904,9.490721448155751,6.982007891915507,4,13,1.4875386028831894,4.4066215722784285,2.583672880334889,69.9371847030016,37.67519684134501,Medium
6.944166645235238,8.18704699287722,6.65964612173702,7,7,1.6178821698774817,1.0708508003078578,7.491311731315391,57.85016405931811,27.775169285473122,Medium
8.091444315455469,7.6745925968618165,5.8764478754588785,7,10,6.167502337402122,2.9456245168977833,5.4922559827080635,51.87578974624564,43.28819090204713,Medium
7.077918828710949,6.257613939984738,6.326855640772262,1,10,2.586357622745294,2.095688441275414,5.259106408783554,47.505373095476095,35.893137974029656,Medium
8.098960115823369,8.144306473643523,4.805442128307504,2,10,8.66455385860749,3.7358380558720756,8.510799365056473,36.86707678209979,66.43820611786741,Low
6.878925129837127,9.476474461632325,7.233158704614542,4,4,6.368246378122725,1.9813253417965293,2.243618186124186,54.65530466953853,61.63106675467142,Medium
7.117952785474136,5.7133220178322786,3.385803311201735,3,10,8.783979020670206,3.2651208266648775,5.4188806435495405,29.534154021599473,60.44955677309659,Low
4.002698973201839,8.174947507361479,6.372136864941094,3,13,4.847156490335522,3.847850609844029,8.026867491546522,28.709244195601602,63.56669261811625,Low
8.374491512053723,8.466085903058968,7.123146941142209,3,13,6.361992955015624,4.080259678567016,6.943495949732889,48.748638052017654,53.30063548492835,Medium
7.519732713846989,6.563870432763471,5.602661732354194,3,8,5.728854728281772,2.077873161011165,1.0487229170727947,49.7928108653014,46.86322149558715,Medium
8.497015164789477,6.824287390184,6.74173558494205,5,7,9.880090746969941,1.351328585781372,8.087055329298487,30.650937377600044,60.31538082629167,Low
3.0,8.461221697532428,4.0173312155315,2,12,8.171379039189508,1.874853469932622,9.502047233521933,4.114410610978222,87.07751500502599,Low
10.0,5.7331579634147545,4.0683464582080715,3,12,6.3586007397566915,3.396525654951971,7.342019513575926,48.3992091724426,36.24683452133315,Medium
6.790615557767239,8.699847430498785,6.473434242052786,3,6,6.459273903786467,1.1617967425207931,8.883108324051015,36.1363375847971,61.43885067760616,Low
8.662274225106275,6.2092912526816,7.357099309242104,5,13,3.239215413916522,1.635447739085424,4.247305470650558,54.30498064908296,24.755760997429768,Medium
5.440141109311703,10.125707386066432,2.250268688996578,5,11,7.612776490777886,4.981898910589966,4.1554283121237,44.64674303730041,74.46476953412349,Medium
7.919160857593854,12.675655490776599,7.044041270221533,4,6,9.845495766720699,2.5293257464624497,3.8877807704844227,52.822284065722904,86.00129539406436,Medium
5.419876655239516,6.27848639659636,4.913596999247326,7,9,2.1648817499182957,2.98610509744294,7.614724842559019,46.86655256721865,29.980042263594825,Medium
6.064346558956292,9.06841572474935,5.614387825385175,5,10,6.735350781721894,1.0440286503796146,9.478593609891105,29.06100468949938,63.58805676432272,Low
9.87104703080018,6.546516190235962,3.3209641528699256,3,11,5.660931893682649,3.367631166782523,8.96860694181527,50.75390450637318,36.37041060776798,Medium
6.71397639885498,10.08190834759558,4.296765519626584,5,8,8.653700734219626,2.301194737728819,2.351925106508203,44.932492639764725,73.94202315468104,Medium
7.326149309769584,5.46948318182957,7.932250651060622,10,8,1.0004218281244586,3.1207729178973946,6.634969614860806,64.70950727052315,7.583543311403145,Medium
8.305101596033131,8.961173516855425,6.065726747960427,2,8,2.229263986632514,3.104473373675289,9.96362451574595,60.90868636104959,36.981465329553835,Medium
7.743522831958907,6.254022066221294,5.234443196580883,1,12,1.3336550750700198,4.869829796940956,3.6583157570127334,64.29460822360295,26.875067639974265,Medium
7.225628357715364,7.586030821803263,5.76702329473793,3,4,2.466399415329619,2.0730279940964973,6.713063137134135,57.9614261109768,35.878949975185456,Medium
7.547441503699338,5.9379494497053855,6.978423649328603,5,10,7.371426522958742,3.2817316820081075,9.159614471937909,33.716030355141385,48.82055139201375,Low
10.0,9.644700941791507,6.880988992326675,5,10,2.2570428194408674,2.5262103856920253,9.095933260997443,71.79635429245295,26.83571051410332,High
6.913571804449622,6.326039291120826,5.8499459992063985,3,16,6.600979462572887,2.687999239895861,3.8932775400392985,32.30126425450883,52.870077784253944,Low
7.301648570072452,9.103928518663656,8.185918221793337,5,14,8.813851819482078,1.2222362503077808,1.845324234387421,36.200051561961224,68.60543865235785,Low
8.575981594011418,7.311803943475335,7.940925273813332,4,11,1.3116120214185205,3.7538120508208994,6.814080631638031,67.15857966357508,21.565171649539106,Medium
8.658288899436975,7.771055256402274,6.8267440582607914,6,7,1.2410777429211388,1.781141631731689,9.52270748269117,64.9362291924921,18.875577075213055,Medium
8.78054545834057,8.295511814800257,6.109223565820141,3,11,9.90863446877029,2.8739556412388483,5.571853550732154,38.14915933831659,68.33278331090135,Low
7.958095333043777,6.476350656682302,7.314642190239078,2,14,7.059471089984854,2.7370785381933347,5.119366551715508,35.67582975948374,53.028412020943115,Low
5.285492630904274,8.420734227081773,6.628534843602367,5,12,2.266256995681679,2.8725644657735248,8.77553566567568,44.05291334488007,42.61872308938687,Medium
9.450147298451643,11.060669128708822,8.121600143611895,4,12,3.7602279092294584,2.5021839838489184,4.821370111668214,70.6407027900173,43.6239168209395,High
5.280481910471968,6.443810428334571,7.799122753476615,2,11,9.865046379457176,1.9695416588260053,7.128358338996404,9.506352626994817,78.17224255092661,Low
7.453953197858549,10.34362028654769,3.963492197164543,8,14,3.044949166485428,2.7948562117431752,4.4977812196441365,64.60377574704907,38.68554161758415,Medium
5.868586224970963,10.996195266975569,3.8280736585165873,4,11,7.775439086152945,1.1848780998622437,4.394237435859307,35.44819017482202,78.4671040183859,Low
6.9037924801105115,6.367690021943912,4.5975009111918475,2,8,3.170638694310603,1.969290210054507,2.690268088073482,51.423520848334306,38.07281754061791,Medium
7.493143615455221,5.089890789818896,7.952277380133842,12,8,4.586208674355441,4.139393486221778,1.7960650327252778,64.35174590550618,19.384725154352132,Medium
7.482035823175409,8.60392180034353,2.847382006457509,5,9,8.926338265719908,4.371281552711061,8.966446083226263,39.2903766079373,66.5427479128107,Low
7.632881131352927,6.905184954466254,6.789514778215986,6,1,1.2559504711756946,3.861237352638625,2.6309784181247546,80.50616771983728,20.164652794047093,High
9.420566903587972,11.737206438326005,6.7250861821859225,3,3,3.765116434498667,3.530256124146764,1.5599656196755163,88.52919300072944,48.1048563901955,High
7.68030145227097,8.069615080999665,8.325296117372385,4,10,5.384734375605797,4.2450630372644245,6.240772980579592,53.35475936317107,48.18659065548509,Medium
6.633765047064027,6.395601183929641,6.360677381327775,3,8,6.629452640441579,1.5113236983934843,5.913970734773729,32.41792899403701,54.46718362461399,Low
8.446130752432536,5.705680977976577,3.3135812188321987,6,6,1.2541748946538487,3.101016552149245,6.109810329753025,68.82909824042642,12.249688956991472,Medium
8.784205733386962,10.179809918181661,4.081290078703754,6,6,4.696038697947937,1.4652625992658335,5.212943992904399,66.03606713889594,44.15321077935235,Medium
5.158588277294511,6.857632051831627,3.6360089562043507,2,10,4.098584637145532,4.111464300435946,2.2774271699632136,45.594604264438736,51.922588256363014,Medium
7.896100104774787,8.087657598920856,4.924112067333719,0,7,1.2417994172654487,3.0822255416194584,1.18823349789611,72.48198172928957,34.357572846356824,High
8.051759113466348,9.91160549022496,5.634196865152147,6,8,4.198309396906387,4.240099540754563,1.4177253450198704,75.67051913870425,43.86864531493496,High
6.553654744960012,7.031483296138339,3.669116947557886,4,5,9.38519460204865,4.196253700295449,9.488324312518227,30.61638823115962,68.83363078806111,Low
9.063560219967428,7.908142342519679,8.941323981304578,4,11,3.4716559846005195,2.8648495073706193,5.786688328535712,62.29649579829765,32.26568532175688,Medium
6.77491661945121,7.966863180354959,3.349437256095118,6,7,6.270321677657996,2.987497179131414,4.597488419349702,49.071238190012004,52.36114131359136,Medium
7.188364680207314,9.366649023032183,8.692206847724961,1,15,3.6828613663235714,1.1130699807863618,4.697486345411191,44.829281234001186,52.241469669958704,Medium
6.740392263574195,9.181488671020652,8.37032606287868,4,8,1.959995085676367,3.0940531615087266,6.8697581337244165,61.19406294149263,39.50899884861346,Medium
7.023368571372202,7.559772537490343,7.796605099378071,2,6,3.6075113203625113,3.709859104281741,4.389964998347636,58.29287943305276,44.09028892503301,Medium
5.355587369657197,8.127298122993036,4.612466785006499,3,8,5.236832250190232,1.9346227902262703,8.168131598359695,33.134567424702105,59.494680827457344,Low
4.839923676108558,7.256441976953023,6.684901758353803,0,10,3.6658755806179575,4.94610868200321,3.339486255418252,45.41986331029569,56.315474597500184,Medium
9.391757594837458,5.044775186161111,3.445257732898764,6,10,6.617523890386552,4.899315495525645,4.305332165333983,56.97927250452701,32.075146001425175,Medium
5.729557977522508,8.515201714796259,7.821814070067498,3,7,9.54179849783757,2.131322379214387,9.414971341216756,20.350906851265165,80.44101021491711,Low
5.512911475815539,11.784383521666136,5.852030436927462,3,13,1.623444076153834,3.8518930258544213,3.3425530677816186,64.37475600006026,54.54729058816194,Medium
3.769914829594428,6.232561718617874,5.181359570826629,5,11,7.453039246068981,1.1200066726476812,6.954273076399061,10.603610018238523,66.52452721206292,Low
6.041557378465747,6.453940580794594,3.5525103066874615,2,4,1.0113076638488185,3.6630108430608597,4.28110548510862,61.80444149660123,31.496528226851932,Medium
5.015365309888752,6.258544456712517,1.0449877627419664,1,10,1.0091934914548975,3.4960659502463,5.24077402646434,46.9312542234131,37.01324772320921,Medium
9.463022740204554,9.449183557446245,3.922918285928488,8,10,2.196274192393023,4.288638638116993,1.4066945744330908,89.02817954451804,22.603176588396163,High
8.514725634013951,8.89697090839288,8.225596391225814,2,13,5.319374537742847,2.2174603235109394,2.505105010061303,54.36654624774682,51.00828729159844,Medium
5.9677744822334144,7.682924615167087,5.194333143050392,4,9,1.4320363142335055,4.512040611260581,1.9172150574272795,66.22368001679533,34.7205532719163,Medium
10.0,6.16396187672207,5.661342285769905,4,6,7.499365909852619,4.431900108498294,8.602436329579039,53.81587058710464,41.589901988978994,Medium
8.47264823048739,8.184753583279848,7.311108716576905,3,9,1.2635339061046564,3.67841184106627,9.655221324002387,65.4681887583948,26.825716767142833,Medium
6.512752924737066,4.870755745328392,9.61133775623253,2,13,5.458885972538963,2.8893394758210595,1.6117715288166714,36.779151159746036,45.47112024849568,Low
3.2508914276896403,8.286853133714986,8.650009309891278,3,11,7.084887738883227,3.4736049659106065,1.691611931748227,27.75753011771773,78.18703743169385,Low
10.0,9.743048772175868,4.055329992367624,3,7,3.137955453936551,3.9198350758394938,5.969520477879036,78.98456490323812,35.20053038279388,High
4.915641299854606,5.497601726732644,2.114858857125187,4,10,6.21368323407001,4.9010055589867445,5.536314322980747,32.78086283124348,54.658994420489506,Low
4.531901879564662,4.934963446340673,10.719228518200207,5,12,3.356032734693032,1.4869127649477893,6.855149195015021,26.09255647584392,38.37338742842156,Low
8.53385564801446,11.15887578338972,10.537983223318907,5,14,2.926875346173786,2.2522911236398246,7.631252519468929,63.09422346979839,41.99017111773526,Medium
10.0,6.77648072099083,6.376907192858566,3,7,8.365504729172823,4.1228652527071805,8.174975191204833,49.94630661649658,49.93437965214267,Medium
9.076409227765778,10.271895691887643,3.459023508836357,3,11,3.9962200715257596,2.6367200896135183,2.34175042220536,70.08516170121064,45.323860395873034,High
7.84586368007854,7.692004669604336,7.926453067787879,3,8,8.325816102708304,3.689919885854638,1.340521563137357,49.547589521539734,62.35801877580312,Medium
7.892131512497929,7.676090366117345,5.78403262797478,5,13,2.9521847060069772,1.5324718973892089,9.002429853978079,47.53830836744709,32.052181388270164,Medium
8.280123338170462,8.87682539899329,5.774037753786779,7,8,4.202790134659194,3.8366464147542865,5.225868043424029,68.12437170166706,37.261757812906616,Medium
8.138392884680147,6.232002286507119,7.788917686210258,1,12,1.9239293229374617,3.696255274811324,9.741198938688907,51.220915265131694,27.99507940498529,Medium
7.421787135954064,8.264994286991291,6.668749493746597,5,8,5.468503494648348,3.3432802672144457,5.794925366821028,53.21791541283892,48.586527953811476,Medium
7.156301655927814,7.237021170351815,3.6283701779701096,3,9,4.43434863155403,4.060951860866718,5.590246379506649,52.382102922901,44.54888336251892,Medium
6.9061103081507165,5.359013113189937,5.350516129836052,2,9,1.053609576929461,4.520448929991812,6.606814230215263,57.22684813321038,23.962442566319055,Medium
5.869053116699986,8.674964149452798,7.322305857322693,3,14,5.183696149253121,4.3172104274077086,2.531295833881409,47.162624312608976,59.04486120666482,Medium
6.578987384699839,7.473384386244168,7.020504444810037,1,8,1.6697317280297934,1.5102963818446171,3.2863645453477255,54.61460782462264,38.011815114112316,Medium
4.460564778706922,7.6859503431105844,6.524033148716952,5,9,8.532604411932175,3.97757348246997,9.152258137513453,21.420893306766985,74.20538311248036,Low
6.852490559807875,5.579678113171685,7.866845908951729,3,6,5.443238568943229,2.79905776450139,2.910949749899532,46.290447178355215,44.70452017421196,Medium
5.517113339273624,11.182800735525609,5.27656602436547,3,8,7.21045626871232,2.3355272740032,3.09673748785011,43.71120102458999,79.73070390912616,Medium
5.344616024176344,9.753428372772232,6.3573395504381445,7,6,8.390223960585352,4.518598343213569,5.58985746412759,43.96101815197632,73.63952460910602,Medium
7.269841226730218,9.928311768343956,1.0,6,8,1.4606011517522766,3.2384529386610073,6.770362182005375,70.23350869983052,33.853472025085765,High
9.088003429516899,7.389110595116636,5.100699612314372,1,11,4.0347797576747615,3.0049389281306595,1.0081347995326717,63.77008149406802,38.53418234655958,Medium
8.37747490900347,4.54163422099316,7.527805817151289,2,11,1.2260604424791066,4.138397410331046,5.111030715319027,61.118096657382495,15.483025671310063,Medium
4.644249094565234,11.905834764979021,5.219211065765715,6,12,1.446639273727751,3.213234183803527,4.591118130046673,61.09430916332088,52.336019322494444,Medium
5.515557795144494,7.877804983988264,5.067545216565776,3,13,1.3404920611335451,4.432030341303021,8.790572732888997,48.845302050866444,38.77032166327745,Medium
8.411156781982324,6.502400407959892,3.917094096450363,3,5,5.30115887081617,1.4116038142328184,8.557277203329622,45.2332063862073,40.71086178443289,Medium
5.5262689096925355,8.833603148966228,8.00673178545829,6,6,5.056102428090634,4.104532257711661,9.153311068077732,46.71108215900419,54.95400820883153,Medium
6.663050275004463,10.334241576006594,7.096926547081141,4,11,1.5511640151967947,1.655338359857904,8.578455494382686,55.10972081327679,42.077357158772344,Medium
7.825078148536828,7.953898887829068,7.650829195646169,9,9,3.3613161971643333,1.9009253815130411,8.080402272914615,57.16156786592547,28.00960272517913,Medium
5.547483317704547,10.557150335878749,2.547572076084221,7,11,3.200420759560948,1.7178060833611806,8.731044647116896,47.10257315645164,50.2600583960944,Medium
7.15806325921894,10.165999877033737,5.6790999134687326,6,11,3.669536206831656,1.9536854080937558,2.573258719904639,61.79695153292872,46.04738168123118,Medium
4.998961757622693,5.847237625195883,5.439777984499988,2,8,6.7668615890995,3.927322786749386,4.067641825158847,31.387334130871842,61.98267991388536,Low
6.097948534073179,6.652419788681048,5.438856586802895,5,12,7.273605450012163,3.6213268492222235,7.152564924729499,30.558367524112978,57.19353905951478,Low
7.479672901213806,9.915074326559536,4.767944912564088,4,13,4.051642868650931,1.9191251780293674,9.308178627110491,46.913225966644134,49.2982840499551,Medium
4.6105093997024955,2.574774872379124,5.307791456439969,1,13,8.09407574011621,2.080699747110923,7.002178894215611,0.0,59.95983561353445,Low
7.660712106940599,7.701088613670023,7.699289565413304,3,14,4.7607415840623535,1.3971764504383626,2.87154013969908,45.86818330560821,45.692626684181754,Medium
6.970543301609978,5.138337596750656,2.1742972933043414,8,8,5.701624217606382,2.6577420888236256,9.501985574376004,37.37010686781305,34.64069159156075,Low
7.828734931625721,7.04689239713295,9.554589536060908,5,12,2.3099464037754536,2.5143406524285776,7.843076235399936,53.71400444695874,26.85732145148431,Medium
7.335871201096992,7.402359821941592,6.967682250052923,4,11,3.0960589965937038,1.5832631650292726,7.448893805389971,47.04107348443932,35.97926775850791,Medium
9.046210644960766,7.283511244184984,5.915336208679575,3,8,7.547997118787993,4.338500163475484,7.86255955580017,49.410177234000905,51.88407967306251,Medium
7.187836753971861,6.895477495774783,7.813668292745852,3,7,9.793380128677128,4.410380194652907,6.932302217645586,33.558505375806504,69.45324612669694,Low
6.355891688312121,5.805712700742372,3.09633050966313,2,7,7.341882000668937,1.4361872058923333,1.199013253850283,33.94019870398793,58.825339615400196,Low
7.183446254548426,12.583822533637372,4.670598189697972,9,11,1.4877854723987074,2.0654638130286096,3.2825643367540875,78.23037895444492,38.61037418212568,High
7.814947043554582,11.734924008322702,5.757849135218892,5,9,2.286022178803562,3.9443560037002765,9.609146559636867,70.45081447082163,44.05222684960687,High
7.073290105488557,5.675868359487434,8.731120740864355,2,10,5.01200687740825,4.479866765092325,3.5974385208091912,48.19807068595175,43.83456632383111,Medium
7.060887536805824,11.164233502607134,5.907006837746884,1,11,7.593155766036463,1.2866919542784503,7.944638360397873,34.42556723752205,78.59214256843289,Low
5.947012468289866,7.2010690190542945,6.900109342370293,10,10,2.493392121542338,4.609481287617451,4.8203557336821685,62.04803239525941,27.203683173435973,Medium
6.0056486236735775,8.258374946663421,4.8208420081277445,7,8,7.757390229332632,1.2465486189781934,9.167749442661073,28.22098278432575,62.19383085464049,Low
4.89609209230046,7.873452080206168,6.973684137934982,3,7,6.002521515633888,3.5351358375362167,6.019021491190336,36.623009772889795,64.29059409271117,Low
9.62436511478041,6.680502717492068,9.354479185948914,1,7,7.970888608845187,1.0883005413144238,6.686973971691327,40.12583421758609,52.93785595725424,Medium
5.1342051469130725,9.967704687212294,7.991053383348229,6,10,6.0187385270164295,4.713060086977893,3.1566265075186926,51.132772297553075,65.53479902204181,Medium
5.960642203306139,8.251773061153315,5.837088024444241,0,13,6.422708601323769,2.4147625974995917,1.5177106579880553,35.793870871256544,68.6943570813336,Low
5.922389101646203,7.046897153561517,7.350981694530939,5,14,3.238723594224605,3.5952123015839494,7.809006641364644,41.9720244164557,39.59996289235089,Medium
8.342386565416662,5.390821112399054,7.155033909214423,2,9,7.481707632350451,1.738488796322713,1.6087896054763537,40.78595018511273,49.455309752921224,Medium
6.557575482561958,6.212809972561759,7.013175343394551,3,7,8.59612931427069,2.285021664016594,7.496183721872113,25.49509099370776,63.77206363027065,Low
8.871613109010601,4.717239768795807,8.223906721720818,9,8,8.8416172703694,3.9891939288625196,5.999435757656422,45.25089608527952,38.49628036171629,Medium
5.9897640636341976,8.02444709683034,8.208955407674933,3,12,1.265077473558502,4.891983546955038,8.3802134166117,54.97448831182905,36.90388093601742,Medium
7.418491243335703,5.606668815431208,5.745682806250231,5,5,6.621380208695704,4.968213162437677,2.8519578052676327,54.844896030496905,44.47454940592721,Medium
5.746979420110364,7.468878974962918,7.283758122955538,5,12,9.905845007652234,4.2387180645927955,5.873766597402171,25.288538022503783,74.62161509990962,Low
10.0,10.740203707220742,5.233810157680413,3,8,6.2822409089760045,4.388772158816618,6.527542486155848,69.8451029714185,54.2992888064181,Medium
5.218602371455731,10.398599145843171,4.153855207368845,5,15,2.5414210677575775,4.8776154405102785,1.6686801399413356,61.757352102758475,51.53517835761517,Medium
7.464731065340541,7.935446211794765,5.4610124885920275,4,9,8.898472817273401,1.1612667590756924,7.650466154877565,28.746702664890712,65.86028107660083,Low
7.950665321398148,7.8258305477137,5.847443696520835,4,12,3.3787577336551076,1.6806017879411477,4.501264916930313,54.04888552849314,36.28525271831904,Medium
7.620698646177248,11.759749098842017,2.676838021644016,2,12,1.4051211360508835,1.210711114078916,2.1602268044126043,69.57841714716115,46.175409439686554,Medium
6.722068511683437,9.041512240717422,7.720665118833441,3,7,4.874661710419494,3.0046446131564313,4.483584399614578,53.7005784340861,55.21489556960199,Medium
6.805268950399861,7.344387080246954,1.0,6,10,1.9024542407397902,4.833956980018256,1.884713371449756,70.01461379759337,28.506863768817748,High
7.065717207968665,5.147963765759096,11.429633878972643,4,9,2.037180581538102,3.329744747599736,8.991962857337196,48.721473429365226,23.646569441919173,Medium
6.779496997557267,8.787746436329487,9.003758267592637,0,7,5.169602326802151,3.2216164634033726,5.110839106440782,48.92811066306444,61.00203717414582,Medium
8.445818675192365,9.658647545165724,5.477982551655373,4,15,6.514150708683197,4.306745406647696,2.2422525584842274,58.49568140052319,56.28981681786216,Medium
10.0,6.736696950972712,6.018852721127547,1,8,9.148528554928593,4.715795527278953,3.268861099549842,53.316926424711454,57.310501854257225,Medium
6.16376232248825,8.582405510276065,6.605943747174567,5,8,7.347276406112661,3.7942209261015103,7.521841930296209,39.61465354401207,64.37528147728072,Low
4.945295530631383,7.272853410169942,4.821679224022116,5,16,8.583428364606283,4.581509482151304,8.074793504576432,19.00992381630823,70.85322940838556,Low
6.8675769274731175,7.631935201601994,6.385238295173873,6,9,4.706059730858128,1.700865115980354,1.371847556504462,53.240631043851195,43.05485513007029,Medium
10.0,3.0243558848753374,5.712000044596678,4,14,3.8673252563189093,3.0136281274949206,1.53892186651491,57.09007472583758,12.212989316883597,Medium
5.794488148045404,7.556437192567729,5.811454565538068,2,12,6.33556240136408,2.4584201503739647,9.254666541002113,24.818586314723305,62.74088332820417,Low
9.4586752081661,9.938738604816109,6.362922126961277,2,9,7.259496106839391,2.3300852127450393,3.9788400510050317,57.08622043580208,60.309449415318475,Medium
9.51655122111466,6.737194888866884,3.3729444032920113,4,11,6.114254003663239,1.8570011981711594,2.7399148072153126,53.74720541294211,38.97855048971939,Medium
6.169617637438008,8.105052736430633,6.079139448267297,1,9,3.380691465157911,4.575986331537942,2.107518685329141,58.20126998754076,50.48985273152762,Medium
7.853474618777913,6.488098586616159,6.326895493234955,1,10,4.327515004045633,2.801476876602042,5.283617302757035,47.95562320590655,41.95528319149419,Medium
9.442594934692806,8.720883352585545,6.257699242711829,7,6,5.034742354503169,3.1210160970232383,7.939474249941452,66.38011989088184,35.77902684071704,Medium
6.43130838851877,7.566953604927653,5.568338489127691,6,9,1.127367136857723,2.105242786772813,5.69005990799017,58.26647499723098,27.12826036775734,Medium
6.694629459846458,6.121516918635987,8.275715551938744,3,9,8.91854906880953,4.851403572697117,1.186063116614997,40.307472966088696,64.42973669627544,Medium
6.127478629077034,10.665102935330255,5.2926948902368975,5,10,5.6026915281879495,3.444840013164658,5.355144693947346,51.19776412771054,63.63524040589247,Medium
5.4778649039606995,9.85786402706443,6.454651813646381,2,13,7.759269524959283,1.0027767154222857,3.8049136950604376,26.857743653619533,79.5562755710281,Low
6.026083682400989,6.790186472143651,8.594595067851092,5,4,2.5472016825046335,2.071569859207553,7.14573253154784,50.88528054143037,34.8166871938242,Medium
5.164089599856615,8.995576618835555,5.841247719959376,8,6,6.009793222781474,4.997390366295554,5.711580715536337,51.920738060342686,58.104679031630646,Medium
7.051125202388839,9.074824005640762,6.428926534935103,5,8,9.335180543667008,4.89909929537057,9.688034349409781,38.36320374673011,72.13213471821199,Low
5.845040153412038,9.284602470022351,5.8072307273702055,2,6,2.928491070077056,3.1784659063846,6.383477386331988,54.42194291672345,52.16542968938667,Medium
7.350678867686121,4.6114882080098445,8.474739587127198,5,11,4.112705807381814,3.2564690803366525,6.692328694959089,43.661234854028834,28.793156029656636,Medium
4.666156530694559,10.013213082065256,5.484550876827409,5,6,4.494908540354571,4.606353986756849,5.68207696022727,53.175469980213464,62.074603178099565,Medium
7.496320348321685,6.860602074148537,8.566709154576412,7,12,4.449732503923702,3.834263761828244,3.799049385623315,56.17586364364615,34.41865866918089,Medium
8.250293442413387,7.284344133117466,5.792824210705871,5,10,6.405603347479243,4.728865545092675,6.675428421257143,52.448375167961856,46.01854781344306,Medium
4.009396536142817,13.2757635045204,4.281080553103966,2,12,4.543932219290955,2.916531897507849,3.9962046991463875,46.18502897959949,82.66238762078144,Medium
7.561084854771358,8.603746761442023,7.358746341148242,4,8,7.066490468437586,4.903602868170406,7.4561333287102975,50.29443019728056,58.9165605671792,Medium
8.841503488709938,7.227355049105649,5.390664332488688,6,9,5.36104295469978,3.158199139552925,3.131617935737092,61.721645084142466,36.30461178794939,Medium
5.185538471963191,3.589411254488188,7.241001798198326,2,5,2.418633339852142,3.57935587699087,4.3089523148054925,43.75534903022149,31.53551538255504,Medium
9.508858580256554,10.779528267892712,1.0,2,11,9.537114119243466,1.3302674436861133,6.252834938885258,42.74773702871564,74.36454668229685,Medium
7.6285285140490675,5.309580658382795,6.010410523789893,1,11,3.1556470910261427,3.4465203803654925,6.656425321496097,46.837946959878934,32.83353516661317,Medium
5.942482216362387,5.993122193000993,5.080789402485039,4,13,6.062229351318053,4.071103785994492,7.017515751323346,31.954628722050355,51.33058476899798,Low
6.916346383513441,7.337295401824302,3.873482626937444,4,13,1.546246338641418,2.757217385355656,7.3028482184219365,52.05419127649884,29.936175373229407,Medium
7.837490368782584,10.832823583400586,4.893517996320401,5,12,9.267595120688341,3.0097528397114774,3.864757395013963,46.16165787827231,74.8940095534245,Medium
7.114008087118617,9.546479973331518,4.852593711414697,0,9,9.35196478062586,2.5733096845495416,9.033187668712955,27.570119164572194,82.88091957258456,Low
7.808133988669554,7.68432498031948,5.904028410298838,6,3,4.280895315499026,4.876166029091873,1.269402474290271,75.72704448726681,37.122990756399396,High
5.61898961038095,8.616584127277642,3.2653470774300883,5,8,2.0888214500895455,2.906496945282493,2.6958694421650016,60.405042094071895,41.03691495815524,Medium
7.254041236054117,6.799228614257789,6.632547560519427,4,13,7.929857047740011,1.5048453768106897,1.6312673761084948,34.42487074843426,57.830354310256816,Low
4.87942825464253,8.279307379130701,8.732429570411576,6,6,3.360274086016649,1.1154887313546005,7.043832751471338,42.12470224562772,47.36993455010374,Medium
6.83316090797695,8.146673489556273,6.561856993895653,4,10,7.305540736753052,4.089876788279048,3.462987128277044,46.13426203008716,61.53286470506091,Medium
5.6441385378028155,9.937539791362706,7.617977218458018,0,16,9.236333774080965,3.1906913937466475,2.7923815652848374,25.777825921473763,90.06377357229178,Low
5.89670508611535,9.934356244877899,8.18912490922759,2,8,6.3121445966574905,1.011082021463357,5.3260073881627426,37.173896105039375,70.93841478111968,Low
8.854139762815656,8.98795476441129,8.472979024368353,5,13,8.751137599089759,2.5300905494588872,6.571427695724224,41.84830745195576,61.20508409537484,Medium
8.636965180891403,7.275304884907795,9.74027738564261,4,9,3.021836070374432,4.6561970806394255,6.573214803284101,66.43940784570438,29.561062287458007,Medium
7.913707181360765,9.483644588780253,5.00159600344814,3,9,9.193876762740583,4.791019704208805,6.017072765016135,46.55154570919432,72.91996423948231,Medium
5.361530852991132,7.816063067593907,4.5630320296777676,7,9,3.039800968015986,1.214236993382646,9.927877240177546,38.38834928974092,40.18243651110894,Low
6.525387325457797,5.836171262573734,7.56693129664947,2,6,3.0322010137857833,1.4936896547943483,8.741932994396013,39.93513892947511,37.06211333483224,Low
8.819646549968775,7.1934244161781224,7.4165324393148,5,6,8.918819947308275,1.0194813801351548,3.149741846048687,44.25524360189666,55.57169076127043,Medium
7.212575370459857,8.169053967568649,7.5513505992313785,5,16,5.994131357754867,4.4746948490438125,7.828446336864216,42.19859562072798,51.71097151656983,Medium
10.0,9.820431567329491,9.778564908500504,3,14,8.19497452540632,1.2835449033020763,6.123674997818099,45.61868655382463,60.300071895787674,Medium
7.589976759091558,7.632943655685694,6.022739817596988,1,5,8.222398718798246,1.431600608879584,1.634671439581671,42.10576846351596,66.41211654172672,Medium
7.288073674735047,5.581602577520788,6.852313119292369,3,9,6.82265187951839,1.9104905982989306,1.4462297643044966,40.041829817086835,49.61014560482265,Medium
6.536325303696248,8.11348336659364,4.03922349703305,3,10,2.70166350192748,4.668998206581339,8.196571475607172,54.4980650374561,41.93414746800738,Medium
7.200311357173423,8.226912080113104,10.270642247951915,8,12,7.228846315258086,3.752936029145928,5.9049162070834225,45.757192342442224,52.51493095328852,Medium
6.771295245429184,8.371675257805506,5.326910157581778,2,17,1.572712000877166,3.467525439069796,6.1419239996907775,51.68663817027897,38.175851198962164,Medium
8.062163015032885,9.83974303190886,5.38356814367834,4,6,2.8060124155182473,4.138627622692583,4.026421493854878,76.21010014299885,40.40775715489913,High
8.435053475191875,10.037846480179796,5.306500217983515,5,14,6.786206491324385,3.773137990570091,9.373132640125114,47.91224165871349,57.22643669656012,Medium
5.821015809238076,6.811578255236666,4.710208282711324,4,6,9.170288172095594,3.9837072827247364,7.420130040253337,28.576252056779023,70.11545426293956,Low
5.003150569663333,6.767713083902113,4.541125902304701,3,9,7.945235286725494,1.2946257547918552,9.349952457153327,13.375097176913432,69.2944178759861,Low
4.245691940345055,5.919602578089053,4.95259143422095,5,10,3.992119825983975,3.3590611857639874,1.8934053167432081,40.26146915309665,46.347250677804446,Medium
7.761986990368816,9.397631340560952,3.2684081438981107,1,7,8.413316026052499,4.012829149023515,6.253564144252919,45.60004257328946,73.10488176475964,Medium
5.344950090739189,10.89764021667543,4.429364159473524,2,8,9.699375630617448,3.262634481333183,6.737745248448537,29.438222833813526,93.47367723630856,Low
3.7706641105712757,7.369836144182154,9.897926222895238,4,11,3.9875530700733433,1.0471794934580965,2.133939904833499,32.054433632645456,55.54176572964374,Low
7.582867906796446,7.5171388705500135,7.471310287282737,4,9,2.681428885595442,1.8444795579315172,4.116384892933124,58.03372224026664,33.30658633074181,Medium
10.0,10.933565113797952,7.851808353455436,5,19,2.7776301102578578,4.851599988267963,2.933239124783503,80.60669892196093,34.13356334984501,High
6.99089363269016,9.011115706430015,8.35441757483383,4,11,4.602912605601634,3.8187785636845755,9.860130780241732,47.15626296971454,50.7752035233627,Medium
8.257736161677464,8.87247140960211,9.66826912872478,1,12,1.470910669968959,3.754019603520918,5.890736720367917,66.27812393443973,34.977277209876526,Medium
7.122744037821348,5.618166988052547,2.457154897112312,8,7,5.3898161002799565,3.641009767273235,3.8373482168112543,53.210430335194225,34.223049041808494,Medium
6.851665520213286,9.357456138558838,3.540233769426919,3,8,7.590686853400979,1.5112320007329036,6.9804698684078685,36.02553746154142,69.14872081298951,Low
8.378614724481652,6.141727318980483,4.392552678210629,2,6,5.774135858375036,1.0163311239677748,6.935928583827181,41.68302516860683,43.68423648608403,Medium
6.564588183717023,5.731959628130084,5.060540407020804,5,12,9.730452217793601,2.762609272287049,4.125973383482629,23.809623069030927,63.8581765946106,Low
7.401088471107855,7.306456846466576,5.398861218829502,2,5,5.1553071710977125,2.7772976193812418,9.945305730859785,43.68513526381864,49.13126263486565,Medium
7.48254670929402,6.82841455310262,5.106044894387918,6,8,1.119329606277116,4.247221804672207,8.280654242400939,65.39832219254328,19.857200052264524,Medium
5.997864319535427,7.556800611229922,6.4386178262641085,5,14,5.231119192241492,1.726270065429516,4.602863528032934,35.718275854491,50.92914035977015,Low
8.488063524304785,5.118036730950163,6.070590781490432,1,5,9.368939407459843,2.1004446523966953,6.9405340986726785,30.084494698755776,58.92666936551979,Low
6.737560364956887,9.917632612935344,4.554330409643501,6,12,1.862752182260258,1.3129693267574738,7.394856604560121,55.09823374224185,38.07293301172968,Medium
5.866382260760733,10.255372589032858,1.6489024460248602,4,10,3.0067071088003003,2.5995001411518563,2.564348676967793,58.76734403573292,52.35002722864051,Medium
7.804764765355605,4.105315051718371,4.014262589242604,6,14,7.440033398586719,2.023958993970645,8.903432549147347,23.57311969529402,39.467692569017174,Low
5.652298027313444,9.9569156113331,4.901522693374849,3,8,3.6469061699170897,2.051583376608544,8.434340289103261,44.96361432055623,57.15240266457611,Medium
7.042271736053692,6.378942740356747,5.505841126384561,5,11,7.887168272415044,2.0162123484744705,7.801074376438995,27.596836295660566,55.143261407973895,Low
6.986321505033695,9.713951073965571,3.740665081378926,1,9,4.773918137443951,1.9260740365953737,3.004084549388149,52.002454315021296,59.74092956339124,Medium
8.628843348747367,7.863107014667169,5.0183870670071595,5,15,8.164604123406466,2.279172121165194,2.226248333266885,43.76901452712469,55.15459114111728,Medium
7.7120473493199295,8.057551128161997,3.7380252230288273,4,7,5.9637964194557265,3.146760659127591,2.624932753392125,56.656684000094316,50.84734061982701,Medium
6.962459561882284,7.629804701157562,5.748361296903334,4,17,1.7422176998681143,2.750841108580323,1.8371692833217281,56.60773529625591,31.776318629407175,Medium
8.22664944880043,10.424258408466972,3.8538173432747693,2,17,4.475226293007708,1.253787844902499,9.462617469713212,42.10719573180136,53.723738557167025,Medium
9.08531132352597,5.520823974949943,4.3021906872590705,4,15,3.9992349705482724,2.7034394550390863,8.663450046343627,45.42720363324941,25.975205701474835,Medium
7.8367154595277935,9.215680677470017,3.382631738021722,5,9,8.290730766440578,4.385113018050342,1.8170152019101593,55.94260979756304,64.15238989169671,Medium
7.015528929765071,10.2026603297791,5.6929986088604325,5,11,6.6239047671651035,1.4028164698688577,7.101736354054193,40.9404657107593,63.13147518299783,Medium
5.032245651474761,9.432680161080821,4.2671044600952035,3,13,7.9966072765493905,4.777446397326621,3.2102861521669865,36.152432446301894,79.22930646763464,Low
5.402329505386941,12.649397828646835,7.813568533350859,2,4,4.349347830230225,2.2343614830599496,1.1554628798074338,62.83862676598317,73.4216623210807,Medium
6.542162943467998,6.942106474550602,6.811700533385798,5,13,7.225689333707129,1.0581425176060106,3.631529237746565,30.256860034561793,56.11724568569686,Low
6.0857316967610755,9.914609645187063,5.860296263632714,4,11,1.5871094838987947,2.0126223162572687,4.960270623815141,57.601104611997215,43.18817891025568,Medium
6.7195430455218315,7.787818729317159,4.405029005312423,2,12,1.330511118684576,1.2786384822188137,1.180343427587806,56.80198140418777,35.060842873272165,Medium
7.084974887345661,10.466812152705339,6.761040610632605,5,12,3.587210888332862,3.265525384226688,3.9134802774503497,62.4100913390359,48.90441033061785,Medium
7.794539131535096,7.9846220085572615,7.381401778697274,4,8,7.96329259486814,2.2653005102021986,7.303173663598829,38.84261119947978,60.03626786630822,Low
6.894251832911364,7.224248436275061,6.285376824403261,2,14,5.806787292478934,4.227506455698682,3.0558561313104313,44.364709213654024,54.20168665033947,Medium
7.729752465739303,10.612144407743259,9.20740371093386,3,11,4.6793961162070685,3.930500352495008,5.3640367779321885,60.962529362387876,55.710428542274606,Medium
7.096711622215181,7.01687612196214,6.919274636149632,6,7,9.069711655952393,2.8743858379471035,8.988228217328157,31.196395689250235,61.21987719566584,Low
4.036800150469193,5.174548482198888,7.827214435136068,4,16,5.4762544330771314,3.2424064433652178,1.2555188488808413,25.447242293794975,53.62493053182003,Low
5.590996909271869,6.966306233652343,6.267130831071956,4,7,6.520502294186459,3.4350784039240807,8.070734310397533,33.5732141591189,58.6700253328034,Low
6.783868666417577,9.238065893177065,7.351328906513953,4,10,9.872457525324844,2.08281874958198,4.455035412725878,31.81395278293855,78.35693847045113,Low
5.185457885738339,10.784077503174183,4.40643753466165,3,17,5.7015277349035305,1.55750549277675,5.870349019325108,30.559208499255874,72.2830061673179,Low
7.899893094994306,8.222258750593024,5.083203273574412,3,13,8.051523531521836,2.5060752642174267,3.0778455489525878,40.756256304630625,62.73155008200766,Medium
9.296126248515545,10.63639413446805,6.69872710696476,4,11,4.72442999977341,1.3794301844559196,6.210536145943543,60.770298224536525,47.455121093583315,Medium
8.828142777545974,5.2836501570448124,6.684198963114763,2,7,1.327063829929442,2.2594535016215542,7.576296845738952,59.50340591094393,16.7744526031983,Medium
6.679835693604688,7.113473070364194,7.015223645886495,4,7,8.510248631942417,3.2104086431108643,2.813841367096937,39.76611741893093,64.3002471662778,Low
9.236089205274927,7.422849765691797,8.200785784557459,5,5,9.499641345610469,3.160450096525869,4.089419359897151,51.037828330799265,57.47807243944633,Medium
7.2230011858031675,7.770881145054961,3.150057656369176,5,15,4.909438219482724,1.4824534977570227,6.106410979370841,39.602042740558154,44.87825286030051,Low
6.494371043322941,8.168188776500394,4.051094904779408,5,13,5.532726417193171,1.0333564000160314,4.751028972327015,37.40913546901069,52.527372136037464,Low
6.079896004688591,9.381821914784386,6.459145282148507,7,16,4.817241105439911,1.3557742477625925,3.6383759009992973,42.62374848527976,51.58231092850103,Medium
6.546295470267808,7.11038632365902,4.551272736393079,4,14,9.972152349215223,1.1446001678034707,5.0651868960718875,16.906535997475086,72.03580829756888,Low
6.417734772188156,8.27805737390625,12.0,2,13,9.130249482113102,2.6018755576291395,3.617449904625393,27.9103421471678,76.43414688649226,Low
7.255624333563231,7.909754219351897,7.031439238340272,4,12,1.3699130231363275,2.559000744689979,3.716862250373053,61.79328554605148,29.7209674042418,Medium
7.240860971574797,6.1482201922177,5.843338302139686,4,14,8.011168031755355,1.9664614612183349,6.495703095639292,25.339083901644504,55.89006769945436,Low
7.004569030230122,7.772666621837129,4.969061453832282,3,8,6.407530701845534,1.8617778386594384,5.293587445045283,40.650851983566675,56.85406077904511,Medium
7.655407254619525,7.712680940205764,5.039675433613911,5,11,1.226275334001493,2.585679665833626,7.093650021791816,60.795584630683585,24.734223152507504,Medium
8.785969412179512,7.6698388699939075,6.060281322630355,3,17,5.002410501218102,1.3462943128909877,8.537004990737056,38.76648453064757,41.93206215287758,Low
8.424331203161985,8.063518913162902,6.223963865242515,5,8,2.347404256659762,1.857236499980865,9.486687957660076,58.774877177817984,28.225297698661933,Medium
4.772653047325145,8.151347081226772,5.086601710612974,6,10,8.8574298004497,2.622767619418234,2.362161977022408,29.298577504797134,74.33196244984408,Low
3.169118297647068,7.13540964178534,5.453695506960196,0,12,1.1142888109841895,1.3793196569743147,6.635713106677788,27.66617383895584,50.52322983424051,Low
8.40147986685891,10.54542946794253,8.688569150469192,3,9,8.857952268540389,4.363254691218442,6.24159584435135,51.30301143731049,73.08490329424842,Medium
4.949681952376869,5.661038741593966,8.769009925302068,5,7,9.467552337851869,3.7040739918270917,8.802507305869131,17.143756952135455,69.24091367283445,Low
6.662851897160975,6.558059783060207,6.504067959869754,6,6,1.6568601984571574,2.532476995385911,9.063009146042495,54.18293341703746,25.01934362128534,Medium
5.244830460910961,13.559927248447112,3.3174805455265246,4,9,7.478537792922918,1.6015932369154982,7.844523323638142,37.905616469365626,89.12354073811754,Low
4.297029343629971,5.92401729002154,7.077006313278087,4,9,5.940029731650621,1.7767492474749371,6.359156461135685,21.86924515887459,57.5415758306833,Low
7.812194092307182,5.292490650580483,9.108564883222051,5,11,9.588490485248844,1.480358338990976,2.7933651980709757,28.7035627519743,56.18747469930162,Low
8.138732740453971,9.468953490002436,8.739562203924757,3,13,8.183347128378413,1.6403353090941328,3.4897455765040335,41.40472567512193,66.94106235575899,Medium
6.135234398909921,3.845760292452252,7.468851705619334,2,5,7.249726402842257,2.6900565558806213,6.424903799226721,26.011330866333953,52.107447366267955,Low
3.113436561782635,7.529452180055122,8.844845910571642,1,4,9.329587485951953,1.9826586611252388,2.254093878645703,16.766681614182513,90.6847644092761,Low
6.180633327621276,12.291649850152977,6.106768544958044,5,11,2.443147580294511,4.538313907444897,2.655677560695066,73.39673924496748,53.889246377601516,High
7.58770600810382,4.910128155693199,7.25620593966741,3,7,4.383639892459121,4.843714920136799,9.202890426478211,47.72831869576935,33.884235665424406,Medium
4.781632646838807,4.036071028522573,4.63844886734964,8,12,8.586476732827707,3.7654601739645703,9.60680807802289,12.195841915177782,54.138377480679935,Low
7.275039879668734,5.001637596084604,6.584530912311425,2,7,1.9142691142874142,4.235044437787531,1.0471123443446493,64.81270702785767,25.28642037517373,Medium
6.977035226240507,9.796719136693971,8.659068487941049,5,12,9.419026141708526,2.020478142316486,8.76233735067776,28.03392259889294,75.5184289221929,Low
7.8689372494016325,10.249553439971624,4.821153177026218,4,8,7.706399154011289,3.6600958966324932,9.442122167486035,46.92637903521158,66.7917575092852,Medium
7.17937055262123,6.974822406042982,4.277113141071427,4,8,4.953996400621431,1.2319946117445113,5.731655244080764,43.12452214930984,44.1946643232576,Medium
5.540396588677667,9.366424808002138,6.194977878047394,7,13,4.0484922955458,4.840864341235983,5.0401045792860675,54.18031960778187,50.06980585251662,Medium
8.794857252496737,10.78051065502398,5.546675592552001,4,10,2.3284576284596117,3.6808278612277667,9.269195466893978,70.53700940262404,38.3807447223235,High
6.762205640459545,11.57469282885965,7.298295442140841,7,7,1.8430617240872904,2.2674046858919326,1.0677984106308873,78.28707921281645,42.128758903529615,High
6.959043190735102,7.507329437640304,5.093480948105915,3,14,4.81235121064966,4.092166235135626,8.56437252622046,41.13851395940004,48.24549213749636,Medium
5.600098061390206,3.3970565646600264,9.436879231205427,6,13,8.587886432206615,1.0631977968159565,3.669184594387442,12.491728940963414,51.959631723616575,Low
6.335076623212735,6.358242155180626,3.4206478040778885,8,7,5.786654838848064,2.5049449415616447,6.770459854388828,41.67671373722541,42.27593432324528,Medium
5.672795928959649,7.146391610129485,8.507469572439469,6,8,5.060339015636954,4.582631051857681,3.908782255220266,50.595737818997,48.136315426299355,Medium
6.740580910114866,7.482122406843219,4.470301543383794,4,5,3.8713826668562388,2.0527982523129285,5.706502669352405,51.6724821401919,42.63327017091902,Medium
9.567562720213516,7.624281197982561,2.4080345308319533,5,11,2.412549201871905,3.671657248316253,8.274854460151566,67.61665330727136,22.019861588573203,Medium
4.942148285602966,10.237789195861339,6.475750312697735,3,11,9.910893653539157,2.4404147295987704,2.631420619069347,26.66733579659794,91.97253669463899,Low
4.579657903184888,10.548856853375163,5.490784027972233,1,13,1.2315933371708052,2.569457342746776,6.975267571228788,46.30502549845843,55.76472096514601,Medium
9.206755491240413,7.656652692150433,3.7807812641939385,1,12,3.8063431156226235,3.9837482006179363,9.08503151983472,55.47437859555442,37.88798973230414,Medium
6.686014484272201,10.196969752103637,2.637246216569472,3,15,7.924415005257373,4.640823992787652,9.109465376940856,35.307820102186504,74.58717978701507,Low
5.996390892010125,8.715322733262179,5.983278425457087,6,17,5.685023406192883,1.6668740918616383,9.047088433079626,28.007715458526732,55.58629346711895,Low
8.559857031094115,8.129011945725143,7.951673783247635,2,9,3.824694107328686,2.1075684350221873,5.666170915859255,56.88677136759065,40.653848283589085,Medium
6.091576690394704,9.813088314219927,7.169906986172888,1,6,9.934653751244321,2.951140730490534,7.909311279096968,27.911747925026308,89.27116174836517,Low
9.739014570320403,8.144504096475831,6.113413297678531,2,17,6.572526796104144,3.4552642636304447,5.021719707640721,50.066534109020154,49.13160477835426,Medium
8.016888807008904,12.115622354195525,6.95769514643547,5,8,3.656402048405019,2.8711484511496033,5.141470484593382,72.13413856335669,51.31067244509665,High
6.268132887781446,5.123177666410882,5.945571735244286,3,14,8.631578288814683,4.222114779728572,3.5546884445491544,25.93268657504259,61.178654454932534,Low
10.0,6.969658201815965,3.1405515139392577,3,11,2.351477365907081,4.0723795384589945,3.5670472193427862,74.77429402384071,21.134533671680707,High
6.091427615494992,7.7469622060921,3.1582120295531135,5,7,5.17216667337233,2.6209716881423777,1.3404188976855742,51.7923014823839,50.93797683878998,Medium
8.11314305801396,8.878905380915981,5.593662942030642,2,14,8.556299166235718,1.1624474906421534,5.783244615161505,31.406767587692975,68.5496084463721,Low
7.448938870609738,10.535920974206178,5.678693427267851,3,14,9.852922471264364,1.7779855152695174,3.7788482296829295,33.59041158254798,82.0220683567538,Low
8.952611934098197,7.951202865527686,7.70196535701353,1,11,4.447518332384136,2.947810596836981,2.68917789663767,60.28566490498917,43.209443636766906,Medium
9.342266795090278,5.1555407009875855,7.514608447549494,8,10,2.2429869292270386,4.710055026648267,2.0954153689859347,77.50952093304352,7.549221062955354,High
7.04800622359865,9.68502779291001,7.210266031517898,6,6,6.102365680548355,3.270277947407179,4.122989469617084,58.07421912572526,56.687705459168804,Medium
5.869873194480725,9.509917532283929,5.439434573845639,4,10,9.495937343304334,3.1215796257734802,9.091095058058976,25.26230631558616,81.4341849462525,Low
7.689958214408675,4.116282681241188,3.238695659779721,3,11,6.990505625966602,3.8958801732120323,5.647614179083137,35.35343306406538,43.31552869008773,Low
5.983426945371841,7.992391732658401,6.824142274132048,2,13,6.419435853998033,1.6091797926257079,6.012423761023918,27.942635052163894,63.94563783589007,Low
10.0,4.819716338639404,7.050338626524336,1,16,3.7836277915780965,1.5876738725549489,1.4889509211079606,52.571039894854266,23.9300179134083,Medium
7.204802996624106,6.670697804995875,1.2229370750446282,5,15,6.457058378506152,2.3815806978773337,5.678617073769109,34.57455787836239,48.5016057985689,Low
6.452017673031837,6.194382146074401,4.331323626834674,6,10,8.962101977222726,4.979410526185736,7.0085056686097875,32.608439030744826,60.432928330928405,Low
7.277020458797363,9.618529396483972,4.617891245212208,5,9,4.379733899136711,4.5037673299976,2.356436978735403,67.63885131035704,48.846856553987365,Medium
4.979310565705456,8.233660348344367,6.236700402246872,0,7,3.1784828854991107,3.720455601739225,9.851984163835407,39.69656663166226,56.92177057547111,Low
5.542578942234023,5.428817998487945,4.393279134468612,7,8,5.328618147881516,2.5646196914518846,9.23603039009169,31.249559241198842,41.850648546049065,Low
8.800620861916638,9.760131925914685,5.92373086235072,1,10,4.385690148918906,3.218695820706967,9.937920356412766,55.09194994548166,50.21594566685923,Medium
6.014658581542906,5.132388352143171,5.578930119294016,3,13,5.229333941496991,2.214216471636219,4.242852824396508,30.6418265904081,45.606086947435244,Low
5.42963352597709,8.660227580941887,5.6817010569245445,3,14,1.8615667605214243,3.697228048744211,8.400692405093126,45.864087761690584,44.575663521674905,Medium
7.804979128790929,6.371978661416889,4.567211412598508,1,8,4.0258899947464695,2.675382646229923,3.958621449143987,52.17883471767938,40.25608301152767,Medium
8.778556231994495,7.26864583493896,4.722029891866645,3,14,8.438930262047794,1.4808635769688676,7.7421661629567975,30.107824890681954,57.350379347585424,Low
8.0784299659976,9.008541496076768,3.8394658804386146,3,9,4.60288998292897,1.8603518163922383,9.530468043805085,48.22996066272576,47.93627500992462,Medium
8.494071528708725,9.042898798119058,6.760134881147664,4,7,9.71105590958793,3.434771165347125,2.395185546638774,51.00144063787027,69.50372106826428,Medium
5.864807367145809,10.67393814711192,7.142205257182736,5,8,7.379603300793169,3.7782588107640382,2.262878850442168,51.32878579867661,73.51485876777906,Medium
4.867283999887235,7.835492600657093,4.458764099749322,2,10,4.294329278895704,1.3840866585366447,1.939640443808063,38.059654360954276,57.732620774879926,Low
9.25200047793323,8.612901725926681,9.041280192034089,4,5,3.264973196630349,4.2333639082885846,8.185156878530297,72.45084410872144,33.036090599148174,High
6.515980241736797,7.12452535519135,5.370797105115902,3,8,7.168311883830196,4.297389543659693,6.999702445902675,38.628871393746174,60.29970381149853,Low
6.623750475317429,8.363979765245595,9.060371247593121,6,12,3.72201840980539,3.8923276571081007,5.700836427703054,54.40170219465885,41.96717241815159,Medium
8.992291212773587,8.878972096017023,4.7157456523367935,4,11,9.34203537871998,3.734354137784363,7.965213885673493,42.73980595069058,64.95048468037763,Medium
7.83434501410099,7.803380305091248,1.946844446801129,1,13,2.0470229323924225,1.9274743440957414,8.649308600063797,48.47046170141249,35.68761925358363,Medium
7.683831658122411,4.3924990318150074,6.804395649824703,5,6,1.2586630111445136,4.678487849654305,9.545755866216313,60.10935965365224,12.552025265047664,Medium
10.0,8.66294179266179,6.497090210237975,5,9,2.989240979068161,2.0742942206760726,2.8112594465413756,75.93989686669998,26.815487806314753,High
6.034722654429785,8.729122954710913,6.068787590615166,5,17,6.459572199710911,1.7300185572698328,4.975089637224802,30.882389274837458,61.11332683791494,Low
8.391760192121856,6.639653047304098,4.7155350431120215,7,8,8.514658018649197,3.554136146815796,9.307120075893945,40.43137023973921,49.70739379623967,Medium
7.085519687345627,5.431225927854971,5.930855549028362,5,14,2.5311526294942612,2.456417179781912,5.15191337647815,46.90055532665111,25.187814031673728,Medium
7.402888418294886,10.951758301007931,4.977481084260946,5,12,6.262505731057758,4.732112338647783,5.3888952161418,57.93868747391213,62.45178259638816,Medium
9.292702639618797,8.982891021788804,5.395300867336498,3,11,2.2973778998644017,2.840998433833402,9.48200707627311,63.65379708533672,31.315121446144683,Medium
7.761753634434435,7.541837938156581,7.68326451153015,4,12,6.068607834975003,1.6548741722046154,7.612086659460196,37.88787914101771,49.250279107899814,Low
7.807444118574449,5.725934233705026,6.368434459060187,6,16,1.163640503010559,4.830114589579404,5.968433432680332,61.23881372481982,14.622250943677384,Medium
8.608761005964704,6.356370343157308,7.219902774663955,5,14,6.020263795771197,3.0617356547706605,4.2155757878716,47.858865406806295,39.17339646421818,Medium
6.452570905685672,10.605180793572464,5.5362629867484205,4,7,5.695982541686452,3.0742356992717177,9.23814521980312,47.32710183517617,64.31679055898486,Medium
5.7411854989914906,8.275323881736092,5.3159653083904495,3,12,1.3856314533504404,2.5432107553774466,1.0804465296532755,57.90335295331681,39.486027719393775,Medium
5.43278620896845,6.898825865998587,3.693034938222713,2,7,7.204752020446189,4.343975100112821,3.8890557827475796,37.298136157902526,66.13882989894276,Low
4.050465115935998,9.019378462449312,5.259926774863606,4,13,6.150290965678475,2.1505744827440365,9.514658421566752,19.98652718563792,71.02366398927444,Low
10.0,6.371203625107352,1.0,1,9,6.607875511466833,1.0548388315611437,5.48383417187323,45.82863462599355,43.49843207529609,Medium
5.345187451417475,11.001686060560758,4.8195560673887305,6,6,5.767965518649824,2.9891117076403426,6.614691697743387,49.25080790133,67.20368432211866,Medium
6.6681195646213425,10.70560106979345,5.836251645618322,7,9,7.497942599317644,4.703547646569088,5.793540374865352,53.537837653196604,67.08271586358605,Medium
6.584780050166619,7.066851857594447,7.127347308540312,3,9,5.725034778826024,2.0930667461774997,4.576246342590755,39.93044589096916,52.70990141439474,Low
7.461110046713651,6.7426595059382795,5.462644244950086,1,14,9.30042792034052,2.0652217467738043,6.987541955083598,19.854238268368462,68.97883893082385,Low
8.223605818808945,2.7637336026154404,6.695347084489999,3,5,9.49158399667585,3.952399517776209,7.8982725416970325,28.532984811867816,48.319311017710646,Low
8.290710232539618,5.036838456897264,1.640422677219509,6,13,7.540079424433796,4.102133336256729,4.2798374365047405,42.56095749101192,41.300386968066086,Medium
6.125383842146592,5.321060450084488,5.886326295586101,5,11,9.205857978981458,2.74222615074059,6.314693038348247,19.995947504226656,61.65756313416787,Low
6.749317429320382,8.270380681974771,2.640994414173193,7,8,9.308393397650018,4.334573084492144,1.7448233043789838,47.35192665201348,66.65574558209185,Medium
7.42386992573245,7.347532591117281,3.5833929686813346,3,12,3.357986173603714,1.6877323360147334,5.928381232829784,47.0209972601439,38.52505400971186,Medium
6.62696331072468,5.309329025169517,5.6256689042722785,2,9,9.945367102625358,2.4681014934437875,7.729746683830118,15.851897181235136,68.60992985048037,Low
9.411018364029989,7.437671915070886,8.55252797574711,1,10,3.406931460141144,2.6171116612670886,6.2671945592586,59.56117546888835,34.24515023200756,Medium
7.7364624274573774,9.010674295294697,6.742413526940117,4,8,1.166852872997434,2.2511835728251737,8.906028670146938,62.97885709519024,30.711672352683365,Medium
8.102316679074725,9.055678699831175,6.036461994274235,7,8,9.660024670377739,1.870950196076576,3.5757386848535377,44.65402592335135,65.46202372355545,Medium
7.994321903001119,4.200659438282237,5.960939221065796,4,9,3.0134623792619686,2.35259811576917,5.42580462917695,50.02516650505097,20.963791317944448,Medium
8.760210786227987,7.743473039032338,4.572742213591066,4,9,6.257087769362199,1.0720127341430308,1.787319575269784,53.039953216802346,46.63022121935405,Medium
7.27153233805556,5.23331844605678,4.912033173254633,3,12,9.736013417274886,3.813400139040274,7.300188213058566,22.43978101610105,62.6952399072071,Low
5.05475207806623,9.803457394280548,6.854752090941594,4,8,1.445053557875698,3.735836938121248,4.986023604445007,60.866977408238576,46.50867710217659,Medium
7.599531927628963,9.568292832706996,3.2292789631110113,6,10,3.4238075828961234,2.800872448841333,5.773289270352713,62.11852882250851,40.74638732071248,Medium
6.022964659312256,6.203945547351083,7.1861081005660425,4,8,6.479415753432817,2.291662335462734,2.1555519682609865,38.520180156615886,53.808035805290764,Low
6.207074977375365,6.467909595199201,5.222985865762294,5,9,7.8630225092482915,2.736374143609796,9.976166432915486,24.560128575343597,58.93821418647237,Low
7.87954602813264,7.077465899003386,7.651114149739131,1,11,8.266298021667481,4.746083263955681,7.947280239445013,36.36191893483095,63.33993634023861,Low
8.857424607150453,3.4944132105373216,7.922186914464167,5,7,8.954608395033558,3.414259395596937,4.605667959708635,38.95752506300896,41.9718350611456,Low
7.031907365104092,8.671936346881154,2.65383197498852,4,7,2.5159242293358215,3.9254292632723162,6.129637456469162,64.098970709029,39.11000730941857,Medium
7.463249518898445,7.454310907319739,4.836838473545564,3,14,4.330335977624978,1.9180669812451878,6.568454246996795,41.697693143769335,43.52025640851579,Medium
9.553322416952856,9.940350165135719,4.288944624118752,2,4,7.428288250017856,1.3790318893009124,9.64689427748899,50.47487185558553,60.737263118443494,Medium
7.361129769232853,5.803181564074895,2.374544069853714,4,8,7.437790342117385,1.3327397388364672,7.91549749104579,29.13568509794151,51.2902930148221,Low
10.0,6.761754103500136,3.934933447581179,4,8,3.7724921100708486,2.8880754143143377,4.147001371901997,68.7277204509551,25.50218215910646,Medium
7.848264468447316,4.986949483921769,10.88251169053068,3,9,3.738007347687267,3.8667453516441306,9.79935137519749,45.61162324040396,29.88010438018538,Medium
4.358855861266274,5.991418873011494,7.219019792424881,6,10,3.8857781219466814,4.096481530376218,3.7161667705041226,41.892320020291415,43.76372944038379,Medium
8.130012431656798,5.636036007863562,9.834575937211508,6,11,9.028721706468275,3.8816392279600387,6.192514586246668,36.38143054414257,51.50031163780716,Low
7.571737577324167,9.991947357692892,7.658196880036671,7,11,9.185596864191982,4.651049950592681,7.3060091069068225,45.77129122836338,68.85781161215375,Medium
8.934629131124119,6.603476302497215,4.5163136779830495,2,13,1.133447280263559,1.2080097835687447,3.440132131525278,61.097356696134696,20.224448521158855,Medium
8.009772026904937,8.248351369489226,5.236457606651914,1,16,3.925147524297877,4.421357954259322,9.607249852086687,46.897398006728125,45.78794784266339,Medium
6.792316024024339,7.238473192276391,7.176872360480615,5,8,4.528319744622154,3.6427063824158887,2.9449891203735508,56.02870876133789,42.89791379885895,Medium
5.163552645565952,5.461069467974374,6.875012406946072,5,12,9.841469367741693,1.7020804480105225,4.975959015105394,11.005933142916714,69.42150678287533,Low
6.686465114070963,7.663399153656715,4.845315968583332,3,12,9.497510376265014,3.72952293935051,2.6188597148218977,33.43185574579177,72.98025324567622,Low
5.72421931868605,9.19820666372719,2.980013658841586,2,10,6.6549260332295646,3.047038240550285,8.87488784895625,31.943083216819435,70.65181844401597,Low
6.129214825292916,5.584481214913295,12.0,5,14,1.4122477116713463,2.436164986136806,2.9944109807475554,49.653205170467785,24.367381111596497,Medium
7.8828676066309145,9.618225581462758,5.717700655314388,6,8,2.720953492264114,1.9918326366634576,1.3126728988132694,72.61012605209568,36.26471712382826,High
9.50485675652711,6.300558157044607,5.3485222136347605,4,9,4.907856340833176,2.8566175489789303,1.350463622773547,64.12642762527577,31.50204811908013,Medium
7.592007294734472,7.034032147854319,6.2266689278106035,3,8,9.631320624080084,1.956530580756838,4.7237803782935694,31.39757800230953,67.43258230586498,Low
5.2061754069472235,9.061366246020096,5.514542821377943,3,18,1.8523395035947665,1.3313883358565337,5.704998477591713,38.57064931890289,46.96611758632141,Low
7.666904002330211,6.673127685561024,6.245457815410967,4,16,8.1221711691609,4.38448023367995,1.3747476855172396,41.681024408906275,56.537280880859576,Medium
8.794947229968477,8.075149718671732,8.573894572232838,7,8,2.7207263168363998,3.3713479274247713,1.8357881179133644,77.77898952306651,24.828462373754856,High
6.085325643520926,7.370618342423815,5.750903040627152,7,6,5.5706599680948985,2.454678633553322,1.8771665904405954,51.10743284532223,47.854298315207934,Medium
6.798974249990623,8.258736013407637,3.674579121344477,4,8,7.902737350340228,2.7867199225310193,7.016511563486589,36.710274322358345,65.02250584422224,Low
7.022032292093796,3.2385217889530056,5.676712411042778,4,7,7.232458132323017,4.459309470438754,3.698335184564877,38.65805090335013,42.30011013505473,Low
5.82265253037664,4.340636369583834,5.071196437180179,4,8,7.9817303742926615,2.2793740220234318,6.063153880157895,21.333274422154638,55.182513071675345,Low
7.972420650765788,9.231934012093676,8.847797874493702,7,11,8.322334216368349,2.52069218982002,1.6632637396720786,51.08372068581183,60.10437345991606,Medium
6.818577777088327,10.074362811298101,8.342238129475142,4,6,3.7516818230195614,4.064321643126908,9.029040042526317,59.174597144591715,51.251088155051065,Medium
7.629298665860541,6.179026592936958,6.215050000861598,3,7,4.276275358098169,1.8020904436529248,3.7398994158076286,50.61620566596613,37.84867191762612,Medium
5.66876173329685,7.511943295657732,3.442528290361487,5,4,8.341684069965225,3.63705020934645,8.003806511833275,33.66017754021174,67.44061344774278,Low
6.343812549514884,8.589438505804603,3.5482154731201083,2,5,1.347788006375315,2.737295221837157,8.440327637593043,57.36504790414181,39.70902035311127,Medium
8.083572036741657,9.386435203317408,6.030246523169107,4,12,5.630092278034195,3.000634262387235,9.8911777361132,46.44651299352712,52.505289746512396,Medium
6.440750271862349,3.9446454566583027,6.672645938642562,1,8,9.283641537884007,4.147520622483201,7.669350134791778,19.02239908610372,62.980128530933186,Low
9.590445776850107,6.2279195060432455,5.25075436134789,4,12,8.965035935497761,4.972529425259742,4.985249932830904,47.714209704742686,50.77578281081837,Medium
6.400545721578096,7.33484124030025,5.039660831585532,5,8,8.238735438748591,4.3260476960778815,2.3736503475391637,43.97128889668146,63.14166534578002,Medium
7.337027088627829,9.406280394472098,4.814401533642706,7,18,1.1939395444393723,1.6421758654504166,1.4308500599570562,64.2899152126701,28.495170005717334,Medium
8.398886247809635,12.99686096744299,5.953212079512108,2,10,8.989183704251783,1.8982073409615539,8.976338355220333,43.289207064368306,84.60197981045921,Medium
4.872451400600452,7.5439885463805645,1.23447529585387,2,12,9.204975698704619,2.639721908556333,5.0199705269893,16.858595227507177,80.73413224619206,Low
4.358786782028837,5.1860450757920225,3.7973467424605802,2,9,6.973030545613745,3.8769060796041055,7.749673121398563,18.867551144784585,63.309666315829425,Low
4.711515528144858,8.804536154402596,4.745898309105299,5,7,3.690225084027799,3.037484661280926,5.46697432594701,47.69479850177386,53.48304705423024,Medium
8.893876155140774,10.64199157908142,8.41500638990384,5,9,5.409346342092816,4.60720270102195,8.916980294422011,65.09271541115606,50.723586546107335,Medium
6.172212781161329,8.216028241959002,4.3723727161421415,6,12,7.86357478691092,1.1947019214911339,7.74698808227553,25.493054308658447,63.68399066647557,Low
10.0,6.186702909691414,6.360936283662413,4,12,8.317258109104719,2.0340679152519896,1.7691198341239898,47.93983892075859,45.6869853144489,Medium
6.153628602013917,9.915987882960039,6.453085501861992,3,15,4.0900958693310905,1.8770863697232691,7.769322150774167,39.16576674433969,57.02398495851926,Low
7.276826954795555,9.32709123699687,8.595833011321524,4,6,3.9346041645351333,3.976683790037521,3.4013273386742635,67.31159779482631,47.4309976992311,Medium
9.313164928851814,5.947838311608751,8.5251548139283,2,7,7.625630935624541,2.8590861927571543,7.95750590391528,42.4022326639076,48.043347898469605,Medium
10.0,8.762851235068684,5.8849940624101675,4,9,7.177202937832355,1.060052162810663,9.536635011257058,46.77189143319923,49.57359840853106,Medium
10.0,9.994531135317745,5.049030517621114,6,7,5.6187748785687734,4.093747009715333,9.371189880972755,69.13723822346238,42.779042459854104,Medium
8.812549345889714,10.363780085117787,4.672333794348619,4,13,4.782344168912628,2.4472126244106867,2.1250020921758948,64.88865596579473,48.81231383059459,Medium
8.536093788717194,7.867102049381088,5.517873555068438,3,14,6.914437687588082,2.041841433849125,1.4920501528589256,47.153133880742125,53.11321217701093,Medium
7.888790423801774,7.283841107641362,5.1319332913528,3,11,1.2918998830597743,1.7308707283190121,7.992834759249476,54.61418487706473,26.156192995874584,Medium
8.167541614249956,10.454547644162526,7.107254818716464,3,13,1.6812061822533415,4.784048746902276,7.389655410378689,70.98963922872385,38.538639366349756,High
6.1732214255072,5.57967899403823,6.840619634970409,4,6,6.157780791683545,4.76815211055787,2.58555229318166,47.82161071151493,49.287176900449204,Medium
5.772701674866539,8.87715858184201,7.183602382290031,0,12,2.892508666672252,1.3062115527268667,7.161106000338935,38.03083456726095,54.48020936015355,Low
6.994938313883572,5.259946745271142,8.518567422872337,3,7,7.97305595691536,1.9310694386116802,1.1393907930462146,36.184393362844155,55.33000893873437,Low
6.744723066212607,10.130752544519206,9.725738242800354,3,8,7.9512757714470705,3.5844772883313856,6.680458763582694,42.981796578244605,74.22321762037805,Medium
6.320157926009087,7.483908968777677,6.249326786815113,6,15,7.389658725559487,3.681698633513257,8.490750003110232,29.492805676167126,58.02889043583149,Low
8.044581171185072,10.537166471294938,8.198927542791306,6,8,9.132424170793605,2.670686975377256,6.776551008149939,46.5546559702236,70.41334534942501,Medium
8.432957812855767,8.982825512711054,5.2966796323315695,4,10,2.2675144434039014,3.274039431248857,1.5885677866542292,74.83998735640272,33.0196346018592,High
7.132610329437771,5.55355953987614,8.370013967166031,5,15,3.3331630369141165,3.810522332838644,9.918751335984354,40.406801336810744,29.37130130091671,Medium
9.216295121582892,10.849255464154487,8.123018314351688,6,9,3.2706934534389736,4.802036816273464,4.204823312198979,83.76370617552654,37.767548783942594,High
5.287466328799742,11.102490532855459,8.016831939885982,0,10,8.041498084796718,3.9004376050671237,4.4243037239987855,37.01244065571416,90.0194415937983,Low
6.709510811080423,9.76457298519843,6.1881396823830475,4,16,5.69210192411304,1.4410825238235376,1.7627620357723366,43.760552602196775,60.10090444841148,Medium
5.924766519095792,6.47682426992756,4.663283672018222,3,13,3.2740821108980733,3.8713864566912335,2.5040591349574255,48.358671350925555,41.34549594531101,Medium
4.20019507439041,7.3879720912851825,3.210943124269047,2,10,2.227844276395479,1.2709053141565634,3.440582141638697,38.25128260506011,48.80963510184989,Low
6.875978971235951,8.29085443481152,5.919925584957801,8,13,9.03714701198188,3.010028948030956,8.19282132576981,30.987181614255398,63.01613160374265,Low
6.8173787374250745,6.592579201337133,9.066025084498365,2,6,7.229161420490759,3.1075809636915683,7.225739270374874,35.619638192802164,59.186632273174354,Low
9.270174614863198,11.384693144926409,5.380310197271854,1,8,5.756724924574501,4.113058822824289,6.252839467877136,67.1738030236529,60.90630035027177,Medium
7.946217526832166,8.288652943452073,7.570253170920109,1,10,9.689237807649828,1.046234597620932,8.775038930939552,23.116072009068663,74.49349320065774,Low
5.463719763506193,2.5933039057852856,7.687902801037862,2,17,8.646318546857568,4.4990082684010755,9.980246710117544,2.2151263232402094,57.23439643908201,Low
9.781138849501282,8.67871162551244,5.432627558145654,2,9,2.603092381605779,3.65553891883212,4.462970123943701,75.4930662066529,31.438769070616225,High
8.83155054328803,7.303685206365373,8.632689675039039,4,13,5.573175343776212,1.1247633999287512,4.5210108519224885,46.609901661408934,41.34943583835895,Medium
7.873146555202924,7.850146887763104,1.0,6,10,5.374707864302035,1.6401211037711185,7.624804379795287,45.750518957088076,42.82144654963978,Medium
6.660273851725252,7.2627612684286005,3.55449944252365,6,11,8.59857778776708,1.1580701199074102,6.799139449367637,25.285073342393854,61.68684150959989,Low
5.5608411449147805,9.614092833213375,4.16873540728308,8,16,2.341792642994157,4.063758401805623,1.120541031103576,62.604897877660704,40.67861927998413,Medium
6.4416898358934205,10.239375557106762,4.3605699542652205,8,3,5.066076137110987,1.6836203696346548,6.89884574261054,56.088942566057966,52.5658226503483,Medium
8.63312292955628,8.566106324517307,6.672525902371791,6,14,6.728864980040508,1.1823999346660892,7.476475509668705,41.35527868439777,48.83814229994067,Medium
9.826879458901914,7.321377625723682,6.580075606107804,3,9,9.507291532126379,1.5519509272998415,9.873429328678268,33.83884752479504,58.28578600049623,Low
9.314865292408284,7.917325590381659,6.787981144350016,6,7,9.09338441430666,3.238228015683786,6.2809390238085525,50.013763874946505,55.12600801851632,Medium
6.266725867320589,8.039199233155257,7.192162988264974,5,12,5.804630828595183,2.9819461010639476,7.1597602998469565,38.24752558008892,54.364313472933624,Low
5.320573850066483,6.395139920270326,4.099790861708701,4,17,6.460487115668977,1.9850294119636813,8.09872934747107,16.23717690140014,57.4345931592543,Low
7.211329370366806,9.15785729714247,3.563647866385362,6,13,8.671612088135447,4.7717411229365165,1.8636365851065564,49.284377571025914,66.65361449221935,Medium
4.347340951655722,8.920084647720932,6.792639364015725,5,10,7.699494386917129,4.419235462741249,7.6118695831796295,29.66947691412529,75.14537418428449,Low
7.484751571277172,11.080882479553347,4.739535852707122,3,16,8.914020482117305,2.25784375848759,5.9217914251783,34.66640374720173,79.26670886173409,Low
6.778596120551997,10.510699560576949,2.859049909264059,4,8,9.063375528985919,2.8982877278862316,1.9006802463766355,46.39336317376426,79.09302035686467,Medium
6.300945247197637,6.62865016481974,7.9426885690829625,3,14,8.49327418026152,3.0672927691007876,7.028927587576958,21.5746715308666,65.89962003504137,Low
4.6079453990998065,9.640596749017929,8.790203813004595,2,4,1.0844038890449115,4.0247030996577235,3.110538472189147,65.26270353258387,49.738266583096355,Medium
7.770400159854574,6.098093233811056,9.114321779397319,8,7,3.7984048567390003,2.7117862193631765,5.841080680609085,57.5181085826762,25.399463865003074,Medium
6.200948740507133,9.391864201881699,6.374015442949441,4,9,4.631652887812487,3.185883061298593,3.528641887443243,53.799656480353285,55.709201189582444,Medium
5.245124746434568,6.966771602479785,7.251864191945805,2,10,7.101237702729574,2.650262257116998,1.9408273927302684,31.610521594938135,66.68668953215385,Low
3.0,5.953493553248832,8.739736446723821,2,10,3.761748833751719,4.0512832449244405,3.2577797557079062,31.771009757997685,56.21044117175338,Low
6.958727642424045,8.560090685394808,4.717168419953132,3,7,3.912023179561153,3.2237359443520153,4.949259598974324,57.0812333610131,47.70336276169391,Medium
9.658377395004617,2.6508657436917185,8.221355368108185,2,7,4.601827356134701,4.311122440575353,5.447159728051888,54.85949390420698,19.589691893797987,Medium
9.491888821821805,4.4980488511895445,6.550792468286417,5,10,9.598002403922068,1.2149431549188727,2.336328273698401,36.132177285849195,46.098441686713635,Low
6.314355615120592,7.645016232451433,7.8274233046851815,4,11,4.934420618899342,4.617225443032218,3.8888076189946563,50.62519263082034,50.27912707402946,Medium
6.096681909457329,8.164883533269684,6.3721860417518705,5,4,2.2660500075322814,4.277561779908091,8.734515790479293,60.09243452403986,38.19317721106582,Medium
7.703161384112535,7.261362459683622,8.592513419496004,4,9,1.0572022600923132,4.274018784578408,9.193439186595139,63.470851078917214,23.87870474946113,Medium
5.502421841217563,4.841127402564803,6.447047525083073,2,12,3.1295139500473463,1.5612353573002768,5.816638778776284,30.376515739192378,38.269846043014205,Low
7.452687849729199,6.364216315722989,3.032041881065165,4,18,9.449298043043367,2.0538914993903425,5.413254472731692,19.668406160118025,62.832375403239006,Low
8.149120417577036,8.782418654474787,8.903853264629443,5,2,9.594932820563542,4.921046502740987,6.232682121895543,53.79474527577859,67.61624167681148,Medium
8.840399835826462,9.163563541256725,4.104938518055776,0,7,5.761012203534448,4.801100238928603,2.9311251029794825,66.48902552066718,56.438449500328744,Medium
6.849768885280071,7.967553764808118,8.506116420487828,5,10,6.817270103078224,1.9061786927577087,9.94214034180653,31.901643362047665,56.56628964949266,Low
6.694489374734551,10.313667562073977,5.819514237119356,4,4,8.163262088930235,2.731610680625662,7.707454488751055,43.35491797184603,74.31216696862218,Medium
5.683026119865159,8.794794046918469,8.352021970395413,5,9,1.5029886269053678,1.6237724300850571,3.1487129149559214,57.63395620990621,38.543145478557655,Medium
5.7596794689402095,6.505088692083575,8.26953722973353,2,7,4.368765691839316,2.0505526875643074,3.449317665721794,41.74956414908248,49.37006280088195,Medium
6.66028166214771,7.438995893176765,6.860285948630743,5,10,6.780225722478412,1.738913972982806,6.8357114880821435,33.964817478462045,55.25287689140534,Low
7.551048260224267,5.194267685584291,7.017070635254262,4,15,9.084280864334406,1.323748126140845,3.9056187627090857,21.626146573665352,56.31322009992551,Low
8.370376939349875,7.7837220192171666,6.845257234385132,1,8,7.541466050226993,3.317915463592269,4.197850947816076,47.70287859114957,60.274945846570105,Medium
5.795231573979483,10.224201238442678,1.9723504874378444,4,12,4.15055319227811,1.9631427709867597,8.02848403144224,41.86025803907604,58.153646923329404,Medium
9.239032853439284,9.370580169421936,6.236660437796404,4,14,9.189840865475977,4.9689618118639425,3.4023434471675382,53.51576982274766,64.95349073445135,Medium
6.593314598436147,10.804018651838245,3.76787164785621,10,14,6.981575034258632,3.061759003721115,7.347170768762898,45.794312177900316,59.711922484056814,Medium
6.967949058477346,7.394229512402013,6.342374287491326,5,13,8.47211757492277,2.436377281754238,9.413963770873396,24.490272735793177,62.069219694758125,Low
5.879182481278265,10.692199589028515,3.714114907233569,3,10,4.469567876489869,4.652648685611229,2.1172164129841398,60.67468324639215,62.92106676698652,Medium
3.363639609590588,7.61339154710406,3.63009611754785,3,11,1.0194295667485598,3.4829847081900724,2.2985577519318454,47.40828695554066,45.4612797478434,Medium
8.326068094541574,10.943170165139788,9.209869003507803,2,11,2.4955173459415483,1.5083152766686871,9.485857907306343,57.89990310332932,45.49217818753502,Medium
8.10526584563865,7.956286505115752,8.13889477624838,6,15,9.344596755425556,2.9912818260494434,2.8316733151229685,39.387794949765755,61.69564907263019,Low
6.57800866432268,9.414462747608553,5.991714830111691,3,13,1.2981163037366121,2.7643166030498345,1.188107484388724,64.8942308338385,39.65590156347427,Medium
7.100486075837308,10.95022472861971,6.369537300498048,2,13,6.3643533394163425,4.060528273632963,8.816571244180894,44.62290171531878,69.7646707457089,Medium
7.773908826556149,7.613144742837589,5.504167948513983,1,11,4.682147560972073,3.775110686808664,3.5407259829862383,53.79028143034935,48.17753224575331,Medium
4.656181214670186,8.436777975088349,7.139752751959046,4,12,4.8662081423283645,2.4831652777240754,3.68518541555606,37.16540831871598,59.97785355532434,Low
6.206420983980558,10.577726850412605,4.64789126690239,6,12,4.607365142207909,2.8779172839099827,3.0422903156660954,55.72381346110943,56.25054562941264,Medium
8.19139701943274,7.7339936721398725,7.987480525735915,5,12,1.6068324558940588,3.0751522538946965,9.259002083246312,59.38687057531803,24.37871463123537,Medium
5.118565865246126,5.358215434987677,5.493826317971778,5,8,2.10097446557907,2.6898437253807197,7.969767823008639,40.729273581621996,31.253585569514303,Medium
7.440336898249944,12.28601410916982,5.1603060083375425,5,13,1.5664541400383731,1.4308854961276585,6.371132103784039,65.6878553622459,44.157891147547915,Medium
4.965127293064892,7.060471071325726,6.043426036969685,1,16,1.48517073227829,4.621783519023485,5.079324841081815,44.58773971735757,42.515853099836995,Medium
7.699644973650289,8.317512101875085,4.817706340148779,4,8,1.7704954288755617,3.6902399651778675,2.291771068842485,73.41271819419698,31.280815665478983,High
6.946537776553774,10.312013338902254,6.657364698992966,3,8,7.269554726068014,2.8788809948195313,9.333880934654276,40.683552982692156,70.67858632572327,Medium
4.577302276141736,6.783012192537596,4.9252748213732005,6,12,2.0278468020084435,3.2783477832822885,7.746972374432388,40.94525825736166,36.62220590534174,Medium
8.747109031685756,5.98426417355574,6.937047205637672,2,8,3.353437591338671,1.8526544690607216,3.5099518417407642,57.595431500071484,29.644211851970525,Medium
5.898112634802926,8.507474593549667,8.432013077822953,4,7,6.912542654705214,3.1222253311143215,9.527464588966282,34.48559690792843,64.94700270244553,Low
5.7846213444784285,4.413847204175221,4.5613566263836525,5,8,2.010390964715317,3.9841111107872638,9.416718470484092,43.79415505223208,24.47379925453776,Medium
7.300853795846415,7.424187846264159,5.738849085409657,7,10,9.192306236967857,3.1346974580540468,6.935669445815961,34.74256492775177,60.60382379756334,Low
8.722956024143073,8.490077328630813,6.922661426070843,3,7,5.297357602013041,2.922661490626482,9.865032013464104,52.50304274392763,46.66859864303517,Medium
5.476267271532405,7.460096206349672,5.128285290037186,6,18,9.667517413049529,2.849542681969471,2.685234209327141,20.25384646437967,72.74203318614371,Low
7.092519774771957,4.9130981136285055,6.92864112165333,3,5,2.7325966475644736,4.046491172866794,7.582513236289301,53.19527471545592,27.919649933734636,Medium
7.643224750495859,11.188355912408024,7.11079772130348,4,9,1.2756194851546048,4.013358678349301,2.36958502268568,82.07935775733651,39.66011656988374,High
8.039658410894717,8.207076307898351,8.166523552588608,5,10,6.312532672508283,4.000280911772253,7.225220872129551,50.98578881090864,49.862116946906404,Medium
7.2646623329158375,10.862304235523482,4.788019907830176,4,15,3.9586454852773043,1.9846799916488704,9.278666377379288,46.76957311658085,53.25115735533282,Medium
6.449458241375017,7.4799274996391105,4.1144495195390505,3,12,6.151514879108176,3.4715798714609436,5.824878053802574,38.01512601000762,56.90387546559534,Low
5.758614669026921,6.239976036618472,5.384845220872513,3,3,5.262851536468625,4.115629252039186,7.867599737741063,42.53694765975627,50.94610558641337,Medium
7.129215824569562,8.53836184051032,4.064495320905801,5,13,5.114405503517328,3.247577077454755,2.288095557493983,53.66050197182921,49.11122072959444,Medium
5.39179148202159,7.568425747343561,7.128996408094994,7,11,8.660598708737545,4.115909393739781,6.698751133507904,29.60707061914404,66.72235463712238,Low
3.0,5.644477084017284,3.6764973996471775,3,12,2.726506035629319,4.417613593274106,1.56872706519083,37.3752662748675,48.153134452954454,Low
7.654839706236501,10.93956851757499,10.666032836505376,6,8,5.496714231471734,1.6955602382422623,1.3320808855773056,63.95353880465356,55.727283384848604,Medium
8.355902261629293,6.755459554212008,8.591855723147502,3,13,4.744038354354072,2.225363302211506,6.7065632437253,44.74635193144858,39.14563696156206,Medium
3.455601346687242,4.319467230408863,6.025151539200628,7,9,7.063924790595861,3.4052385758182497,6.155277221495409,17.82106934310464,55.24378839113402,Low
5.485403942935093,10.656332107914665,7.7347889859959515,3,11,1.4511940004651103,2.158713545386812,3.9632602766885285,57.869044578117034,49.66866288257578,Medium
7.928731391507797,6.991403968374754,2.726396271378417,5,8,5.764783977715642,4.765541511083466,5.616366491599774,56.12909221603001,43.17662541296875,Medium
10.0,6.784352214768751,11.046746662799116,13,9,5.3068659087685415,1.7765369597276832,7.159061350928593,63.44730928331014,16.553410029603313,Medium
7.031190561513112,4.469224825940052,4.819570775599021,3,8,9.762225502469024,2.427791911559144,6.802550359369884,19.76810263951026,61.04374709698766,Low
5.907995588156298,11.481882973193981,5.759005172201281,8,9,7.802396342197367,4.977225210272654,1.6626926030601543,58.741884499496464,72.85713516736931,Medium
6.72565533834274,5.421038825580625,2.2881334256231267,5,10,2.3948075683963124,1.7567269842915882,7.103073893243154,44.47484214061994,26.026398992777054,Medium
9.062314628722277,8.1168989614113,6.972574609481789,3,7,5.582929950152221,2.795270832230816,6.935797713462564,56.36230628981198,45.23943610730024,Medium
6.031053731313197,9.82524064508088,3.7873116858457823,7,4,8.053632300215394,2.255129194974415,7.02652592501577,41.75787868301288,69.30485709950702,Medium
5.801211990024619,8.843433866006194,6.203311523132059,4,9,5.721124289640365,4.23919676219701,8.626179352141168,41.873139683305766,60.753188462009376,Medium
6.275884716726951,7.8806913760156165,4.911451134150924,5,8,4.210306931417778,2.216588958186384,6.190323784176572,46.820169933997384,45.9183060614974,Medium
5.570007087611931,4.596668283425167,3.844512130139313,7,5,4.389898388306737,1.6457158181676563,9.441107723677323,32.555689040738386,34.06407765695539,Low
7.184005473992193,6.380550328465432,4.391276996474765,6,7,4.303035512847241,4.732540521452881,9.820083516671106,51.489805192844095,35.11319296719653,Medium
9.43701768770434,8.375600676085044,6.451576068171042,4,9,1.1795902821066746,2.2696095047263025,7.766594486264185,70.78210519903048,21.1354134716607,High
7.484618909674044,6.425651860026007,3.437018054262351,3,11,7.575365315509156,3.9669901222623567,4.228135784268674,40.50685173924066,55.566121993989384,Medium
6.621469746810568,8.406718919997536,4.502376657952846,6,7,6.497953831899249,2.1622709010013934,2.287885740486461,49.607216294106095,55.75574942035492,Medium
6.562283096626684,9.363486817630283,7.326546762528956,4,19,3.4180976991963847,1.714326525925498,8.381259271253626,37.74290533960761,48.09842764268128,Low
4.655213786955015,9.925005771600203,11.204959749748626,2,4,6.670210359344671,4.209648730261991,2.3196910234097317,48.02914401078965,77.99151849067337,Medium
8.32466466572074,5.547641284374633,6.95517763910601,2,9,3.7785644295213343,1.222327949212906,2.3155247982363885,51.67670900913568,31.937241977529297,Medium
6.883244204480797,12.393292109957908,4.1654767156454255,5,14,3.1904321526528996,2.327891428142146,9.271383005120077,54.58789094128231,54.91349147898396,Medium
6.729280129614062,9.534958689108262,5.265771659855378,1,6,7.670375991954437,4.120326670327069,6.038854068726321,45.01199078975829,74.39872797125695,Medium
10.0,7.996571692661872,6.063178012305157,5,7,8.281986488398234,3.0485500863742216,3.6399967593715674,59.065051608218354,50.334544819736834,Medium
7.44812936254853,10.17907316615328,5.301150098728585,4,13,6.631377626669965,3.758295270179618,9.66685497040793,43.28773144368875,63.06403891750333,Medium
5.872313424857223,12.730815543999947,7.806116333473866,1,12,8.05731964298091,1.2672676288887383,7.365976164859063,30.49962004958791,91.7384793111742,Low
6.360463605691685,5.122559797886261,6.434946966028449,4,7,4.291301027128514,3.9992399638624976,5.813600582825556,45.95871321808732,37.6421182100802,Medium
8.722668563795132,7.5494747150172925,7.815704769819741,1,10,1.646234122142902,1.687761622397125,3.965322292948732,63.306924225612995,28.972394774411388,Medium
7.1699056158066465,3.2431366802533432,5.371112419404741,2,14,6.443970474059384,4.23481614459142,7.0895487825040755,27.16036847383237,41.49332380702888,Low
4.84258303252395,8.38530306529605,8.651000439442512,4,6,3.303786241805817,3.25669888079307,7.5780565088924225,46.111457665362835,51.32128273358527,Medium
8.378843401862806,8.730788483850281,5.667028831436908,3,8,7.9973141180215945,3.9566472721730492,7.408991623693749,47.6149977441166,62.28062873194404,Medium
5.997783871691509,7.921675769114481,4.057620261724017,5,13,4.222967996212377,1.8513307660609728,2.7580388393411255,44.490211086723846,47.32532526791685,Medium
9.809946664326318,6.6909328580033804,10.354640762084443,2,10,7.036057350472723,2.5817020257551344,7.275198132684743,46.077976267075464,45.75209311106729,Medium
8.620072098571972,3.9009709676233495,2.3500445060777664,3,7,5.9757950537876745,4.208277329820239,6.233021880716361,47.33471351852043,33.55039796556893,Medium
6.329017156511873,8.747067366823538,4.522522549390144,3,13,8.357363093041368,4.643217977216095,8.650686177307517,30.984868505934593,72.90846806701377,Low
8.921524542602668,10.91086896783065,4.745944296339211,4,9,8.49074879543721,1.9062887811875409,6.622919209042012,49.111903082065425,68.55494980751801,Medium
7.101783265791105,6.817963088533136,11.016612546113127,2,6,1.6146796328100828,4.173574639879254,2.3164901347773887,68.52744777805403,31.244756329417694,Medium
8.27916051268333,8.88011985804629,9.613717768293023,3,13,3.6560409196848904,1.4342207134535272,3.866794445177553,55.60266955243305,41.95561054698714,Medium
7.727099225941712,4.863711373159899,8.987856287284394,2,10,8.837912238359129,2.7029946460839502,7.694358987459376,24.049192543362143,56.812111778563114,Low
5.73046501751369,8.914426127385028,5.338682675247337,4,6,4.635906667690742,4.754878666053622,7.659656033551956,51.704019395387654,55.99306324668773,Medium
6.034675251523807,7.2132354045106855,10.85235600768355,2,9,5.633824090878313,4.780545942750017,3.004433104872147,47.44740845746945,57.003120644840855,Medium
8.544941226371742,6.475164098794171,6.736704007681943,4,13,2.650094083160897,2.1867288081577088,4.191339852392444,57.2461519810888,25.187329393668918,Medium
6.497837001840189,6.4792727175677385,7.954526740606244,9,7,5.974176409186945,1.7716536263276899,1.1378767738786428,49.55570870498673,41.102570193422864,Medium
6.394527305137005,7.21277683593398,6.3593907622124135,9,6,3.3815343883766795,1.5979454818541363,3.9853409333935637,56.300320986725936,31.523542348597694,Medium
5.5673161309759704,8.76486663138507,5.901066857353497,1,10,8.463102202288212,2.9235010142838425,1.2370511574417726,33.87440040922961,80.44353244638137,Low
7.635398598390191,5.375673597608964,5.496442652147241,1,8,2.802202431122881,1.3683073048645316,8.855836369492668,41.628467340324114,31.312925563133316,Medium
10.0,7.205769336864295,5.580720013161676,1,13,4.238696862020712,2.4274122098204436,6.999825198917588,54.23216288418497,34.9442962296446,Medium
5.398700628618591,7.917056444001704,7.216983297356157,5,7,1.8556658416469363,1.0680444663805742,9.722329934298894,42.93905171029612,38.26422623004191,Medium
7.036329185009137,5.801921550936282,6.734399597550776,6,8,6.291838749030192,2.037592443937074,9.027318163132326,34.07267542500751,43.37680562104839,Low
9.118330833123144,11.593330403350034,5.937057259592632,5,10,9.477748579331747,4.601107607582932,6.431277537278262,56.88721298045799,73.22464176111025,Medium
6.880537913131428,6.293009039877317,9.019047985397709,2,14,2.558403225066767,2.787913573331583,5.526357970350557,45.333755239804326,34.89358475185974,Medium
7.678557694374601,6.661126172733019,1.0,5,10,1.1776345255331377,1.294981782931517,8.953520416612065,52.6143326493777,20.526165521200767,Medium
5.40640970777968,6.043384100355004,7.01977449584239,4,9,4.802168209528074,3.587347151443596,3.6857357839612597,41.56379441189608,47.63414121412651,Medium
7.6424606458114726,11.596960174276235,7.435477413317958,5,12,7.735736446695247,4.822534242764659,3.0116641675620976,59.463241064611104,71.02678324775368,Medium
6.719283602493177,9.105810457198963,8.293925736510339,2,12,9.775905787466321,2.8536304992226738,4.690190063433447,29.406088165710138,81.3539754005299,Low
8.478594993519794,6.126815987512716,5.870257117893278,2,16,1.4615116080744026,3.4971514420308494,1.478780608385728,63.335026475926036,22.03806780213909,Medium
8.781079077347126,10.212463117719938,6.415840134767915,1,12,8.073656983535464,4.677672027310251,3.71774642418991,54.92068050048825,70.06136497056006,Medium
10.0,8.401397388577756,7.971896766629443,7,10,4.31806665390578,2.6763976955838436,1.7531229402013662,75.00857353109458,28.69323367427264,High
7.869449759820363,8.514506842223003,8.98233280856036,3,7,2.383583477097928,3.6583472231111442,1.4739484333785728,73.7466797270097,36.12526798908042,High
7.48869447487325,7.311045582495095,5.398928029642463,1,8,2.7307464103500623,2.762817097112337,5.962058342447936,54.79158350416687,38.714824577496195,Medium
7.291576452366004,6.501168026086053,6.53395156625512,6,4,9.314953862473743,4.848523906102779,7.373486925425797,41.59184677507997,59.688671862326416,Medium
6.470250560783968,8.675532198109202,9.357147928697515,4,5,8.28421781467009,3.0152062918886067,5.83007068385322,40.31636464976599,69.83975338671739,Medium
7.507725765192537,6.9098255400088195,1.7519458482422978,6,19,3.805561693028141,4.542611579037723,1.6351963890916772,55.977082684650604,33.23002342911126,Medium
6.556897884791455,11.63351125915021,4.61997480037083,1,7,9.461712389037062,3.0287939937800163,4.554724157176805,40.99166634265453,91.65213160448945,Medium
7.252691464404421,5.461417789513792,8.931671957205927,5,15,1.947279753069147,3.67354433117973,1.998562918523222,57.46471366486845,21.716095913240714,Medium
8.976396303411939,11.072313545709891,8.185075667216607,4,14,3.9028279890968363,2.5445659487660595,6.850572804610347,62.71433720993055,46.40061456877721,Medium
5.490186152080538,7.7773623024043985,7.044890421853388,2,9,6.8762905215974985,4.670220266904899,8.437658220135393,32.9940903935634,67.51384707129101,Low
8.709817841693567,8.598171468042212,5.102806253781759,3,12,9.994771688078561,3.5877685879535752,2.050351503475804,44.81822667726088,70.17299683104834,Medium
8.975672601009798,9.666315533258869,4.236363002029162,5,13,5.190775453813393,1.0796493195343104,1.6016748895496349,60.110339072003505,45.7091319768055,Medium
6.822897209513382,6.739501409991128,4.817568761515252,3,15,8.296433995782078,1.0625646940649593,4.6535674738263495,21.70210464241432,63.10062391120049,Low
3.817217651487108,9.728496769397273,9.096016441637385,4,7,9.242793032195411,3.704710073574937,3.731263088650275,29.30787976985402,89.8097521565183,Low
6.0882670193583515,2.5849122892376455,4.743114621689307,3,16,1.0866558144813026,1.4570754490708082,3.3462086571848237,35.314888187692546,15.586616336175249,Low
8.945491819841664,6.560020933556122,6.202845928479316,10,16,3.600466556698263,3.864657650799466,2.9025652235846318,66.29690694810803,17.40254957346963,Medium
6.965697906551677,6.1518743853178695,4.492584710276508,2,5,1.903237777256101,2.2880671191372755,3.8523251497736926,57.98416326954341,30.79363839756728,Medium
5.501046651557633,5.492987975256477,7.6855480601980535,2,4,7.984542241388077,3.155678712366166,9.68836992746629,21.79738282914791,64.49834342860262,Low
6.242837618157674,7.570090323842098,4.922547439307118,6,8,6.103453842044596,1.6975983501344274,8.719038500333287,34.63965301001468,52.36664523240935,Low
8.260930039756829,8.771499936363389,5.804812219691171,3,21,1.8600394937552878,1.9848871936185777,6.412213804176575,51.26631218854024,32.82117212803655,Medium
7.8201003523020685,9.405319996998612,2.633235733914349,3,8,4.786519376035123,2.7476710053782676,8.204271045069381,53.042612791928875,51.40675360085945,Medium
6.641601851245459,8.481753514400815,2.7732635275901205,6,11,5.6257243497632485,3.6619103088881477,1.1326198397765381,55.30293410236386,51.66543208296683,Medium
6.449763382277968,6.668613070212906,6.015346386643013,0,13,7.279762986746789,1.6229265465503353,2.0030978684899594,28.010416694013408,64.97340126875957,Low
6.412362776434267,8.738032875650335,3.349685689604476,5,9,8.015358121147916,2.1251325431465835,3.632153914574898,38.716329204608975,67.15890460369731,Low
5.616384723252246,8.248571389701702,10.210173278669004,1,9,1.7908498175342538,1.8278496075636026,6.795090998311576,45.815429858143055,45.59206659177042,Medium
9.423063534204163,9.872112335872032,1.876953775775501,9,13,5.388810361609218,4.45069723512181,8.950725888441841,65.37171302129448,38.156855822330094,Medium
6.51651929618299,9.553873405863033,4.399649402671792,3,8,2.4501109228418296,3.59202597384997,3.0802614263831227,65.56264361981088,46.085807505593756,Medium
8.825737781238244,8.060952827841257,6.033401734535101,6,6,7.779299995594354,2.873982947432273,2.2528221092606584,58.662473455577114,51.30651597708934,Medium
9.281974077883678,6.205493987677486,5.269734124408431,0,10,6.919019505186257,4.787772216865132,8.631274180906644,45.19929285772727,49.338412711067654,Medium
8.497466347221941,6.694099688335839,3.791709086672162,3,13,7.507008587189252,3.9433051815724034,4.682220797991367,43.80031109810861,51.869869327610814,Medium
6.352569530922928,6.900421280723934,4.084144321009464,5,5,1.6749483156651688,4.728904454719759,7.295575961542924,62.85152123715393,29.54043199553782,Medium
7.605595135504914,7.369467332167488,4.018691845001523,3,9,5.592921516563354,3.390371840903011,5.932258462853053,48.29169675926487,48.79233116916579,Medium
6.963706590413626,8.536100855179507,5.426556610359874,5,16,8.56522588205537,1.552227645164837,2.5832026256427083,31.748095965669286,66.74668244703614,Low
5.644447208904808,9.430348780256116,9.903858179034847,5,10,7.420072586915709,3.701708425780893,7.305177858409272,36.871439943376465,70.08287101853206,Low
7.486538922582405,7.8977626139692445,6.15587459311642,6,9,8.75573181125557,1.8059646426274067,4.787003675296921,37.68316374990969,61.24728832470466,Low
5.231440313260296,8.032249575800945,8.365800978775049,6,8,2.8549408135347982,2.3838743666709434,3.5897368435356576,52.24026716204605,42.469629560332756,Medium
8.781519082692345,8.286612610000008,7.013952691656283,5,11,3.582106006662318,3.0384717352516084,9.124284565668287,57.86477556858402,33.57138062579879,Medium
6.30307405405241,6.96818937373532,8.227724795964441,2,13,4.971511816169235,1.6294639282468029,1.0538724005246842,39.80258470030357,51.698928112976375,Low
7.301739483809259,6.149215484714087,1.0,4,14,5.7093142688077,1.0831255313977932,4.643827587862734,34.01744121675455,44.337162706056546,Low
7.424931807319213,4.48912420537858,5.391083957703541,2,11,3.269465784015581,2.308343759482793,3.7046079489042554,45.35159402224579,29.406606880687686,Medium
6.611642539443884,6.609701283846255,8.614270846301427,5,6,4.431136192111268,4.297263076353808,1.490315417980487,60.127644289432894,40.88274362035313,Medium
7.880040702212912,8.946290906535573,4.856528354501332,3,6,7.183384337364982,1.0615198448330885,1.7238094270250501,50.41119656406675,61.22145148072596,Medium
6.287644515066213,6.594177123920865,9.524946329739224,3,9,6.808432046072831,1.437735732778454,2.550582045221887,34.424946624281596,57.56235161843656,Low
8.306945946185866,7.52438592514812,8.967780307535524,3,5,1.9942577809330615,4.227419426946873,5.544997540020033,72.39294259298768,28.6925213092261,High
4.981030479629878,8.932862574824634,5.061738567745075,7,6,9.871323782130016,2.2234068118000967,3.543791980612768,30.807646029345115,79.44848508945358,Low
7.189569369319618,9.041378992845338,4.993672961907286,7,18,6.064706994125849,4.75285405792393,8.540731107961276,43.81835029588381,51.68618951877041,Medium
9.908393498587428,5.840934295667922,3.9727883152910626,4,9,5.3520614751337385,2.520976571969193,3.159783105403176,59.6222819550982,30.257598491860627,Medium
5.499503013091638,9.994118712907284,4.740811536272405,1,9,9.705224643091093,4.186815716337797,7.481990786103192,27.54709800219125,91.35372933770503,Low
5.983382544212723,10.254700178710971,3.5348218716621695,5,8,2.2629649779005803,2.0351593650486186,2.893390089096816,62.85535138253944,46.35553895100443,Medium
7.770861774488372,5.74030028556288,6.857622360866011,6,18,5.893060175816731,1.247324953662028,1.382973064968199,38.171124553398414,38.039418326011685,Low
7.269372672909397,6.352326260717692,3.087907013307133,2,10,8.24569823741481,4.526217942857004,3.381595527467679,39.8341251856163,61.349891717720496,Low
7.525945148910338,10.382181366292382,7.207466032380443,3,9,4.590133199445449,4.7091859025983025,8.538116730796988,59.21832140521535,55.301166754734396,Medium
7.733780695221495,7.706292957489398,7.256157393800497,4,13,7.626742228354261,3.832398631956873,1.7402602894685235,47.24787974720941,57.621372430914384,Medium
7.9520822028426545,3.5604441050962983,2.677591189632155,0,11,9.092466481733073,4.080271294384581,4.100460965539899,27.624798375049036,55.97911885103125,Low
8.664549762934335,5.200636990534628,9.09963721265668,2,9,3.35487778415384,1.0285104803676028,1.0721513339837125,55.35445996154566,27.121817407731914,Medium
7.6147279853927685,7.501260749655038,7.0272185888304435,4,13,3.173140401304053,4.015294070639223,6.672201131636329,55.0466277751131,35.52418059914727,Medium
6.638113518072187,5.673914699430796,7.499396042889738,5,11,4.246169818610505,2.8887855475553077,9.484838062538776,36.84859427881079,36.41753554902404,Low
8.008860551804098,7.173152458727118,4.482669596914455,2,9,4.765973600591457,2.8111618184570313,4.459295586937573,52.26915819632946,44.120671737432815,Medium
9.849822902342822,8.064792427367157,7.244758236946238,2,9,1.999399339793443,3.1602796818816845,6.192261394973722,72.26527960157594,25.92217621338646,High
6.801049380426139,10.924509208069457,8.252786899444132,3,5,3.0816010752431224,2.0848408648381973,5.070560559479941,63.65348548864653,53.0071358288021,Medium
5.538206042994037,7.419092167544422,5.802783201990645,2,6,8.85905223590343,3.7851542192436085,9.75997665899815,23.55661649716264,75.71854295335366,Low
8.660621003930459,10.145083599145519,10.003844918496721,4,8,6.099319728073317,2.182355488108031,7.623987954904078,54.7102715208868,55.12216865401945,Medium
6.819428254069603,10.85752032407354,6.088129269825876,3,14,3.4103826144853446,3.2344265518695208,1.39800701517157,62.3567913317712,54.29501700380038,Medium
3.740995680978946,10.868619338704152,8.281571600904948,2,15,9.492352670152394,1.5477089152461398,1.9785219942962389,16.791766607431775,99.23778125586264,Low
8.271132515725633,8.569509186771137,6.58601761451731,4,11,7.96879992913822,3.7003025404672036,5.234327488551923,47.25831344069949,60.16950991642026,Medium
6.197007721069116,4.073421704322051,7.171043065713736,3,3,4.26187314059581,1.7584510582198618,6.685713363487531,37.406590133085146,36.17857065469766,Low
6.864200076543759,8.921649730807731,2.6573354647304557,3,7,7.888985788931659,1.6816559429923434,3.6135629995799663,40.61527582427233,68.95477877523038,Medium
7.497970495853522,10.096799775627082,6.742107476430727,4,6,6.364470611939884,1.0971326494774667,7.071802386834629,47.260201118469105,61.23754326024948,Medium
7.2857495196686,7.837865789129165,4.530049797485468,3,10,7.154365329887196,1.4871431030792586,6.188728565597872,35.0177145163869,59.55143975306042,Low
8.064177725708559,11.489167740150497,4.307203388444624,5,14,3.893043824032271,1.930280980315731,4.915833201318289,61.25745550554081,49.96332526024056,Medium
6.346770444145235,9.719667122934915,9.488206368931957,2,11,2.8854589711109018,1.8892374427577043,6.24067323239003,49.40722713617675,51.40117733972052,Medium
7.769658697264124,9.136546754305568,5.572459503875303,6,9,3.282225858586978,2.31068571711333,9.2481717659662,56.583055331727714,37.73225643892999,Medium
6.610679983624125,10.172761422411675,3.9933963380490067,3,10,1.753610137915393,1.2176656723084793,3.1888372486570504,60.62599702344479,44.5414525011989,Medium
8.108215721331254,8.666739702521756,5.28173674378225,4,13,5.239338561382295,4.740792074079733,8.120907402726058,53.15878615694793,47.833398430191195,Medium
7.92305122601958,3.014379001209293,3.3990995421561725,2,7,4.656099541392729,1.4767035173907388,1.1076144065159337,44.688374608804445,28.644650888427115,Medium
5.596841946933107,7.001722097059269,8.86776893639254,1,15,1.0228570511504382,3.80785551584802,1.7631849319857156,52.9298956655752,37.3187312198791,Medium
8.628973174262548,10.394336054495707,4.60863851166697,5,10,8.707300002438553,3.140292679398137,9.547169750386402,44.82301386445208,67.13257941077269,Medium
6.196054832328928,6.384817319803408,7.058599867887338,1,8,7.136822970163861,3.211155219656579,7.279557983582189,29.412920989739412,62.47676355922911,Low
8.212086697421718,7.553054989526122,8.71221342842065,0,13,5.020670366684137,1.4220673020830659,6.69985487872799,39.54095025911951,49.576269698869815,Low
7.550930970102011,5.910327372193858,4.999694637570541,3,15,9.703191028467012,1.9728597686458391,4.006497409960467,22.05478601581207,63.82610783244339,Low
9.757275515192685,11.567845190403538,7.064044864545572,4,16,9.464874491742394,4.119525177874236,2.65903461925098,57.285490165585465,72.16441444954013,Medium
6.6648010264422215,11.36298491483603,3.93982789019114,6,14,1.8558723559478003,2.854745833085022,4.419244652688489,65.68907781622944,43.670824106960666,Medium
6.4760248058227035,6.232262209718542,10.891539138227369,4,12,6.53625314583172,2.8282712691482295,6.385511736190557,31.77678091564739,52.24588134858934,Low
6.970870591168401,8.294596000778167,7.872760269233244,1,3,8.353202347400625,3.1836471838245375,6.70943666230352,39.80083267902161,72.14721677584231,Low
6.545230325748587,6.6390119044719045,5.614787122478388,3,13,2.5565666583591464,2.7352235540369287,2.525955983755583,50.993254717095674,35.7575084554197,Medium
8.199912852913075,9.229889278062757,4.454332538222072,1,10,2.1516586516184812,4.224543724245745,5.0095172822346905,69.29848152640523,39.88135863025872,Medium
4.575534087345118,9.019366154484658,5.772006894320747,5,9,3.338000011222477,3.994820791554849,6.100826225315906,48.72827558937547,53.129160594849964,Medium
5.419476371280469,9.62341114322653,5.320032555296962,4,14,3.517040308316451,2.268016867444717,9.639647284905264,37.09182938748625,54.447299160117566,Low
5.39829561763121,8.663836895415775,9.905889107999013,3,11,9.684861509702896,4.248324452486811,5.944807941269151,26.24892778128396,83.11234722592793,Low
8.425461387960365,13.870812412776935,3.5489305555701955,5,9,8.02429597514218,3.074425720511673,6.225394690968932,61.02160797678926,77.4491679876436,Medium
9.565920058872887,5.944152469978523,6.269602846580407,5,11,1.5376411394175844,3.5109473329465084,7.886698162581365,66.54733709297653,11.550463256945962,Medium
6.843326172193793,4.5787932911269715,5.96332386673258,3,7,8.07833277127644,4.464703327571263,4.770207511760243,35.49478259121907,53.990755035476376,Low
6.746767415214984,7.213819598597077,5.765179399310261,4,9,2.5267556651193046,2.9039729969816226,4.454810569952579,56.2690577511839,35.02121338920979,Medium
7.105078244669772,4.864023468879465,5.7827666901233155,6,12,4.215177616788218,4.025041450211431,6.318182875896171,45.614994910016385,29.43976905986949,Medium
8.742817453912286,5.015075459988014,5.7678583797590335,3,11,3.8666764677462866,3.5123494364201773,8.049770295261219,49.346093590952876,26.774124152321942,Medium
5.608970298714139,5.9973706916040666,7.746132132664199,2,6,3.4514341455717554,2.7069797651901975,6.738235447147426,40.95617573027693,43.64728530860856,Medium
7.357553474102177,6.155622189136745,7.21796889298487,1,11,3.778822293997706,4.1561934655118105,2.67518034596092,53.6652057615585,40.168554009818905,Medium
8.462796444673645,6.09076379609988,6.837823222745573,7,8,7.787813757471108,1.420636471480877,4.579302526315644,42.698408169047,43.81572548866109,Medium
7.751641254909768,9.036437900890823,1.0,6,10,3.3989850629733813,3.324880869232592,5.613371184962533,63.47753157336526,38.01412794887558,Medium
7.284372424898115,6.987621877829328,6.599589748326328,3,12,8.206516872425873,1.185643029489822,5.713699462147741,26.834223148533106,61.591146768611104,Low
8.501569138850712,7.64097085025504,2.688721279659835,1,9,1.8191528758881592,1.6246765110186931,4.056356250539185,62.48133853040761,31.106950443751067,Medium
3.0,9.78846554900187,7.292640326271651,5,15,6.356529201986132,3.3954945496445306,5.701731780061704,24.48629074274398,77.53627590253458,Low
8.016812979296361,6.467354950437148,8.94899473514103,5,18,8.767007854995846,2.2304267863978,7.056778527616107,24.299092786623834,55.60169791613032,Low
6.0188864753088644,7.4709082025905555,4.1475217748228985,3,6,1.7136745248948788,2.0498999549853822,5.21175441857752,54.37977382093061,36.94294437571549,Medium
4.254050654715314,8.731519972185831,5.476438555314586,5,14,6.713989571904235,4.823354768277813,5.0621262727800165,33.296075322007646,70.01609845197694,Low
7.766803899287471,4.1168643987595575,4.801288589894006,7,12,5.604550765716018,2.4636224915550917,8.214245421845352,35.44521757775562,28.826365075663496,Low
9.060487817744438,3.230188982098835,8.470863551513602,4,10,3.987470211665534,3.2589658809032254,7.811542253886616,47.60917912081575,17.593962479345908,Medium
6.793827228058462,8.692234657595446,6.190055770544146,4,7,1.9060708394881325,3.136995085111475,4.801644578584529,64.73419045759658,37.21438936504774,Medium
8.429311820804408,8.984028561133798,9.456658761132667,7,9,7.088367666551181,1.2480736925519333,9.964120078405987,42.61550549359141,51.175240124806734,Medium
9.418417386982968,12.128440269704821,6.8275084058947755,5,13,3.7844016787941595,3.6971029534420126,1.5982388863078099,81.72541195289239,45.96830993864397,High
8.972371680376071,8.31618975173362,6.484900361271639,2,10,4.050271320332946,3.051605278683488,3.9339616321634487,63.19423865961172,40.6784335390391,Medium
9.459946794057089,9.63947943451619,6.136413565205673,4,11,7.45833461694474,2.5256684671930456,1.3314745399000492,60.2750738395192,56.49809764764237,Medium
8.113191236607838,7.609054712828052,7.635984198514674,2,8,9.508182075060807,1.2640672642650417,8.555224441497666,26.951587749502675,68.54692310211458,Low
7.113150458352389,8.594454443170173,2.5246276035093134,6,16,4.002737000373157,2.172055939946858,7.800672036710824,43.905411413068194,42.09156277955334,Medium
4.597051282154247,11.334513683499068,6.1706879110410195,3,12,7.720597664550255,4.536381503223997,7.153089417823496,34.01354495263292,86.74269984129386,Low
6.630906267805077,3.752014363748729,5.859907112544071,6,12,9.609481247065567,1.6948454932298764,2.9302500090888195,19.103537214808945,53.85302408524188,Low
5.735130107025713,8.827232515143361,7.450837654315532,6,14,1.8804425521933412,1.8773345590064836,7.369469634988171,46.85146815599378,38.45085372453948,Medium
10.0,12.271173460154731,5.624596788251926,6,11,5.76281754320127,1.8211761242790856,4.197805817182652,71.31400875972214,51.86445857701848,High
6.736171281351495,8.564068438418685,3.92253113167466,4,5,1.10047901532157,4.5632192770273345,8.817125516313691,67.2548864447874,33.03722607751898,Medium
7.184807210176729,11.301145926465695,6.014701349839398,4,10,8.426602277216489,3.799981930873307,2.795514804044949,52.115491883006214,77.13329921185347,Medium
7.8272280640607015,6.741575700941115,3.8343189422633133,4,13,3.582016312304922,4.527372252219209,2.960566858634067,59.989140523173226,33.822310794971266,Medium
7.06540366955868,7.935905011672573,2.149475574825029,1,11,3.9949074434549354,4.654985999507332,9.645276613104613,46.79184800197401,49.035137587126684,Medium
9.542576560646129,8.067049404777174,7.454244962970986,4,8,7.1855824442324785,4.711870140639559,5.65318132983694,60.799128332645836,49.01799754087243,Medium
6.066025957398322,3.5648178412824585,7.158123145389341,4,13,8.10261832857991,2.9428624513361785,5.01747165846982,18.68945158771235,51.87555504589524,Low
7.2919111828558645,5.6636443442996,6.934181887987149,4,8,4.599912260766056,2.9048954042342516,4.165738334892226,49.14602985417132,37.148514100961535,Medium
5.886294121452927,5.806249841232027,8.605856843891623,2,10,6.989680607262569,4.315691361027067,8.480912687251713,27.400875714283462,59.11533959045708,Low
5.019966233168941,9.644132156065055,4.66993621939215,1,9,9.607189702590096,2.32770669660792,4.174367928526838,23.923520541327004,91.64358451397825,Low
6.082346363642072,9.74430621136811,3.13777171445749,5,7,8.982120659426798,1.0888445180796946,4.205412735726172,34.13060001788123,77.02309717575767,Low
6.944444804427382,8.648072885413066,5.859940446383911,7,10,7.311646979779599,2.326190868061282,2.1100073565139175,47.69488092791574,57.4099232694271,Medium
6.35604666322411,9.648205793711412,5.304999400588179,5,13,9.487575003793316,3.865401321621376,5.6865374594672495,33.58599708900921,77.97452015046846,Low
5.961368530189216,7.6717011745564525,4.315408566459863,6,9,8.883442435023966,1.4944562064482771,9.31374991914948,20.959821741197334,67.59050158708534,Low
4.890523804492249,10.403863339079086,5.840301693024408,3,6,7.561081656960166,4.139123431595637,9.617853064227937,34.84152672613964,81.27487642159554,Low
6.875341641056957,8.017576885264143,4.77678970759083,2,10,9.255229831478545,4.2618972697849955,9.95963987764457,27.569165406887393,74.12400344912872,Low
4.742919438953496,8.115728094853512,2.3279894332863376,3,5,8.356514177908855,1.4036494641373705,5.2576348477801504,24.714632107184244,77.39091791413438,Low
8.140083945534403,7.4688147334751775,5.117646618412479,5,5,5.52028688569787,1.3913571457977274,7.974532750452448,48.408800813118965,42.82640108653031,Medium
7.123659629401755,9.368900955272856,3.7272496665922854,6,7,5.520537128597088,1.7952485861318017,5.972812590568465,51.35379384577241,52.34442637243237,Medium
4.8136727508026045,7.1576023667741735,6.463296143221846,6,15,1.079117113688306,2.425557573016795,5.931619716294946,43.60619182117133,32.33049532027858,Medium
6.536186384425205,9.952862754396136,4.68793048351869,5,13,1.272247606332353,3.130934274386487,8.256168196430266,58.4810974132911,38.00973224138334,Medium
5.871765391614125,5.735701718567986,8.223262948282104,4,11,7.71604835473071,2.9421679922164294,8.51822180827499,21.301483491315363,58.80212280446342,Low
7.478761765628771,5.802167490543612,9.207732134535732,6,8,5.992920101347357,4.412673948768212,1.178139289747675,56.719141302535625,40.011282590293526,Medium
9.010675669034717,9.374853510253008,7.358762746023812,4,8,7.848623077597639,1.56892794830708,9.48510868814983,43.53950265141024,59.3683508289037,Medium
4.187241295531383,7.822911570833974,2.89794763603336,2,9,9.546965372784364,3.7902908887942774,8.406851784456581,14.247964957357823,86.38080847806702,Low
7.172539118721126,7.092217167693743,9.010391997758079,4,6,5.072775900098419,3.195546340873587,7.48997887865537,48.33364865550432,45.23888738734076,Medium
6.7598008066500395,9.780115464950919,9.15144090074753,4,15,1.796010408280868,3.947299292648888,8.668291354491128,56.11398574617391,40.824087240455555,Medium
8.007010114675698,6.785477171827831,6.037581022615882,3,9,6.639034980888867,2.3677857073164152,5.835369321722864,42.12189849407111,50.05285279731241,Medium
7.319794942356534,7.59959749139926,8.645852320671064,2,6,1.8976043114257795,2.8855185149115115,7.9593716919077755,58.02636802981262,34.57361216771566,Medium
5.872046002391771,10.798455900142319,4.896649723906644,4,14,6.591726920210619,1.1143719567442698,6.387841038305888,32.856305207569186,71.91605333437143,Low
6.521419096500073,11.0782846916213,2.267508130300821,5,12,5.749649595303026,1.4644236363079184,5.886376515856134,44.8101977868745,64.18554230306178,Medium
5.805961214794767,11.144796420540654,4.479431122756813,3,13,7.409953938740002,2.499982447847327,2.904469500884572,40.06531746486183,79.329569761121,Medium
8.614010707897897,7.435748446132178,9.458601732089512,5,9,4.1586360140295975,2.925018964460485,8.626735266714778,55.2313844672715,33.98823802918017,Medium
7.031967473007914,10.46140580996894,3.017840152777053,4,7,2.2947562088035234,1.3429875722572522,8.954839149545727,57.21339077486714,44.6101641747032,Medium
9.851786028629512,6.102094344462643,5.999042563862989,2,10,3.1258944608262116,4.299952996509223,9.740733620088726,60.26305353624976,24.218241879141306,Medium
6.909008779278069,6.186194250555878,6.068287786680425,4,11,7.152709144098745,4.784209449334328,2.0839479934205505,45.28035263703204,53.242216960158814,Medium
5.937389849634306,3.299088294751278,4.974051512064376,4,8,5.303490240275545,3.3855899113864076,3.6241677501751237,35.96975130671601,37.71461962248208,Low
4.729428411080759,11.34573640379706,5.11295680032577,4,7,5.867357327165428,1.2136076848668549,7.1686511160575375,37.26836761819531,75.28166702707765,Low
4.295290485616082,6.272040301847843,6.144498268472406,6,8,3.906985801698222,3.9553048969512448,8.697064145682983,36.1838175833239,45.17347622818129,Low
4.623796085491765,7.74693484050588,4.875675316130545,8,7,8.53031951365232,1.8686548491427017,7.7617375780398365,23.194794313775496,68.1973896534183,Low
7.400689976517225,6.179351316143432,3.155883005664138,0,10,9.995095716394788,3.9346067684110517,5.100328896236416,27.31236870205731,72.4139996128304,Low
7.7630875348449,9.390330496660281,6.430063885886912,3,4,3.809854974650892,2.737384060536519,7.533796589796294,61.29116362126064,46.803895103794076,Medium
4.628213946951799,7.24873267856532,8.146733164889945,4,10,7.467864505514644,1.2137066249791943,1.6491241584769099,25.953549600830577,68.49194532270542,Low
8.342557471114173,5.390366219134101,7.739145037306843,2,9,2.5399021978346354,2.114995756624644,6.962846026764277,51.40956270341963,25.203500341729047,Medium
6.2754084224748405,8.883325128372121,4.380529065220377,1,10,7.681887425704967,2.708119840497105,1.0721157517825501,40.1825800996092,74.00579568548642,Medium
7.220189517978324,5.1325399503795435,3.4975441692446485,4,5,4.877662339305972,3.9450013665738095,1.4279389366285438,56.88139582042847,36.864783166016835,Medium
9.418330942383136,6.325188549369018,5.4316242356904425,2,7,6.447751212497471,1.5322771273201212,7.815660023253728,44.26657075919201,43.20069942911529,Medium
8.345258973798298,3.7862217707478383,9.135583019591328,5,13,3.138045679251232,2.148006709312002,5.298643409577695,46.81545367947989,16.70297680236913,Medium
6.597204028141252,5.152083775604787,7.291196157919091,1,7,8.664910617109793,1.3341491236154317,1.5359588567840021,26.919118086171025,63.715935870379745,Low
5.663211661877069,8.357058339440956,7.407929353588467,3,9,2.5600177713579444,3.463227951877899,5.336750748403104,52.87459820187078,45.88432506829872,Medium
3.7722768980060426,4.070927923794151,7.77971390357099,4,13,9.357448966632127,2.8970859957111914,1.5647889742347862,8.925163682422449,69.74409108572429,Low
5.92127002113637,5.037708550756569,6.841533125037173,4,12,1.5512353084622579,4.716019781492154,4.114290188905338,52.99184945881697,25.77009297624872,Medium
6.6833046417584585,7.995262167734384,6.2412170952271575,5,12,3.5918339445443483,3.962212012693663,2.416353449780199,58.457174390456224,41.55580669185627,Medium
5.519230709273224,6.912786207813895,7.324613793295936,2,7,6.066509479027844,4.111549450243843,2.9743521885270274,42.536880970028044,60.23370022814839,Medium
6.803114549361543,11.984073271918618,4.907667791563961,4,8,8.726217253239769,1.6575703014270031,2.760450437648032,46.36706885466879,82.75568965397407,Medium
7.115277824438152,11.66779309204875,3.1710739772673584,5,15,6.193223710566761,2.06649008205076,4.345911324601227,48.905992047423126,65.98188929806216,Medium
6.662716027287882,6.264155074497693,7.445993869248646,4,10,2.945023214072244,3.052558173543771,1.9711748505985511,55.15794671263169,33.93953621273835,Medium
6.02499612876481,9.114275236806964,8.47547621149845,6,8,8.73130047831622,1.053938003536088,5.749628049460169,30.650538320100555,71.87977446792607,Low
7.2529820079500915,9.498565113758902,3.7635361212879372,4,6,6.365458996945603,4.480512574410143,4.663909123783853,58.54151828475498,60.09263063116579,Medium
7.662910974354114,6.8050422839511935,7.6438429648318005,3,13,3.0911227280412583,4.1109615279754035,8.558785390780606,50.18635348003075,34.19270925636004,Medium
5.364401383835731,5.008916927003592,9.36153142677638,2,12,6.056592057606602,1.2317587407808634,8.43332583043426,14.607533385626006,53.8431095388642,Low
9.116398569619406,7.975403101383884,5.9955075964857585,3,9,7.077693355061641,4.396135647892446,8.418500040166503,51.521443146402504,51.821273581746695,Medium
6.852117801573607,7.654308650371778,4.3639956305165075,2,6,7.124747095986322,1.0179524592726326,5.226753485212561,35.54100438939377,62.43253941653778,Low
7.028274434417272,7.128471006058762,6.2460373470535115,3,7,7.516041480353603,1.4568772741527511,3.617097478986347,37.51142133643748,59.82093551606903,Low
8.062321634884835,8.88463373632897,4.898932063598597,3,12,9.061642342794313,1.2214582118307606,4.738611466897005,34.20256447554721,69.42849095742561,Low
7.349824196895252,6.498540785988802,4.7665397800871965,3,9,8.423398442863187,2.91663972736283,7.186345648162382,31.25915565584238,60.57442016591794,Low
8.429704950869867,5.696004904841714,6.866368134543086,3,12,6.469273015740733,4.136199119675577,5.768077208341735,44.5647264781787,43.39541777931784,Medium
7.430686247802736,8.218165940699663,2.7925410499402092,3,11,1.2894886490033535,1.7141566473539602,6.618736945613167,56.7244357290732,31.549829177151295,Medium
6.0813439380393435,8.771940185137751,3.1121421550155457,5,8,7.745701316807952,4.0859458445433035,7.2434596475445865,39.573777651686754,67.3817564533647,Low
7.542255287809152,5.646710112199894,6.038581760747886,2,12,9.77463480384261,1.7396991286424717,9.265269654483074,14.348453610677012,65.08387818402308,Low
5.2844106890190075,9.856181221982162,5.955382922175137,3,17,3.7500995904132055,4.962145358150655,9.49578249654849,40.55561141189607,58.8676126433008,Medium
7.162839558664785,4.459037724447844,6.687109154079872,4,12,6.462087551805961,4.413898137200246,8.564229986626103,32.542696248359235,42.407131701402676,Low
6.950155014033308,6.843773082568713,9.750450776966776,3,10,7.9179994820686215,3.9487470952923482,1.58555346859898,42.63567660114787,61.080997430856186,Medium
6.687824714091191,7.483982927604782,6.209028072151642,6,8,6.751800815124097,3.3667536923661667,9.814015041807803,37.81356468609811,53.320577878399,Low
6.807193732841604,6.727552574696141,7.196344300669589,4,10,9.302940046188962,1.9701927877531493,7.332676535532465,22.79881965201097,66.22286937533175,Low
4.1772264317535415,6.869879052897615,4.048934128770736,4,10,5.260059637018921,1.477070487929121,7.240529342134407,22.814063457362828,58.20035808033887,Low
6.176912638388558,11.742148964616227,7.535875327033074,3,11,5.786620986304726,2.8412270080194313,1.2079538398843,54.98543951445941,71.96956682387497,Medium
7.1392673517116725,6.298231821922203,4.947218269778644,4,13,1.3441905133021514,2.6106410169546277,5.314599291657735,53.85992457624245,24.16354364945701,Medium
7.239784587996101,12.882443444943828,6.142841665162186,5,6,9.101991809789544,3.6979236921066114,6.6384972056409595,52.92660574356044,84.1908176018219,Medium
5.458487288611063,8.874253559462105,5.782302749861676,2,12,3.360545306879043,1.6803590053604567,3.506584634653632,43.537366241151226,54.43504275958585,Medium
8.898561761297051,8.184110274623984,8.065948469828061,4,8,9.805789668648409,3.248513868136482,1.7491602950959844,49.93256379131909,65.07130069075139,Medium
5.7007377276782485,8.952480706775331,3.380046891250001,3,7,2.8189572583743576,3.7734008566012944,5.792003750125138,55.95865526673991,49.185116301892755,Medium
8.454185800790105,13.059855498503904,1.433522730769921,2,9,3.2811011058313695,2.195865034826442,5.016651024206881,72.15662361209061,56.586862224529476,High
7.640791542807527,6.012813992137104,5.573134605824151,6,10,5.361630706780451,4.120057084327852,1.39672291724724,57.067200554415685,36.993086918650675,Medium
6.0306590352342955,5.759164162127222,6.937062513810249,5,11,6.944500690927795,2.7273714940852094,5.6747628693237,29.656022010949535,52.58014104872733,Low
9.662966338914268,6.490267606856158,6.304538751615,5,12,4.965981469826946,1.6505243835108003,1.969451531097428,58.520127967309364,29.966460466336265,Medium
5.2095447523652805,8.064286293929122,8.464408474827822,4,7,4.166348784208836,1.779080187872399,4.820956979746558,42.75515683553113,52.796856843183306,Medium
8.378731260415002,4.548457750374853,6.874745348359337,5,13,5.860782799696538,2.1155936476135304,3.4337161921488084,41.95412308247688,32.72492440920182,Medium
8.500873477064466,8.044678478637216,4.872303336280281,5,6,9.624684862396917,1.6325050774466061,9.734237302400118,34.061444766085344,63.53687728916116,Low
5.994069686385033,11.387094266827344,1.3491596917206392,1,13,9.657567966044564,3.251678266946505,1.3125991318994652,36.30678073874006,94.12288815906047,Low
9.088697950096494,8.302814781249555,5.525375531609564,5,17,3.9524030972055524,4.7965646967806785,6.040209124818733,62.1376897489162,34.129144756336785,Medium
6.6249302281015705,7.414629082049446,8.055918004515597,2,7,7.12142776936395,4.58429231693524,2.3672828989536128,48.07607883828393,62.50962887453474,Medium
7.4330404439197855,6.763679102632745,5.215904434665771,5,7,7.49721067292369,2.295015935933762,3.8736470041413518,42.93576851274934,52.96785456029056,Medium
7.390482758156831,9.79702340910313,6.056640527355529,0,5,6.880754154352207,4.458677286922357,2.655108743777138,58.11002252908657,70.48969225381322,Medium
6.798536887794178,6.348334453523905,6.842720508613417,3,14,2.017092288030735,4.816091845800212,9.956321917411199,47.44170708925173,30.95294612893084,Medium
8.216212409739674,11.692791841198495,3.9694152515003682,3,14,5.855280865027797,2.1766685613324688,1.291258604018869,59.80352443659284,63.36885921358479,Medium
8.19023308082832,11.866719495428715,7.246471793277635,8,6,7.8692644685382085,4.621139519872408,5.872208132266005,66.66958650980396,64.80249226813142,Medium
4.377202040142729,8.513501597323575,9.27424358000341,5,7,2.80728600834013,4.989716257363499,6.472384431925483,52.84560852329756,49.514808013183,Medium
8.956510364317229,7.9769698238467095,5.654373296213187,3,12,4.133879473487365,4.190687237991364,7.949511061259976,58.2617877706058,38.068266216504504,Medium
4.506262017946488,10.061319616483118,3.7418711563353964,3,15,2.834203950928733,2.5608932799166193,6.6338516469861135,39.44861202857583,58.46935252499578,Low
8.548819306512486,10.18959700445465,5.866797945956052,3,9,8.982356990102517,3.434166418376904,3.0821221610535714,52.69671740404678,71.75318661230116,Medium
8.690057705241376,6.388016537881169,1.5512317827822626,4,14,8.726784544485728,2.456746596542513,6.3823499469717175,32.47469322552533,54.06180395121297,Low
5.363550354677203,6.9468897337265965,6.673806527953232,2,11,2.522828082932379,4.983845133414986,9.774701890078301,42.66576529225573,43.63882403440598,Medium
6.383778568068123,5.355305130633409,6.904548755297157,3,9,7.844952113060716,1.271412950818421,8.636065917442842,18.203544226963615,57.67643318280196,Low
5.341442997271097,8.818129876668115,9.351272587691124,5,13,4.275784610674204,4.572321300278611,5.081474024696819,48.01870857226416,53.70174327751784,Medium
6.677618454566897,9.333255766913782,5.61201041486675,4,13,7.17553885400251,1.298192532969888,5.296673959963979,34.399318866668324,65.92969900934412,Low
6.537948573721388,5.300148724277454,6.81697067629294,5,7,5.44031331463275,1.1687912912961358,2.19617557860101,41.0985299035994,41.331708507345894,Medium
8.16949079840401,7.089602190367682,4.277423795228198,3,12,5.247810410138418,4.759758066134186,6.129326105523667,52.523227901824185,43.647748780959006,Medium
8.965463119179413,5.305492164837302,5.287145758949842,5,11,8.931563311391455,4.4691277498211655,3.5221905369680626,45.02680180269688,48.06008981617465,Medium
9.093525716184935,6.202400379512325,2.949629126675604,10,5,6.732678390173889,2.446246981131196,1.973028298822289,63.25371869165319,30.820557054215836,Medium
6.156747960132547,9.102034120452599,5.610420757433529,3,8,3.121911484887387,4.830128753271934,5.267884648728307,60.60891360849193,49.26416958459927,Medium
6.686167189383208,6.533035866643441,5.38938169296287,3,17,1.9968306191413638,4.447427510654416,1.4056415561994617,56.32414008163346,32.01574118593539,Medium
4.4748427116685745,7.398348087935402,6.598399532177792,4,16,9.40066158710235,4.607931503021885,2.0811856908690047,22.250657068537034,79.1853046233004,Low
5.791194900255717,4.745376544105369,4.7528062393347215,0,10,2.3804735638440597,3.380461945034497,2.9713958728655783,44.2269279310282,36.682287018714646,Medium
8.447277449646187,8.373980419449328,6.166690701950184,5,10,7.606688247332679,4.833314144870429,9.91571155191279,47.29536495806453,55.07661579017883,Medium
9.423374235322347,7.911453360310702,5.333239888784669,5,11,5.462645654195361,4.238328830954162,8.276334402432603,58.43812756203462,38.66261558622908,Medium
5.148476692180116,6.542081499933675,5.337001223400971,3,12,2.2605884446810562,4.759811441748245,5.8758250272908805,46.7607538697286,39.94554503498828,Medium
6.1113036112706585,7.621971404635052,6.16072465192606,2,10,7.989900468312595,2.126043741656142,3.0930884580826605,31.158294547081766,69.73960481008346,Low
6.96039136456161,8.360589761006889,6.08104588463402,3,10,9.140360825374907,3.128390269332087,5.670278999648249,33.413565506553894,72.61742010015378,Low
7.42024173822941,6.370263702181312,7.522348078103277,6,10,2.093559467168332,4.470651316594701,6.840973774702645,61.27243393980424,23.21914525436786,Medium
5.785594720117531,5.047474911996441,5.75871393174033,4,5,1.6037994527227624,3.3189161634668074,1.041075253202905,59.71749078742765,26.6465053820623,Medium
7.636091566696135,11.61114886537363,5.300229301753994,3,10,8.64864956182214,4.2043934402026455,9.891042436734509,43.759468104981195,79.26624943514582,Medium
6.289240979393626,6.733454590579455,5.638385109825547,3,10,5.508580950577875,4.89238787049379,6.641029004752762,42.73819529815197,51.68971271934867,Medium
6.9783215936825815,7.806479793626221,4.570671766318015,1,12,7.070817313243388,4.218251336453948,9.894218271111045,32.270360614207114,64.02618458294687,Low
7.819426372005549,10.021679470040628,5.280177812866657,5,14,4.973323035183007,2.261438482446708,5.221592137883191,52.939423883694914,50.91440069264818,Medium
7.009633404716407,14.0,10.062317426146462,3,11,4.711854307910885,1.4747975584568298,6.611566155060472,56.38074268366602,71.42975314661875,Medium
6.345421164210147,5.511027100222268,4.174642478608266,5,14,3.69693221699885,2.0909873031248827,5.153146679965952,38.02986622953151,34.379673933563716,Low
6.835585294111254,8.89965442745302,5.442687332241381,2,12,6.066353401626319,3.651164486397966,1.085352784995362,50.71511058896113,61.89317058205216,Medium
6.867455561191997,6.584895429411787,5.225022673460619,6,6,2.4382711693518413,1.0437774452592907,8.649025444857697,48.57195659075957,28.07399297713792,Medium
6.444983455176809,6.922419390846578,5.505656775511201,5,8,7.455076927556633,1.758874908383334,5.04101449452154,33.98731961352348,57.587647208590575,Low
6.611805905999346,6.55957595798642,5.33752138224321,3,6,5.944867743339136,2.3076105805782396,5.238425727340985,40.69481918536268,51.8056821601614,Medium
9.397970755757076,5.74869006439883,6.5584802024419995,7,13,8.627687614375109,4.500899774512696,4.239677254176346,48.453904612413304,42.66278364813857,Medium
7.841379171911858,7.917417276430677,2.5796497972164114,3,10,9.289126996877174,1.2040165935497975,4.893908207851099,31.540936283603322,67.93380618962107,Low
6.556779522956259,5.050994625903529,8.074342945064009,2,9,9.105280873286898,1.1997446392955071,7.529956449715321,14.255629040075334,63.8382418497872,Low
8.045431606766103,9.89361513302374,7.265165599284394,2,7,6.411078231528004,3.2071301934772407,7.305620332232491,52.416908777645645,62.04813259346841,Medium
6.499270765365985,8.110005872066749,3.5142568278737305,6,14,3.868608745889729,1.7110650088227808,8.275410601088176,39.91315098602185,42.286272474460326,Low
8.759686956379962,8.84486994580288,1.4618454540951973,4,12,4.214526769572202,1.9688607206356168,9.772003622586924,50.600695544628906,40.66304878471521,Medium
7.554463288297141,7.067622776107554,4.045855707717198,5,5,6.872824578334792,1.736944403917391,4.520487092706636,45.90772034099997,50.50124038099669,Medium
6.839046783993656,7.265592131576503,5.514667077145755,6,7,7.407703910856072,3.326428550387719,4.050635660762711,45.4161096143794,55.08606803173086,Medium
7.671575388715416,8.575127810334656,11.16058379738155,6,10,2.4515698154468852,1.222190998426678,5.4417255829904905,59.094747204264195,32.011207025182195,Medium
4.6436857718972515,5.671898735188349,7.086513929948547,1,10,9.981544030415842,4.760000114518231,2.3895060622986812,19.684026233109883,80.47735374483484,Low
5.309848796635292,7.284019131173328,2.384820701637085,5,1,1.9675278911445022,1.4925535416513132,7.822266508257625,50.81416216492906,36.864896363504954,Medium
5.2091124904014166,6.280772972243092,4.620688990198112,6,13,6.463830135793995,4.806382008648455,6.230241325838183,33.01083177033451,53.82842729696778,Low
7.21441464214556,6.218862378817971,5.893575127454033,5,10,5.779213248671417,4.112516121857054,2.902066537032618,50.56808074481373,43.471291454502634,Medium
9.598772499227637,3.780323518748717,6.507367108596194,5,7,6.3188936008177325,4.312063544904449,8.776315468050637,49.26377810807391,26.907557603239535,Medium
10.0,10.67865317896,3.370502279379154,4,10,5.803883771313752,1.6912329379424063,6.571562656507329,62.038447510402385,49.88535087675116,Medium
7.957076652161136,6.6269224936924624,5.730019544045877,5,14,1.5211911058822398,3.678588347818366,1.3063538829285033,67.66517016325236,20.890263043831112,Medium
7.751266712416685,10.3267521103271,4.564721724778918,1,14,9.96332877185459,4.268288605185825,2.768651998443287,41.34619412607103,84.17620262675521,Medium
4.298413398770892,10.137584642788585,3.792482874795367,4,12,9.83149337033671,3.232142160201525,9.019841384733427,16.03936822728426,92.1379726442603,Low
6.185989300398967,5.428000586967013,6.519191293397908,9,12,5.719167518808401,3.2042988316175727,4.429410007704851,40.42450649273617,37.3212602876948,Medium
5.818324372137642,5.823177528654309,7.547754346885645,7,6,2.8751400744288134,1.6376533460034182,9.859164271548225,40.68936512564318,30.078844168334008,Medium
6.068728602623326,13.121005918711369,7.682082553923239,3,6,2.6464788032156625,2.656929998414265,5.767770582648452,66.74314432911127,62.09994449321141,Medium
6.747784272122816,11.501851883854286,7.1487727022677525,6,5,1.5134367897355352,1.602159840506534,2.871236322302275,75.42391038763708,42.14526138472514,High
6.291864133454309,7.936962973343792,5.005260933719474,2,7,6.506730595132246,4.891431034841075,6.345051038708989,44.751070270619294,62.845689531096795,Medium
4.0310502844363185,8.514746212834698,7.429099522927012,5,8,5.304128952187432,3.7394000345218394,1.9211584466230864,44.26993314890624,63.25762125704447,Medium
8.121865384176301,6.738307194105623,6.618108876208575,4,9,4.746806052645496,1.1936877029234565,8.267632457500579,43.05038897533537,38.26083605018189,Medium
5.39088546139029,8.86470542840068,6.267883765904027,5,8,5.726920070239694,2.907071653653525,6.650561881911557,40.798267756546444,60.78157622219488,Medium
7.3588702961667245,6.565636198555057,4.7766137565964035,2,10,8.855676340831973,3.55185660013575,9.67551957815456,26.017995549365413,64.74381364986569,Low
10.0,3.9352924714032307,5.006247745316943,3,13,1.6364678618129984,1.3825615233255908,7.210970116232469,53.701047188620485,6.458780419093673,Medium
5.620923112620365,5.356888426977898,6.147773872249108,5,10,5.896803407652314,3.659954301319511,1.4423532009894169,40.6521307742568,47.71787518106785,Medium
3.204568715880505,8.042185495701174,10.879748933971003,2,12,7.309152054848611,1.70922098328443,5.287854164817109,13.126225476805844,80.4260782206258,Low
6.570993667179834,5.737865528994824,6.60248496018278,6,12,9.736199345953445,2.6315176194408516,5.781792181504362,21.91850780183233,62.04048803199218,Low
8.651439452497856,7.865445070172931,4.777622995499428,4,14,7.65722938120081,3.502216221086813,9.250983692308669,38.68604687073312,54.41661486361665,Low
9.93752118133089,5.850677921134274,4.335221110061115,2,14,5.933030888916097,2.4602164842143557,4.892201124009724,47.721287478000534,36.69945100033261,Medium
5.155675608321374,6.435292154996013,5.016466774687594,2,12,7.900918496830617,2.523536789816541,6.341622154887336,17.755487707122303,69.03880334347899,Low
7.745048834854782,9.706330612826383,10.35458689509813,5,12,9.973524045617571,4.374461199058686,2.6736049422133505,46.29622272186018,74.60913675801054,Medium
6.30203431482992,8.494961095280209,5.201486708108076,2,7,8.998609205033365,2.2370593666806022,3.2016352671399453,33.99536085872239,77.08322133248025,Low
6.841077468543796,7.980671157373306,7.81374106922057,2,10,1.8018665377757161,3.620777295695285,5.93728088066543,58.16239351686261,37.56170192997033,Medium
10.0,9.757927946141303,5.248143509057288,4,13,6.173451553384782,4.396610640987924,7.272861073913916,62.51766896814015,48.3103233990278,Medium
4.745544507407271,8.961217186694695,6.5223690825592575,5,11,8.078267401398893,1.6105967312053022,4.919146308288919,24.9489729893305,75.44565418303479,Low
7.38060949224186,10.893126582502735,7.583490548017444,3,14,7.0468793430202945,1.1837119160100373,4.894017082439432,40.65983549179716,69.86082033959505,Medium
7.70153975764815,7.08028147536972,4.856194300380152,4,7,4.752710765215762,4.302136175122611,3.303948583357907,60.93975577735395,41.353077124186335,Medium
8.62867948740902,7.140730042944982,4.717776691694461,4,7,3.9019993688897516,3.204523166516734,7.283176890594309,59.40937558249249,33.42032417947374,Medium
7.1469747302063436,5.3977814672173094,9.31773938891066,5,10,6.643044411356508,4.310805195615655,1.0492558813970942,48.48389948198651,44.9778872896546,Medium
7.462075809256153,7.14203856525516,7.969185789791593,3,8,4.711318532343427,1.852142535960382,5.6149177627730165,46.922939154027794,44.24553585678618,Medium
6.412527148867313,9.929539788604892,7.581344637381457,3,8,4.5279777886335335,4.330528891673542,1.03208279528487,63.96257984664919,58.11093097069936,Medium
7.403690411867661,10.599974744524268,7.574552586245828,6,8,8.530676439764907,1.3812416556591969,6.341211188429332,42.306382983690256,70.44346392037194,Medium
6.485211586753884,9.920610336173336,6.919150976622131,5,11,3.8408988086675855,4.532812136592694,1.2781584243220516,65.98991865462499,50.7142536023572,Medium
7.932357834784076,4.411616266901127,10.03555162635013,8,17,6.804315433388047,4.290134651543147,9.460603719078748,32.354015706529815,33.24741245881239,Low
6.445584495934549,10.166290425321469,6.087816603754313,2,12,8.860900942116455,3.2693389317863164,5.301583859990636,34.3274935625909,81.94203843733541,Low
7.56565059085328,4.322962753455858,7.154524734401839,6,12,6.595947225644268,3.4333595719964,7.156204582409193,34.97085021671954,37.15342987559505,Low
6.956105779472533,9.796234648244695,3.098174142811975,6,11,5.435086350840685,2.3833767870324682,8.682386271085845,45.456257075725254,54.21722471081139,Medium
8.689075376158252,7.26443094685789,4.350078626817519,6,9,1.3177243374486962,1.806464617440514,3.1187990273019466,71.37606983263906,17.254994737951684,High
6.922909414617271,9.405066627867711,3.598362000329919,4,13,7.134152989372034,2.8217523688597073,5.86048511921197,39.79141587647922,64.93771463969411,Low
4.340451297689678,5.335103304210868,8.548127167032298,4,8,9.977734245546987,3.6298084591640984,8.771046258168042,9.149086904406898,75.00077639690713,Low
8.892882251070988,10.342335265412293,1.0,4,5,8.275874979756454,4.993859439578651,5.83996247208308,63.03691030792523,65.53120180532174,Medium
5.641401548706072,5.0700505077902225,5.1953799544945545,1,8,6.710195677189526,4.26901226360776,4.534952465841384,32.196450222228954,57.926113167045365,Low
6.019350492026771,6.663090178293645,1.0,2,10,5.222300518454216,2.737231346641522,4.31982826852325,38.131789635200604,53.02490747432381,Low
6.106508058934762,6.00381074446193,4.33742420903622,5,13,3.018917774040502,3.9729914114479836,4.456975240830249,48.35324406006293,33.89202811002151,Medium
9.061657139756226,4.491430294355002,5.018102100536267,5,11,7.228982789398257,1.4321900107553946,6.53888159501041,35.59230730199793,36.29657327069333,Low
3.796488679031957,8.189055135176936,8.769742187588088,5,14,2.5957172576085275,2.66014418781835,1.4109503096604765,43.26827840315062,49.77596105927679,Medium
10.0,11.612178235673923,6.793255878442914,3,11,8.98343605568462,2.6996983281710234,4.738445871239849,56.9082455390191,70.76311200066905,Medium
8.584085213599078,13.333810444640019,4.333716953342067,4,10,4.185897285247254,4.995295244852962,6.045302158721389,78.31230684160829,57.796928515956616,High
7.334858371193739,8.194311574172495,8.131927439463652,8,13,4.598167685074032,2.5640598557707652,8.077427086902894,47.77390484396256,38.908539677309676,Medium
6.91765899907557,10.233362550135045,6.035664509059515,7,15,2.94437448891608,1.3331264115990584,5.769943710471657,53.46498689143748,41.92901176656657,Medium
7.428331112286485,8.464189275857075,6.075133717414505,1,15,5.334961162644517,1.2689118056636985,9.335554616030379,31.207224624564294,55.996714163733564,Low
7.781683642569007,8.997766389536425,3.594656984456016,5,9,7.124090411370461,3.793537539725954,4.993956931333505,52.59353116445972,57.862002396083604,Medium
7.967823378925085,7.315702697745523,4.019972572193721,5,8,3.7250125321459744,2.1563723583856387,6.85714736040716,54.55179976448622,34.19313498922918,Medium
7.833406699005173,8.390153850845204,4.349805400108951,2,9,7.31653835117865,4.475653790628689,1.1582300151477174,55.52266471362542,61.86846774134144,Medium
7.134371021882873,9.074957409212857,6.09292254630838,6,10,6.5852399261684464,2.9317907746144836,3.1460326065145945,51.60116420702694,56.44114017991606,Medium
6.7039923695390105,6.843080542247337,6.15577145396135,3,10,4.351494464451925,2.321489538416288,8.339116117587313,38.7908542416479,44.634564294256194,Low
6.773090074519732,7.845011400214024,9.088185327048091,4,15,3.8152379010393958,4.036457999015485,6.275935496395908,47.955413942322586,43.5537064279433,Medium
6.707637579470979,7.883139762005023,6.7701103358756685,1,5,8.751964176002412,2.6701300459113297,9.515557549275485,28.057333161975233,73.71990063581178,Low
8.700655145300598,9.652806634661049,1.0,8,7,1.1074150813871921,3.9495333099038414,7.775887935846583,81.80960315704961,21.28285138221431,High
7.890335083421293,5.867935656744638,6.525283975743381,2,8,7.4431514075784655,3.8563677240715384,5.0469747242526,42.07764551371924,52.962949239624194,Medium
3.0,7.896915582784697,3.0999672876649345,2,16,4.75528479072291,3.89284575576549,8.008401412705178,19.28155996292153,68.23798229910561,Low
7.9838511647946415,11.824010938105395,4.068058150776928,5,9,7.459225950356422,4.428487489147485,5.210081034616104,61.26469722644264,69.039750044331,Medium
7.292104292078163,10.328120305171876,4.37566105654734,3,15,5.567617210124309,4.393597590010552,3.971519842794357,54.28959343730912,60.90273879717451,Medium
6.971936865331154,10.69835809777741,4.673323352975396,4,5,1.7547457363209986,3.6584330014638313,1.4238646478466805,80.13280028589807,43.09012772938928,High
6.417222320366672,8.04886368035607,3.249701215919394,6,10,9.838471144714473,4.827847487729253,8.79061027437886,30.83732700176247,71.70760813361528,Low
8.68616907997902,8.641995127372047,6.406964006904575,3,11,1.774409872782166,1.0829099559578412,4.770475623005002,63.38654505179447,30.098564772106695,Medium
8.421289693184287,10.00447233340585,3.1783954298180817,8,12,2.4259136325915676,4.72169164374607,7.166532565219789,74.75555500173351,30.246417985783374,High
5.840683498264586,11.120511059061862,6.713335214499693,5,11,4.783017524608679,1.5930136813336362,2.377535367678852,51.69277974657428,62.520508297867835,Medium
7.610578430686803,4.096794174234226,10.47394215412326,1,8,9.501610463375947,1.8465722747663866,8.460661212565759,16.34138210799463,59.58684922413767,Low
5.542514898188071,5.369117385900308,3.3412818821318724,4,7,3.6376501291730996,4.269596196071541,8.41780401434821,41.58353748429069,38.8540099483509,Medium
4.930572752816604,10.618888202805296,5.430979391321555,1,13,6.117959265319736,2.6017419307043386,5.339328366248137,33.404918438735685,78.49311926849428,Low
6.059924163115053,7.446221288462393,1.0,4,7,5.692928074378703,2.701241768910581,7.04930237296918,39.472016693883496,54.36193494796245,Low
8.293590208574138,6.656558421483846,5.398129414059734,3,8,3.9713276914723163,2.04490784443612,5.69308457694531,53.04997811190163,35.257515491181344,Medium
8.42968756806413,5.491678026008792,7.285434305262967,3,7,7.266991905085836,1.8977647796617614,5.970393748621359,39.12571476171192,46.55792008189675,Low
7.769628130145939,6.889966596911782,7.441278462714534,4,10,5.5131609763534435,1.4249618192999947,8.999214104698781,37.46202380111263,44.09184977369473,Low
8.087643680271995,5.19526143315235,6.154727460568194,4,8,6.204579650071229,1.787084881850471,9.702241582065469,34.36030040150103,39.88226956839672,Low
7.774267430672437,12.182188545464953,7.778526849517951,2,12,2.8913987915547352,3.266985389787332,4.307490487929996,69.13883385253337,54.36387713953709,Medium
6.037777607165571,7.955127896038853,11.092109071885584,4,7,9.338941545277914,3.82643552889647,3.9855981361939046,35.763655538415335,74.22088466023153,Low
7.647883817010911,7.8840989164745645,9.4246093748752,3,10,1.9951394575535368,3.955357105234315,3.7342669247155538,66.77251081633715,32.85044058948883,Medium
8.200614287841523,9.176153350335664,4.954958141180726,3,9,7.212423069329936,2.480492782160168,7.936829144282505,44.29250055082067,60.83347364010926,Medium
8.131436994720362,9.92469033853314,3.097792027066523,6,7,8.97306499526066,4.6878191052685505,7.506077136675494,52.092044614488366,67.00438356298267,Medium
8.783370057211965,9.891776313109279,5.187697166852393,5,12,1.7561858628298535,2.314912226588766,1.3942006844433275,77.11736525466293,30.51105157559521,High
8.062455770801595,10.147243887815144,4.106034468765303,5,10,1.2587682132118272,1.444546573593947,1.795968016351802,74.62491713759002,32.10574082935335,High
7.527172311312374,6.738308898418287,6.902695095729265,3,7,3.998383706417086,4.7808910760485155,6.815844102758238,56.93517879269234,38.9818467912486,Medium
8.605225357474641,7.404266390086278,3.6376129211410038,3,10,8.109531399406151,3.1627085649911457,3.4746276180153592,46.53426136269013,56.977355033928625,Medium
6.96021811112641,9.538063310884551,5.854355134819316,5,10,7.456298657534554,4.885504888463059,1.8242228445845519,55.773304431934974,65.00762981507043,Medium
5.677188023158424,6.94522187672076,7.676028109072621,1,11,8.399413769038661,2.5746662127324287,4.7229734062232485,22.578529883009196,72.96252864765547,Low
6.755399554084354,7.98978673594555,5.798608254365646,3,6,4.577486905344999,4.029573133610999,8.89734546336242,49.644694593612925,49.7429435399895,Medium
5.882646032790326,8.797527528849628,4.107372354504407,3,9,9.943831164992233,1.4397469069382893,4.296806051621251,24.098398223803734,82.79550772044429,Low
5.987232587538427,9.570370164620753,8.349628115171384,7,12,4.294954945182759,4.416316526372869,7.2606703490504545,52.4192676137383,50.11122169285057,Medium
6.783221993926723,4.444638075259597,2.2420381104923455,3,3,8.248448812257852,1.6827992218045198,9.10517382618518,23.149020859048473,54.58985358445266,Low
5.811370118500058,9.42949129977789,5.344409888245074,6,9,4.157257798406297,1.2747162916313903,2.52381773209512,51.326608861381665,51.512282662192696,Medium
6.53805770554144,7.532551884296549,5.91667995323733,3,11,2.9659939425357758,1.3910130870126567,6.48731558657728,43.62464217873751,41.08580689010554,Medium
4.159577999569322,9.414915421728763,6.031817316799263,6,10,4.030021657555922,3.2295023715053714,9.168933178700854,38.08767039926523,57.92645798785067,Low
7.319940561059408,9.553863384709658,6.360992112156162,7,10,2.734099880345685,2.167494162249555,2.7407178495020172,66.84923384488174,36.66922948139615,Medium
7.001808213043336,11.215830122238316,7.220879639618986,5,11,2.161995459194699,4.843817292302285,9.89841352409535,65.68312865998435,45.024544158604954,Medium
5.7743670533977145,10.706907295242406,5.929185121909298,3,13,4.275675166452672,4.410706369648229,4.285751768622219,53.73774759790489,62.47380211295486,Medium
7.988868502648607,10.693143325220593,5.263883435712638,1,6,2.32114766935175,4.213230991309011,2.9577322918396787,78.55150033123154,47.00431614887817,High
8.406355206439837,10.887340638332477,5.184821310680609,3,11,5.5209590338187535,4.238553865046766,8.54037506334967,58.187870109456796,57.94768677865646,Medium
4.588660203446539,8.582757969631892,4.776968395923291,1,5,1.3187100357182109,4.562709311138105,5.211180867891819,58.00819208484233,48.91782535333881,Medium
5.855912832150679,8.06437017407368,7.5750866486537305,5,11,4.881949823251095,4.460840439825482,7.036103615095314,45.259173051114686,51.69323441443034,Medium
5.846286475319053,9.74563416635667,4.706943041046971,1,10,9.622049692632922,4.71283025242373,5.406464926679969,32.75456823103017,88.54215084051546,Low
5.590145348336703,9.464161902866046,7.693542218016489,9,9,4.2296042085440995,4.7374652919268145,6.791750181439161,57.16625226869741,47.42437055610444,Medium
8.244212262897623,7.38186752652348,6.037998164519742,8,11,2.238771993840038,2.193285302232169,1.3183193349721043,70.05435248218122,20.436591988242007,High
6.709260791840794,8.809646817616535,4.957490386287741,5,10,3.7467705732761005,1.87825667894642,4.1516220387923655,53.11054868546612,45.20176818183156,Medium
6.603227738034084,7.929807066430811,7.23681443148827,3,7,8.121501219999072,3.572392524608767,6.915806733718369,36.650327922520106,67.56602255038176,Low
3.99420645338987,6.292134183079888,4.545092150553764,6,6,3.822931862997093,1.49332485970158,4.157025238407737,36.4527395182412,46.12771449863868,Low
7.95312704531384,10.5809214827527,7.276368081456425,3,5,4.451463432537093,1.84458045493012,7.981791580848643,58.56296132896722,53.517971430212455,Medium
5.141112407719791,8.110398485060179,6.42545224238357,4,9,8.099078648726483,4.091826689408979,9.647960580384979,26.102270224799724,72.55825871927452,Low
7.089898945399493,12.0974165153977,4.807350621816159,2,8,3.3450444474210026,3.597341711032492,1.3367030306999776,73.45770513682808,59.216348187133896,High
7.416065406937287,4.749015459600335,7.0572696306691185,2,10,5.3046161235796,3.6034078211532634,8.697863397205422,36.02817684896698,40.38760627632025,Low
9.040987893757976,6.886442454313268,7.093179451377278,3,16,1.5685154769741505,4.802553984743867,2.5215761574708764,71.1930470009759,21.103923330291266,High
5.036769401321331,8.065277673381743,8.315039211619915,4,10,2.5666352407836257,3.6704978454911377,9.256033847931052,43.531130523556136,45.69255464424386,Medium
3.0,10.274762195257829,7.932294024818592,5,12,2.8850257797728545,2.723228591581581,9.521134714886069,33.296417056163165,62.29132559222364,Low
7.2757743171305425,8.79893874520437,6.982548041452565,6,6,5.172234367197049,2.1213297361877226,6.122616441554794,53.71294342972467,47.8845848205249,Medium
9.700766772266281,8.620945508361503,3.7448180975824736,3,10,8.388823419250219,2.3542215290160575,5.311109093393015,48.948023099475165,58.12167851050971,Medium
8.858419529409156,5.745472414891706,10.897173976348114,1,13,4.190591448020162,2.111253935934691,7.826499057781936,42.602563553147235,34.235504768321015,Medium
7.314489122911938,5.686117205541057,3.1927675778563795,5,10,4.4243898209834205,1.1399522603228438,9.262193606749571,35.699899259675135,34.4328692593615,Low
6.262545721551929,8.64500932057981,7.8985263485646175,1,9,3.709047386830135,2.046296089130921,3.092014648560906,49.6155568256267,53.68926712846732,Medium
8.210683894955965,5.271788012363283,6.862567633772597,3,8,3.884419492587052,4.341480271848152,4.441972976231729,58.35858486713996,30.090732331225045,Medium
5.539680700443297,6.936244499421343,3.6517152550377707,2,3,4.631539603383999,3.9129159711091988,4.757823954143924,48.579393666308626,53.190841804782984,Medium
7.714536654034329,9.001834658171715,5.7513981222430015,4,10,9.09462955446908,3.487352995550519,8.612391224932479,36.68167306848727,69.67482080237248,Low
7.75820523874994,6.035351455446448,5.842494227510719,2,10,1.2193851757015488,4.608821464621543,2.2322531890386292,68.6717678830679,23.606422071833403,Medium
8.59031486124832,11.210711924723613,8.611165431621046,5,14,6.621267967395352,2.056500168230942,6.607397640305749,51.269089686459125,60.06688281808549,Medium
10.0,10.44787268847578,4.573378199439577,3,10,8.98914614520955,3.3107377631513595,4.158471731840493,57.69760143364753,66.5062025517306,Medium
7.5886239507681506,4.857160003323399,5.476109987151292,5,7,4.7526408065301755,1.1253056974402127,8.969627128188943,37.27825542664122,31.81579902885714,Low
6.236554561438751,6.1352575136360255,1.327860789957474,2,13,6.858222482531734,4.568026181845605,4.058117906071342,34.98967954347354,58.177219538630666,Low
6.961638531712008,3.4284455110101,9.469525586247155,2,8,6.271431217349008,2.790947784606578,9.801516563440913,24.734308254689555,42.22287612112001,Low
4.346386142666322,6.434817274903733,3.8590635139598577,3,12,4.047683459561311,1.7114857197249447,1.1406889811250709,33.90781068062058,51.76391873265255,Low
5.957930303366412,9.532776953144799,6.65382172847835,3,10,2.2367606215995575,1.957266470821033,3.155982604270121,56.24484843155447,47.35962703708044,Medium
6.386076342830344,7.172210115450286,5.797184340556272,1,8,2.976554993179871,4.3929563133185905,5.115888219190575,54.21838366276942,44.144278384497746,Medium
6.213867403098111,8.921594487231935,5.80399806643332,1,7,1.5170062068941852,1.4352246531911357,3.3069212468577724,57.755773844372,44.159844909050015,Medium
7.228532308050583,4.955331363436512,7.6197239697417505,6,14,7.882547081510065,4.700810976112249,7.636541600263576,31.36720269712504,47.2414937160152,Low
5.766370101426699,9.59595050916381,9.34252492060727,3,11,5.795264326427597,2.4938506231659896,8.330963221621788,35.38763203868716,65.87615802136277,Low
8.681546000986707,6.8897815441433,6.502987339883983,5,11,8.070702162523762,2.004341059449404,7.27757195088022,37.38877747817369,50.88545438183685,Low
7.000310597377296,8.02433936456581,7.310156035261052,0,11,3.611769950681153,2.3274347749792756,9.733586349780463,39.76169867164206,49.600151799130295,Low
6.986049518292078,7.814250997213895,6.657783073454082,5,11,8.242049254697129,2.635932879285737,5.104342013824235,35.741851815776386,62.408341401800136,Low
6.508157925230623,5.456902958215432,8.035062847861253,4,11,3.782839455018066,3.1924525156081276,9.817928158391727,36.68579764534954,35.74342262678289,Low
7.232786025788469,5.693831336520436,5.074167241027346,2,13,2.092005553812273,3.347229977158819,2.1214956740490916,55.22809640046692,28.887435690506543,Medium
8.237647397001453,9.935588938006852,8.150781108832827,3,12,5.804296557452039,2.7912771003454786,8.613501888277174,48.30866608870311,56.55971004263027,Medium
5.699304676433649,8.797984315003392,8.220999731294768,4,8,9.507660023875705,2.785455631605034,1.3459715997201067,35.41693906665255,79.60397602150167,Low
6.012825266387115,10.100098083106854,8.16507401736582,6,17,4.729546441288202,2.1411991432314723,5.78724909785525,41.49973772090031,55.92352391554187,Medium
6.544410956835003,8.649316471005037,4.679704265327048,1,6,5.6384978849696585,2.535239038973394,5.360244515893552,45.2529616743463,61.962695603174964,Medium
4.981193614790177,8.285981269618432,5.663324731525618,2,10,5.061604706927716,2.8685533510378427,8.706696550590463,31.22536777920708,62.666459367463844,Low
5.771113210417753,4.547978762666467,6.47893397756087,5,19,5.116913213588488,3.390352094250253,7.306591962060827,23.127265427510522,40.26911585248039,Low
6.285668689683011,7.4592666064776605,3.2583159103419885,5,12,2.929197684226237,1.5227995160217453,4.969508682219912,46.0322704171331,38.03895804178824,Medium
8.311583771069092,7.945231359192512,9.189840416172029,4,7,4.802341337310173,4.055895178489722,9.0610439861323,56.50870442175703,42.16054466631437,Medium
7.393841993502887,11.906214396545149,5.9754469329956486,4,11,5.472108733328369,3.722284922799457,8.972824574426689,54.567904616879645,63.96490617248342,Medium
7.2903848670513165,9.373913264197355,6.567855775209443,2,12,7.703726247927174,2.1950713991343793,1.2225864999528573,43.71892041411646,69.72039921237555,Medium
8.276346943251959,11.072122363419057,4.8459911205455946,1,14,2.2584864880296727,2.8373757690362473,8.83916721301026,59.801519187751765,46.85725094703793,Medium
6.793942317400905,9.195075411789457,3.3462448812659544,4,8,6.144525260739737,4.787715925317114,5.739268209856149,53.45982846618232,59.862535461730026,Medium
7.5856972748933345,6.5773935461010415,4.791940229050458,5,12,6.959738112652481,1.0819095285609373,8.550647493980293,29.16260028090137,48.98945429967438,Low
6.8451673706012555,8.234248432299703,6.438408375267177,3,7,4.445133907180544,4.245406393855471,2.6319123644155606,60.44655746231875,49.60773840544757,Medium
7.398043524099442,8.472447292528466,7.346857625507387,3,12,5.942479355186042,3.046898819994127,2.359859674413267,50.15633350711089,55.45799188549465,Medium
6.125862013582627,6.121688860458637,6.32358308120544,1,15,7.396678464270677,3.4752499678168745,7.499828311326565,20.770103956813106,63.084876650317945,Low
3.341774262585356,7.231225246814158,6.693448032483901,4,8,5.185910900452621,3.7381302408690495,3.4782192567108483,34.477909743625595,62.753465786728235,Low
6.798581256720544,7.588466012645656,5.325947250637247,2,12,4.000158286224073,2.8240807572841278,6.029564963547385,44.45112535562371,47.087754512576005,Medium
9.13412220414991,11.211239665130236,6.992497132490856,3,10,8.422329002279115,1.76743840760883,7.19933984914991,47.85703925841748,70.251960862894,Medium
8.389323103362388,3.8385189492180434,8.965665732771814,9,9,9.899351930868093,4.638362259789906,6.4936675807565685,36.96807844173421,42.52343819612495,Low
8.448096226886756,10.411636841432086,7.409578884877973,4,8,2.949719975151634,3.960763024599132,7.2906892606968805,71.53570716864257,41.56058805977681,High
8.854196082709327,6.126409530081235,7.619083776505881,3,10,9.004552726363316,3.2383587930825906,6.583215544975455,36.80614186119694,55.59740719595866,Low
7.132986386442156,5.255841625460771,6.588032798613262,2,10,5.908859777051213,2.7938255573033404,4.412152280482843,37.80309739426363,46.43330262159717,Low
7.295973561108394,10.359884260076928,2.9936898608007962,7,13,5.03130936211658,2.9973265134233915,1.81444974105441,61.46702865739133,51.01087770232908,Medium
6.073522156848474,9.463796138468762,3.9106669387375135,1,16,9.038468270016127,4.2941528321218545,8.698106331609422,22.820934326944865,83.66562519163232,Low
6.5258907159594255,10.50903740476238,6.909751601327686,3,9,9.193049793368248,1.0500136274439442,8.614073978993025,26.63064730334358,82.6483565271882,Low
7.923656724656713,9.601403895091153,5.978121896079828,3,9,3.453910817041857,4.461339976341884,1.0511115628162375,74.03833576777862,45.1446586943002,High
8.805826655753224,12.119690003474805,6.879685772945656,5,13,4.225350443965194,1.1870078925492473,8.567789478580163,58.61416604005273,50.73006982207643,Medium
6.790830586478501,9.117447673888972,9.352846835688148,3,10,8.667318174914442,3.463652265865153,2.358899254672171,42.277598998631824,73.80965468664351,Medium
6.324716102722883,7.687045247753683,7.452071998458667,1,16,5.417420772130123,2.3324902899346784,3.99576342757543,33.71213126438849,58.27976459672546,Low
7.0007919382848955,8.685852754642685,8.517772411485643,6,9,3.592258248801044,3.712945117503276,4.720137775328352,61.6346600672417,40.89613939446043,Medium
7.901810123393672,10.486938256691927,6.18936277894146,4,8,9.659583316824433,1.3421716637198515,7.116677639903843,37.17206485135738,77.10850780188618,Low
4.834217775799687,6.441249349479766,4.38556864503112,5,11,2.953342747716471,3.224930181649796,1.831739367457466,46.97892937264065,40.642861731769386,Medium
3.555728570294143,6.696222834937238,5.884267681571318,0,8,6.493034898884698,4.420936869972763,8.439810302921153,19.927436437888044,73.64042409549732,Low
6.174194725762625,7.3820799708041855,4.390496372561724,3,10,4.851247781837056,2.9785514398819815,9.48473007658304,35.931315559974074,51.345248423296816,Low
5.168931361128762,3.7908344024693355,9.116589913544896,5,13,5.061713948663919,1.3373864074049466,9.574262817682058,14.673960625533425,39.79731630554993,Low
6.2377897035290335,8.276156816835094,7.580782153070939,3,8,1.9538935456518802,1.1495136990203028,1.8265420136705606,57.08157982871936,40.14532196089312,Medium
6.778329521773792,4.227742592097948,7.041024993256559,1,10,3.3142447484261486,3.484805395240822,9.274422282132226,36.2875641692186,33.28077427948436,Low
6.3201273864654794,8.106118625865237,8.471886404456207,3,9,2.502973836028467,1.2781223044965646,6.110460073373568,47.90848667372984,41.860346087720345,Medium
9.178701301706118,9.7305795122705,1.9598871709535493,2,8,7.74662382983106,1.2851554884324656,7.542357063250182,45.736132193222,63.135806212640965,Medium
7.49011714690348,7.046247078712328,7.176275902685319,6,10,7.2796995910780815,2.701758024042914,9.375370358493209,35.496034894584106,50.855260808002214,Low
7.450711539416242,11.354231740373741,3.3787084313912548,4,15,8.146935514316802,1.8380332743581267,6.948959109322857,37.1170489429689,74.81465360952649,Low
7.933310716065103,5.078998201163024,5.985488603068678,4,12,7.29336591817063,1.8167835764268405,5.110655011113691,32.42189210983085,45.45970521078833,Low
5.291750323328847,10.382521363263665,5.376584815065571,5,13,2.1583936698281794,2.9239048597826796,5.7260065003265845,53.29382274462543,49.28242629133833,Medium
8.558667681130403,9.350274112813842,7.323473224193895,3,5,9.807327822183002,2.12320690928571,7.160531311352323,41.467560996150446,72.67011375740951,Medium
6.88635357019681,4.567933503378622,6.456374577921911,5,9,2.696651240383277,1.877065976846338,9.502290111302793,39.749386777756335,23.677930742117116,Low
8.00572092586182,13.421588598081065,8.690234347223576,5,7,4.1540470164576995,3.0576579531577996,9.008278282561683,69.29963702333536,58.60683789938585,Medium
5.3922141504397665,7.872509428992068,4.796205678134773,8,10,7.361895360824854,2.1635349569558584,6.193605297843925,31.864132740772106,59.626792552789986,Low
4.669361850975903,6.245031955688736,7.418228779266568,8,9,2.2640403539893925,1.3208817412655578,2.899092421701398,45.73669609718994,31.72579423437099,Medium
8.226834487037543,5.185825610431966,6.324446433797664,5,10,2.5345558449797823,3.7309562824282487,4.120562122161632,61.67094292069867,19.401010350298673,Medium
7.564614289146275,7.559963944680652,2.729419459856895,5,9,8.889176296911836,3.342432082148378,4.25626748433935,41.2443048165767,62.16381408955246,Medium
5.646922668463734,7.74518625522008,4.162767082953935,4,8,3.9881345503460413,1.8484685563677221,3.6025663058679296,45.87100271529061,48.870061042706055,Medium
5.695505378087958,8.205291057079329,5.700243932955663,3,13,6.990258209362628,3.32898559779149,7.720710256914941,28.649634169040215,66.92628346814607,Low
8.688152176622154,7.40440768755208,8.224584899783455,6,8,8.728736426456058,4.8223586438938835,8.523888414652008,47.20148137072112,54.13988686829009,Medium
5.2158821606990085,9.266450620230188,6.927446115114229,3,10,9.758806560926413,4.825914202869216,3.878478047588441,32.55281941755431,86.47617449154443,Low
9.464009429883944,7.224740334673507,3.6649983522385714,5,8,2.8925712176573346,3.1277696412981078,8.615133878934206,65.22631873413816,23.349536282530433,Medium
5.649068898028197,4.130071765519058,5.719367543905681,1,13,2.106353013093951,1.3921188641316435,7.609936670916936,27.6572267385437,31.84282036051021,Low
7.957587888412575,7.701277008700718,10.03561289758606,8,15,7.666632512405664,2.8327421148263268,4.970048316710839,42.26360273347643,49.477222637129934,Medium
6.507072286376523,3.2650446932534436,6.222446669681716,4,11,2.6938164290491553,1.1079335346065284,7.287967269197991,32.462598892695986,22.337682469652886,Low
7.904781146623515,8.70754126178278,5.345348849855209,3,7,6.2217118242146086,2.6608051199005964,7.924044801558516,47.743849410004415,55.51764877391664,Medium
6.183828996828711,6.041399539434729,6.983479281512441,4,11,5.793806505652078,4.637675340149048,6.049279938428681,39.53715122815269,49.15485738881349,Low
6.755810640891559,8.326720709831601,7.52678615916394,4,12,6.039309702148843,2.869774762962441,4.988020503488254,42.60546893700295,56.314208971333954,Medium
7.061378763093582,10.628149963049209,5.087663305039882,3,8,6.848135563048056,3.2019495225568844,1.9154300222975307,55.949212435997595,69.28106235017161,Medium
5.496718816327791,6.102502609464,7.0051495487428745,4,11,8.658028684186766,1.6321460100992637,1.0123270400753324,24.442853892810508,66.38463679884057,Low
8.11123651813019,10.122512517024235,5.342221006658382,7,11,3.446362741743932,1.062602608928573,9.435261795243774,55.12504771941836,38.85954279551122,Medium
6.230179650292622,7.133220866627694,7.438655203658877,3,7,5.997190042573294,4.9735359550622995,3.4073630120034926,49.98236474628973,55.81213814803198,Medium
6.657100126989972,11.50638960413117,6.339386315942567,3,9,4.0301652334164375,2.353029103984664,6.966856185251357,54.838456188153174,60.421258043389514,Medium
5.508475938087232,7.2696947736035735,6.963935654105784,5,12,3.868606391474934,2.117399929982062,9.490250426511723,33.10838075753424,45.28792776522417,Low
3.1564995118070343,6.319014028986617,4.4816329076649914,8,5,1.1837759502726954,3.285126612895481,8.364621505411737,43.79073365960846,33.192870606043535,Medium
6.713458356099746,9.374476900790576,4.357427231854281,4,12,6.394621986938271,3.981274132088873,2.1032452382443694,51.6257232310563,62.095566896584906,Medium
10.0,7.128420540752728,7.890994609318789,3,12,9.75255003812142,2.005631191988,8.21721205400807,34.21717967250057,58.03582488359167,Low
8.176906431847035,6.317100971741983,5.841207237229012,5,6,7.85130696037821,3.0964953995542985,7.537537890784107,42.19187315313518,49.86800910345387,Medium
6.971109430398408,7.044320298592417,6.570069484198723,2,12,3.1851426667812923,2.3305425021412414,3.964573924185086,48.51038222726795,40.34511982846794,Medium
6.605663756187599,7.910786935633997,5.387209145826961,4,13,7.445123387269417,2.923862030732015,7.2064161851560495,31.489460044823314,62.326461503079464,Low
7.0336988392180695,10.684360262489708,7.797453548027288,6,13,3.6757491552475394,1.6452396550929205,8.432985030848606,50.49049007766578,48.519534759141536,Medium
7.820678672762815,4.131824509080846,4.784380039940684,6,8,7.782844163448743,3.0404731195105796,3.6227971798275207,39.84049040710937,41.17909540576783,Low
5.228780777036732,8.046161317900841,5.728797520198234,4,15,8.694391279692159,1.189388010932808,8.821263472127182,10.492467839379918,74.86663026656475,Low
8.671482542003307,9.249807189308086,7.571985625406263,2,14,4.008965084054653,4.359989335096795,1.7093294565766803,67.52389487242385,45.20358748926394,Medium
8.073071973161866,8.386897149983593,8.345935398328532,4,13,1.0196811651962365,3.5106385864981196,5.7470900880813005,67.2259409046258,26.248576735852353,Medium
8.077278588561901,10.619730338867068,4.952481417946633,7,4,3.745157241153746,4.765961723392012,3.0989769081449436,83.37637750266262,42.30141054620957,High
7.657713608214591,7.851309340482952,9.919367963911766,6,10,2.8527074049014782,3.3989276577817145,7.552094450815691,59.17837091430299,31.375274530986154,Medium
7.029424986540985,7.63089711562811,6.626483387387233,6,11,6.567531230018512,1.7286643369297519,2.5737939228547253,43.604768752677025,51.490347346277396,Medium
8.00929185395023,9.184659094026687,3.9141434763825247,6,8,3.610655951393239,2.9362030388687734,4.073084102548712,67.62943876954125,38.49203224655795,Medium
7.887721200612067,8.198627629902699,6.738104097179936,3,9,1.3244166831773434,3.658781707296651,2.146471811152432,73.74796887022482,29.686981375406923,High
6.468938933588464,7.219182523439058,5.234001571033085,2,7,5.782011210756071,2.4968933660611157,8.307232650599591,36.064260374362455,55.88759806248479,Low
6.139597340654649,9.032288079172758,6.868136974366354,3,9,8.872171075082935,3.2105987213743195,2.1904730559212036,38.50362675417496,77.29760518053878,Low
7.15278444289298,6.69494341356671,5.914287504679324,3,14,5.062051129209196,1.6507540444927966,7.508364453889601,33.2928585913229,45.64913773383498,Low
9.323530227242781,6.777645695961346,6.14854738038029,4,6,4.386677237208153,4.108496633675388,7.365071961615104,63.966925136672394,31.47897182793945,Medium
5.141339386519149,6.944011956468772,4.176813246827708,9,16,2.606646667336019,4.638119875744216,2.2813154844543853,53.6949423445183,32.11276441292596,Medium
4.79871210137134,10.706138320332816,7.98012246143272,4,12,4.4864403349126105,2.259506312923946,6.094459687165553,40.67138275618478,65.8541630018072,Medium
7.247141261854775,2.0,3.6877452656979357,6,12,3.9782706896202207,4.1733255535422344,5.471913864812529,41.622569041953426,17.126998256815572,Medium
7.076331552784027,8.791197669525884,3.7824702091900098,3,12,9.954306744764782,1.3677821070956186,6.35054112084228,23.709450455773936,77.6983858756345,Low
7.260012496555612,8.068543628400445,6.734720698294973,7,7,1.274225545688723,1.9868179610840562,9.435048692621844,60.21932949280481,24.296605999341086,Medium
7.36592979686275,4.63825908152376,9.20568849435594,2,11,3.1496353962555093,2.8474802658217127,1.724833201918167,50.54797963373054,29.620784969360425,Medium
6.665196618047792,8.619453558272005,5.294813805871185,5,8,1.6176609339641326,2.5456284965180362,8.38453357335112,57.61656653962521,34.243480549141886,Medium
9.234795157903124,8.951503983663065,7.401944645407932,4,12,8.716764803845013,3.4785031435709994,8.758967157526751,43.377677728732145,61.10800243377129,Medium
4.598644032285227,9.1792784627148,8.14668035372709,6,11,4.755784612826699,3.251939983968692,2.136466812963037,46.96114148322953,58.735387736001854,Medium
5.757254462829631,2.696343873910102,7.629368874588138,8,9,8.166427791066091,1.349087940167526,6.9049552452325536,15.060249151309913,42.957729661339314,Low
6.845117859776429,10.732778823708877,5.377583421652637,1,12,7.229386851389659,1.5267776235480244,7.319108331002278,34.19484906419895,76.14570531308533,Low
4.5352167832687496,6.524526590630318,3.817906565611851,4,9,9.35228422901608,1.2068465094443632,5.937996542663806,11.312907627703412,75.4728175222229,Low
6.736218393351893,9.373135493506352,1.58490486865729,3,6,1.2138781757104677,4.810426864648768,5.526369624630983,72.67556747033623,38.41115913372136,High
9.492205248592027,9.482147561364572,5.474319001075213,5,4,2.8661035056039093,3.581376977938343,3.860365835127212,84.00138505060681,31.4064073416152,High
7.031329732443942,6.246605828761414,8.356174737124348,4,16,7.318295131763812,4.422337581676063,7.201734276366112,31.401794722011893,53.751876015787616,Low
7.346051358578025,9.3209199047031,3.751668030476132,1,13,6.267014074258443,3.1650555297080727,3.5699199225006537,46.33872062575029,64.07654651778037,Medium
5.1097528522411295,7.229013518175283,7.400419695037531,4,13,7.251942249292075,1.7753527491154357,5.1402086833339355,22.440206660777598,65.29230087389861,Low
6.075457887940784,3.8572456413236855,4.099694939896255,4,9,6.1793175209421385,3.5064035189837286,8.716322505853284,26.51026712076004,43.473641310483366,Low
6.437205429514094,10.335483851055558,6.212145152773677,2,7,6.229190921351313,3.0213557203689896,1.8058601179563163,53.84006819992311,69.68690713182578,Medium
6.523427354865649,6.44991007396752,7.415583228310036,6,8,9.393166242921856,2.632769341823562,5.755332312720283,28.854449268595378,63.1819566614681,Low
8.922465692505654,6.2910130745238915,4.681009126323144,2,9,9.291630092371337,2.4872211249802043,5.374666544689,36.09837266217316,59.15887337362564,Low
7.836536591087687,7.193868263926555,6.340969361393828,2,5,1.3419700692783252,3.6003060779362412,4.40633258278257,70.27866330234737,28.135245120889568,High
5.332813064594452,8.544473450654776,5.169817326549342,2,8,4.723016776200168,3.4710466119785184,6.377767235544617,42.35569626818628,60.44660563878671,Medium
7.369757167648007,7.885459178355795,7.410297317876354,1,7,5.595135595839962,1.6062638321556526,1.1406385153581087,50.27256843521138,55.39501415653125,Medium
7.747332622745178,9.096133849414342,6.470634336969274,2,15,4.221140294442391,4.26488821533784,5.432226174551762,54.62856171754187,49.64712121198668,Medium
8.7102235577819,5.321021266942682,6.113015348858535,2,10,1.4460257773473468,3.5443649799103265,5.371214863885835,62.824868573737724,18.00203290389192,Medium
9.370811029852561,6.5152272591385305,9.116699920283956,4,12,5.250685013824209,3.143233865629375,5.6450106247807685,53.99242014206538,34.54988171540173,Medium
5.477358712258197,7.768005855356932,7.324612284736604,2,12,9.78126742245907,3.9956700811062564,2.9119623068542184,25.849944658109266,81.7891886363267,Low
5.783713733184493,11.79577458531741,4.619296267747422,4,16,1.6499015250957227,1.6146654668912706,2.8683685051384784,57.51630867249694,51.71619532038956,Medium
5.113633211628075,7.7723749231724835,5.828272198404476,4,13,8.350105839055349,4.678864663307131,6.82482302436152,26.240011358041414,72.66402312713002,Low
6.6489702113395275,10.170444527323262,5.848202429840678,5,11,2.76087312119789,2.082348818535957,1.8345475530097652,62.96210685403236,45.63090963077731,Medium
7.699537561669501,8.077110337568636,6.160639145250424,5,10,6.1911544917305825,2.051029492244471,3.7532937031998026,48.69583797759895,50.248557730742846,Medium
8.481001774883653,7.032682725124863,11.049018553214989,4,9,4.483276334907921,4.259610205304645,8.477343338820287,55.65953064587561,36.509077016791466,Medium
6.886073464536216,7.506551151771119,6.7417037854219934,6,18,4.14107430003356,2.3359648206235253,1.9338739373189346,46.92309976620589,39.741614939372965,Medium
6.520228715117734,7.663160575942237,1.9281948597904481,4,9,8.833722433590008,4.322832885107827,5.212593904174095,36.887191555036914,68.59580637432104,Low
7.227636988373111,9.207291477921476,4.91440205656607,2,11,9.761272768392296,2.3120394996099454,7.017676730150773,28.108788856971305,79.47297082641576,Low
5.747285647554966,10.749222535153109,2.135255825008383,5,10,4.480004074867377,3.202751935915616,2.2747992494291727,57.465956441639385,60.0682058770668,Medium
10.0,8.719361695372642,5.34040348590832,6,10,6.763990354679438,1.923379771148439,3.8121657764184524,60.584010939020395,43.705671026176645,Medium
4.588508459322912,10.374155357483511,2.025379540547143,4,11,6.007723745270587,3.926081482375362,6.0288056271840444,39.53971289299608,72.99984487774094,Low
7.277110868343587,6.070420524740629,4.256819057863144,4,11,1.6922944167366043,1.6677644152572002,3.945050694070688,53.98974339879309,24.441438175126837,Medium
10.0,7.1707389823719385,2.9585569407317602,6,10,1.3704480249132787,4.597725944381885,1.9894400012600013,86.9149087816973,11.540290184935925,High
7.010199766839997,6.5513949315846665,6.768320355934955,4,15,7.960644357775678,2.486595321693946,3.0916572588225906,31.16262548181264,58.11630111272207,Low
6.7149414474977585,8.628889181749706,6.0010787252577575,3,4,4.5508082914661445,2.8862979265651076,1.9847381051349684,60.30249815743461,52.13779656480836,Medium
6.463831865784359,7.282083229641173,6.605924614997463,5,6,3.768167296154285,1.0960875753470867,9.852001417412218,40.82760012044605,40.73873273194991,Medium
6.729412477356388,9.459545874068391,5.790897222862947,3,7,9.870244896511812,4.903159864342751,3.1208374343176017,44.84653515765682,81.23511777138357,Medium
9.059272712014796,6.137996576735117,3.2114044995911644,1,7,1.7670699841431023,4.2527012790734116,5.7749857356734235,69.14455945471622,22.925501365388204,Medium
3.6822071330057398,8.086061946642563,7.02704273850947,2,7,3.421562966293053,2.788035629071848,4.85669718971554,38.66468718899139,59.46038728537859,Low
9.300150551944489,9.373715822024511,9.844449120538906,3,12,8.711215053165382,4.681045356309705,6.125622367743958,51.51251191300534,64.1941235637075,Medium
4.864064271324782,3.8693944499187793,6.818425157213094,5,12,4.73498882165082,4.724238543290754,5.482820007881216,32.16453687425475,39.7921816883813,Low
6.600021506148378,12.243262614660406,5.148150801364868,3,4,6.258223888192134,3.1322084865130795,7.544456566016069,55.07324197311814,74.31127131353517,Medium
6.3561333695520075,7.4336962302402485,3.14386564778911,4,9,1.435439568727948,1.935403165893482,8.857125073433686,49.0196420521667,32.15256685119596,Medium
7.88282990465608,3.949920172647654,4.183866058480069,3,12,9.282627135546392,2.9484413385738115,3.5676944856070207,26.976338021230383,53.12257932590296,Low
4.602813472174379,8.316187797153573,6.906079313144118,3,16,2.2322685184006192,2.2991944283767056,2.652460889718843,41.91551173320679,48.67859349485577,Medium
7.693258999122914,8.066886935946302,8.14623605359875,4,7,2.9202948656980645,2.791942516042389,9.85905862912811,55.29328694849325,36.027929819409174,Medium
10.0,7.836211240855014,6.521732349443952,5,6,2.4111659400758283,4.645568123152302,8.794652139417677,77.6724347805025,20.93630763586652,High
4.955238993110784,9.982382225853332,7.599774579411967,6,11,5.4775049403714045,2.1273383437163083,4.275264576666543,41.526636526277535,63.70139923233101,Medium
7.284559251415594,9.494889942854112,7.415356488054486,5,12,8.35168484473914,4.355867178741761,9.053081259156812,39.36716135793007,67.84979739170265,Low
6.007026733305087,8.59575238204769,7.013068782771835,4,5,3.4023053889920742,4.74120421668743,7.034916802177127,58.65373143693938,47.57954353129207,Medium
7.638830809289553,8.900311267893295,4.683052809477488,5,15,2.280883971281254,4.220211150180301,4.936785760096643,64.20303387202337,34.35112230702528,Medium
7.028721666123628,7.791283101123827,6.347847023950305,3,11,4.68929470401847,3.109013374555507,8.860797567514464,42.25752806124758,48.38750086436691,Medium
6.037769636433536,11.550981698480097,4.303244392235723,6,9,9.834895748757784,3.2559092484813577,7.077544467698779,36.687845938078055,86.20793844184644,Low
7.7318084273066106,5.041607963284466,6.034857905916204,1,7,1.0995227094151647,4.278539982879812,8.438061005715578,57.94400110815076,21.314499042856944,Medium
9.706522164680115,8.279303348431792,6.661727062133824,2,10,5.535981575900837,1.1780032538944125,4.759837687470732,54.52620889509927,44.68088946876365,Medium
6.713644312409052,8.130049262377561,9.35756761477371,4,9,7.024313134558811,3.9437199631473416,8.1884390750544,39.81649931559712,60.60486043740227,Low
8.079636913222274,9.626560812129187,3.3805360512647358,5,9,8.260486795606255,3.1154699527185685,4.302342452746533,50.638957115688775,64.473110216123,Medium
5.0600905631932545,6.312292245150202,6.963015261982611,3,10,7.715717457600579,2.5885497717137955,7.615711778506451,18.9274488010621,66.24763711351285,Low
5.565345434772987,4.512654795206927,8.96247318324719,4,12,1.6698487851767698,4.067710722731308,4.9197748766162315,46.18446271460189,25.948006647578058,Medium
7.7086094168205666,8.313646032196386,7.517695531677592,2,8,5.156834005496735,2.0649889107594994,4.6467514433597055,50.69752406383083,51.52507946218111,Medium
9.226174042803947,8.562460984437209,7.665890885650083,4,7,1.708746214693171,4.582134910858262,8.169696539843747,76.80584064671227,25.324951300630698,High
7.53342002317849,10.979198818895298,7.175389803735625,5,9,6.578697896569442,3.7539511132561523,2.1253310338953497,62.61499986488839,63.543870055127705,Medium
6.530412954215269,5.459275907349827,8.596668979550834,6,12,1.693283942362315,3.4406223585410576,9.353881193415337,46.77463485576623,21.72292386594199,Medium
6.998937108135031,10.30938753343344,3.825043663775264,4,15,1.4357332710010948,3.0924811767953964,5.578126590755635,62.09358373285648,39.97730057460184,Medium
5.124388399045424,12.734828728054243,3.228146668059507,7,5,3.754253299857734,1.851030634522036,6.7246695886692205,58.14018639950403,62.80870694472441,Medium
7.90677298953305,7.2444702249550454,5.987331719069488,4,8,9.449486469613866,3.467779838122179,4.647353435739588,39.96714580237082,64.12318114253532,Low
8.323499593485113,5.418115561013552,1.6776757928565802,2,5,7.389968809498835,3.8996559214098676,6.812871845313399,43.823737156576414,49.1866917370414,Medium
6.3218645007503795,7.186051267253258,8.461291608356023,1,9,1.036233852460633,1.0467588714542373,7.38866304828882,46.10019613788892,34.9497773404739,Medium
6.294936778360748,8.028009934742762,8.441430390990883,2,10,3.562552031274083,2.4656765906688074,8.816296019473048,41.23878891837586,48.72051011856212,Medium
7.398817344478073,9.127575750013829,5.1332988898309475,2,9,1.1574810592083087,4.329856389150615,8.689408431286672,65.22508418720379,36.22587421998286,Medium
6.3449203959391065,6.817210540323905,5.258458806678981,2,14,3.648798474145053,3.52884317374713,4.220332300363568,44.309523762524684,44.473072649477366,Medium
6.900801078061266,11.110397068294684,5.855305049698657,2,13,7.169429584197285,3.4610817536952343,6.54267583875794,42.77989253140605,75.16201822198703,Medium
10.0,5.770935369983876,6.104041300879239,3,10,7.838008045126282,1.9144507404905347,8.025195685536795,39.65615990232991,43.645304943231615,Low
6.629461448881005,4.5215896956544,6.254347838388571,6,12,8.236970269646472,3.528354933906123,7.883771410916943,23.999895294159273,49.95655191525859,Low
6.462489771968166,10.213420848574636,7.116464213756606,2,18,9.189910870991122,4.144600269182041,9.018383040060066,24.210687818473126,83.65735431040066,Low
6.028687291547262,3.4507579375876007,5.654747293983044,9,7,4.292139115872181,2.607025539450047,8.487491855774625,36.73087899427793,23.717501685157867,Low
8.116287957249906,7.591740462254568,7.886386606955588,3,9,8.763379452602539,1.7283685813721874,7.460703335990594,32.68903102603765,62.97504338630267,Low
6.728163740172845,14.0,6.891895554250606,3,7,7.54901856208101,1.3090970331809118,7.739697114230746,46.64401056468911,86.56021975850543,Medium
6.025940442517861,7.975912894080137,4.786073108254729,5,10,5.839802638862612,3.0227826657937396,8.26699380779358,37.20137638613992,55.33783279945767,Low
8.981956048409518,5.758464698607501,8.670225335608194,2,12,9.591676841791763,3.735434372599826,8.540996595871288,29.87520753287226,58.41586349073267,Low
9.129404506770456,7.885205072426412,3.283486027755026,8,6,9.529668395725098,1.6505570437190231,4.1740212586311785,48.851458771532094,54.264692386709534,Medium
6.099364651391943,7.898398422760933,5.815668378357047,6,10,9.078438528433544,2.685774499818635,8.036296604525774,26.13583506105416,68.78914450188599,Low
4.200190072959076,8.321299880706233,7.933834802150936,3,7,2.8200458986545147,3.274572836577499,9.542880876766585,39.39407465978641,53.31033752191868,Low
8.511270534755383,9.324525964319239,4.553853790175711,2,11,2.870980740205192,1.6234336956134712,3.0966704944402044,63.515440429232186,40.58237956472852,Medium
5.973055261359994,5.921777663264521,6.619111293534303,2,9,9.109026565515533,2.079559812437386,1.4341146255868207,25.527178927174305,69.56760539172244,Low
8.185938398744153,11.375096110473587,7.086679193998096,4,6,4.581218358107623,3.4336535443445295,1.6515666231346895,75.89469610231107,54.23770925500515,High
4.044844273432247,8.490228568745236,4.278952264037522,11,9,8.176998341767394,3.9000957624741566,2.950463623363982,38.02602103651178,66.16457954730052,Low
8.338896007448964,9.453588092803608,5.85504456081193,4,8,7.1824655788801754,3.5439736173675884,9.278113299493564,49.06377477342875,59.27364902714102,Medium
5.183242106078828,6.743701200488715,5.68699233958158,6,7,7.861211131793147,3.8545368494014904,2.1411647549514523,38.54542148934733,62.50013167557652,Low
8.096146178599787,10.572764273991067,4.896524296335414,1,7,1.236464495214424,3.3260179155000595,7.728427399202366,71.61606028403952,40.778150398435784,High
7.021409601754651,7.485895182373871,10.60334970410155,5,7,4.8696140571074995,4.343331645535283,8.803394480070141,50.79968483098965,44.49957536137014,Medium
5.569090870905033,8.555105026987064,4.473787293109049,5,12,8.71384155190967,4.306943883485904,8.89768919695381,26.99221249416141,73.533825987291,Low
6.389445530609829,6.133787845625782,8.009860588135766,5,10,5.409330798235278,4.184990135417738,4.750737264201023,44.846137181260225,44.88528851808369,Medium
8.029477685435051,6.006136747195747,5.2143979662377165,2,11,7.211205265356123,3.301832488527324,5.457355614840774,38.57596827443393,51.73597983979599,Low
7.158841679672851,9.376410612905765,3.8267276222294364,5,14,7.803567126502043,4.976520807752326,3.9092397009797697,48.12746069435927,65.26393833175426,Medium
7.876619470708726,7.112786339585228,6.205628486310138,5,9,2.08682542450764,1.156448055274391,2.326099508891296,62.285756237333935,25.799376381979368,Medium
9.964660876773229,6.292353824991245,7.298186768775001,5,9,2.4017101142327997,1.7826123996195498,2.909541473860738,70.75887168545944,15.359868274220851,High
4.653637582433423,6.713633315945939,7.841019150131357,4,6,7.520982560569214,4.235509172061483,2.2130662786480237,37.015086145804425,66.67413946464293,Low
9.425818862452935,9.397906143434842,9.124530221310138,4,11,1.491134950478737,4.305170075686096,4.667700413505482,81.17055905640336,26.474578093762684,High
7.156533906284819,6.741924277592778,11.8904925798702,4,7,4.0770578680191925,4.275011284964258,2.533110250589784,60.80560807252454,39.13246348857775,Medium
5.6518239275153075,7.7646901367956715,6.501028407511194,4,11,9.262752359066521,4.490855744237669,4.630606863825192,30.537479422320384,74.80330522047296,Low
5.004529561391515,8.030055500574194,4.673815652349225,2,11,6.169202585740882,2.6904317443046835,8.660702158659998,25.23097463623582,67.05936869983593,Low
6.71631941383445,4.165302227979402,6.905748653589782,2,6,9.194306967292487,4.727334087746135,6.890640653593459,27.351716808611243,60.330524446312964,Low
8.382475167886689,5.057747189252964,5.467574099187017,5,10,3.7847480632704533,1.83668191329794,6.964766020860805,47.498463334488974,24.39607245578945,Medium
6.808676319433698,8.672555778495125,7.851932259704459,5,11,6.7296376822338715,4.747793956180431,8.306794695587762,44.00430475419777,58.907293442263665,Medium
9.266732395371022,6.5259412776946055,3.4056714072685565,6,9,3.58068495146271,3.2267140785004598,1.3707415657627413,71.38070311722451,23.161264045486647,High
4.823236464922662,10.113449822560836,10.736669084800875,4,7,2.00009617688868,1.6555362886233915,8.15059805299348,48.282534662526984,51.36715452331404,Medium
6.981866578230918,9.933614208501089,7.712096189551025,5,10,9.916257830827863,3.944308427852135,2.767139579271486,43.76356519800883,78.44140434132676,Medium
5.121409833380321,9.438337332710875,2.631991964407671,2,14,2.5860893450629057,2.18351706121014,4.113342141425131,44.594932749706594,54.1580412817085,Medium
7.545447823937452,11.639543574625195,4.581942195370056,6,7,2.696342993666006,1.8818303325420036,3.7723854119861673,73.05242305759022,45.031649308008106,High
8.33033108514595,7.833821344513634,7.632162088227878,0,9,8.57726532023225,1.6883010787731818,1.9508999311471231,40.325051728831276,67.55404644705466,Medium
6.36885730947842,9.297763851807678,8.352688112342909,5,5,8.220132868361953,1.117621256144524,2.5633892887095007,41.82917144877662,70.41047530821636,Medium
3.0936792150592987,6.831198046807938,3.4555247455360734,3,9,9.800468779419512,4.058616053853422,9.607124772038544,5.223527374314146,86.83021578526426,Low
7.298422220194742,12.904739825737447,7.426051700865898,2,12,1.6456961390115565,2.9460170914649777,6.402450311189275,68.81358539367707,52.953486661815,Medium
7.655107827600264,11.967267304872038,2.1053202546761534,8,8,1.8471303342128276,4.914928587867231,5.265745851650261,85.52045287667124,37.91959019296154,High
7.606442132442546,8.023760869035584,5.821328269057908,4,11,5.03842595584065,2.7570862835531913,7.820153042721553,46.09328409832682,46.635626914461234,Medium
8.853673287733232,8.773172459810384,8.224093684206412,6,9,6.325726883261377,4.3734021941463865,8.323654381401496,58.04898295959754,46.675041641724526,Medium
5.393419480526427,10.718595198729611,4.896968539794039,4,10,1.342262646507772,4.872378532139872,1.9923656851499203,71.33379687737171,47.91810498328217,High
8.020324158175674,7.705720990371786,2.986155401723973,2,8,2.4255081641511773,1.0898482784975632,7.668148739176942,52.88560227570953,34.54678766765124,Medium
8.788761268716963,6.686751858400591,6.292429592755118,7,5,7.330019164528917,1.4212755625993743,9.39156884639388,43.215146813117926,42.363144032719404,Medium
4.332118623990224,9.747979502013765,4.790562266729044,5,11,7.0168579619927085,2.3914550791272933,6.268924735922713,28.968281994779577,74.90789662128061,Low
7.479477738878466,8.15687849216734,7.259116732131671,2,14,1.8071758322893396,4.480464751089184,6.527412563391973,59.49902523253101,35.495193540721885,Medium
6.243730253488493,8.365988899290521,4.229347135563879,5,14,9.384995666680199,4.351801787054653,8.833665610920772,25.74733816889776,73.23453654673284,Low
6.877715990347531,6.331457313864069,4.454726220693799,13,8,3.2928742453066433,2.4669400963408603,7.115343034526773,56.744844700919096,18.409900266659502,Medium
7.5215147253075045,4.564655703273207,1.957995358247513,2,12,8.985075818294742,1.7996161229644367,9.95740760496415,13.424690705204082,57.31634580219609,Low
6.2691571538296715,8.472284819758203,6.339889422102965,3,10,9.306893535071403,4.209283527263622,3.5442427242079275,36.144403046123216,76.81355579749865,Low
5.986437881257582,9.809924082988399,5.678190123446803,4,8,5.410627395289678,3.3876583562487244,8.609325201409058,44.83682330454245,61.99121337651533,Medium
7.051228626232037,7.548386501847916,3.623230658519858,6,9,4.70769857867605,1.1264018693597153,6.511682987894654,44.3187024826526,41.9668870239045,Medium
5.369131091705796,10.872859039117733,6.387597427534184,6,11,3.503233480724327,4.216863730881722,4.291619865273736,59.36094943386012,55.5137417655796,Medium
5.371262306672222,6.592167349168911,8.054140601288278,1,10,8.266437988917,4.827843465437172,8.947537035318081,22.042811657774813,72.32421886844658,Low
8.019059924434755,5.89059109006816,5.568864113162101,2,9,2.7692972022377904,1.1683479665973904,9.966216304989986,42.7070520016469,29.559064577918846,Medium
5.276808947262015,7.865539385607738,6.536333899643948,4,8,6.599121110723571,2.1434944112600762,1.520644319429219,39.043563970905446,63.714208103087714,Low
7.999468751363818,7.834814849297419,6.546622499170328,3,13,6.104206435244727,4.277859903391748,9.32970480999664,43.089014800530094,51.32265191917417,Medium
7.693886939280927,9.539937462670444,3.591340345642079,5,15,3.240054888668266,3.3385987307454106,2.827999023646779,63.21736481774788,41.17535729436293,Medium
4.411289906814105,6.450074351872031,10.113171641415192,6,14,9.847424535639423,4.9574248986418965,2.8466921971584918,21.89100142428997,74.48031523627021,Low
5.983653021496517,10.736188473629795,5.058300339755432,5,17,8.616917776304572,4.662012016005539,1.375804827438451,42.5403527773012,79.30516996989428,Medium
8.79116410457106,11.933833925016508,7.312232403720541,4,7,1.1847558436068248,1.7130861853033208,9.29968960529493,74.54223017548625,37.02897712662182,High
5.528251703290477,7.921711946063316,7.538430554458099,4,4,4.800271815367044,3.6961130585576534,7.834582350535344,46.07580857167765,54.014397884370254,Medium
6.303393606535918,10.499420840368638,5.720809745768497,3,13,4.230747350638037,3.6131479203011465,1.4810426848536413,57.92613897927992,59.21830273272729,Medium
7.693091339877845,5.88700585874948,7.21359005011927,5,15,8.94528333439251,1.443429118220751,6.701816884618592,21.72150125137303,55.73060507207009,Low
8.175085763923892,10.150443082363832,6.4916384436327785,6,16,3.3804594857287467,1.358075746580019,2.0812099547658462,61.8063882977238,40.20492516739373,Medium
6.622691670933256,10.094552817118926,3.164720485545188,2,14,9.986055862667506,3.277776468162709,7.76264699306988,25.233207077389064,86.4387225002547,Low
6.103734707962538,9.726874560379757,5.335454597499823,6,6,2.8007163418647414,2.6118925207351738,4.6814845865898755,62.291310340740715,44.694885190165095,Medium
9.133554792547761,7.968873822259412,4.774898195291876,3,9,3.1949612798201112,3.18178366083707,1.4659915026666663,72.41686199507717,32.671045355506,High
9.608349495696368,2.0915021175159376,5.076509917307746,3,16,6.994734601837504,1.9553138196372384,8.464667041438602,24.589184979519345,27.647753248742852,Low
8.468287076172693,6.7165457126957415,3.3919936443267242,4,10,2.449511859726842,3.226652140694838,6.151719472780498,61.43798700958475,25.42054092016745,Medium
7.127977213847536,6.748167964630796,8.25286743349206,1,8,8.999219849769867,2.5335812072169017,7.955813607729615,25.32729231903213,68.95143093585048,Low
5.78760141753861,6.043490123879045,9.203985309226827,4,5,1.9893624346400602,4.550150071974894,7.0707776596023955,55.42464795758328,32.195423266988385,Medium
5.7543333901651526,8.244486009094132,7.956005951996818,0,10,9.849856775576981,2.224346650648921,4.909565572345841,19.743879209112123,86.37034013946405,Low
7.783771157898636,7.1620731089575305,8.541058448294287,3,9,8.871788158119713,4.483338216504237,7.287998135815548,38.21602625477891,63.35342348044032,Low
7.627597331333026,6.350775980469956,5.3107303259836875,4,6,8.556908559132106,2.5599694510140925,1.132781148222034,44.09859274612109,57.652968757917186,Medium
9.102397889419644,5.88239970350436,4.7274863300279275,4,12,4.664956018905009,3.31266355448782,4.057638030838218,56.05211030312645,30.499217606330937,Medium
7.975675138804209,6.568974029029542,4.4428259063765765,2,12,5.622774920258077,2.1455081608389848,8.000680564242348,36.95462388309416,46.24395055817826,Low
4.7453795473602725,10.242998423699856,7.288129845914446,6,9,5.107220993230009,4.236355801038764,7.867557161323259,45.44806818652525,63.74460636128101,Medium
8.577921426584378,6.677949890745012,6.4541261062882995,4,8,9.88684236283815,4.374586216039097,8.986684304886879,36.512756883569466,61.30269473661129,Low
5.502909059028381,6.970122587133455,5.8455565768031486,5,17,1.3134334737415685,4.236201508869703,6.499409683223867,47.42620715290843,31.67111702337665,Medium
6.424043092071472,7.0866047699535075,8.590297088390686,5,11,4.435380773600031,3.559345889949635,9.479771218847835,40.75118498046248,43.46417349207983,Medium
7.3753003093775416,8.677987027618839,6.8098827076306865,3,12,9.715494883895026,2.2191363892334994,6.0194098595442425,28.920260481301362,74.82623735645917,Low
9.993501234675946,8.912498977057066,4.3226847249588305,2,3,4.324511937237946,3.5459531990721485,5.504086060368215,75.2180144302879,39.83435320510038,High
10.0,2.0,4.63818234172861,5,7,4.585449954735593,4.838046709667641,2.7749494806464403,63.77924105382111,10.126819716745155,Medium
7.910084588704274,10.043270427655216,7.363986598508291,3,13,6.68170671775547,3.593541415130506,8.00952777257206,46.134990471271344,62.66787884837718,Medium
6.725205071919418,10.872736068487509,8.083465705309195,12,9,9.165419251922179,4.82557203009058,7.2285143938390295,51.57623689526093,66.43439462560717,Medium
7.801758472720826,5.899626925276661,7.103360464511939,5,11,3.6506994866801157,2.218321810968413,5.146846161952976,50.09658745506673,29.329996022684522,Medium
8.331483138810754,6.055403510530331,9.793777495744163,2,7,9.528448600492165,4.384004282671626,1.7839787329429768,44.993817624394616,61.99129274956975,Medium
6.518998561664213,7.099493224443457,9.270014331462837,4,9,3.5430551947900906,3.8738739345425386,2.131321427060901,57.713439489617045,40.5653909493789,Medium
9.692817033868483,6.487991961086791,6.882071669701526,5,10,8.338550189381934,4.2768163465326925,2.030150763588035,56.60624851795231,46.37908696849838,Medium
7.345106138787103,8.447853747893213,4.322838681036996,6,8,3.4825432234831,3.8430518668885068,4.380393772802765,65.12035510520181,38.003520367915044,Medium
7.746614633637091,4.106949427282272,3.3800249765364647,1,12,1.6568528751458729,2.921451460682574,2.4307981664212184,53.57614901671766,20.54596998861106,Medium
7.998886378081692,5.76414478392652,5.22523650997057,3,11,8.310722921586576,3.7462999201153537,8.747578893368859,31.20888735814801,54.53194030230587,Low
7.632379915921684,11.078394400349815,7.506426892832314,6,11,5.050687491246152,4.7283596508393675,9.094115084343986,60.12210516707861,54.14598050634572,Medium
8.258410750704417,6.143560065303964,9.653294158623876,6,9,4.516740471793143,2.6701647353216975,8.710921581631217,48.9430738363727,30.676573340329682,Medium
6.074120220179616,10.48685655620585,6.834894068821599,3,5,4.868946761318716,4.806981169091843,6.47969444591794,58.61300036963259,63.28811513728114,Medium
6.162547369080954,8.710676391180273,8.337445588462472,4,11,6.50418656039089,1.1975999463702256,6.367198586290373,32.67243631973621,62.55565290289423,Low
5.349768650542458,4.381464570823484,5.509385027624395,2,11,3.3642410972417016,1.0566907277519646,9.01831677828245,22.148936728837292,38.38541339355095,Low
7.659251845930339,9.270658390432413,7.2455382504551,3,14,3.13547079119068,2.9752114109034347,4.656773445974249,57.78657611803886,43.500105303399195,Medium
8.16840475526817,7.764665395614293,7.646713658954345,3,11,5.350952974404524,4.394051808631237,1.56109887271796,60.77771934801238,46.6429291006897,Medium
7.686659299227829,7.089065887500519,2.0408114482949435,3,14,1.3207003250203313,1.9913414373214784,5.233538414036511,54.943243749546156,26.448570054906316,Medium
9.511738650021305,8.489914186344008,5.173122395246979,5,13,6.785644535840872,3.773695423391322,5.983394163679455,55.68166173216548,46.90403505410454,Medium
6.99160597175643,8.949266971133584,7.89940076855574,3,8,8.405596704224667,3.187619883493232,5.945069304821612,39.51000300945271,71.04439049304406,Low
8.003112483388769,9.41518364394924,6.54893667127313,1,8,7.546751124891011,2.1631804359274462,2.4310367155997477,49.14380818654776,67.88195035114131,Medium
5.362448685791028,10.356505695096004,3.606969903698134,5,13,5.223722391503522,2.1431735748887073,8.050716759957282,36.66571512977765,63.92467509814098,Low
6.419350446288399,8.816271825556713,1.1397552485452875,4,12,6.088512837834468,1.2931048031090877,7.587702183441241,33.14116752565306,59.8019477212959,Low
8.043306636348666,5.248731822427276,5.268438509395987,3,5,1.2356270371347498,3.1448560922964397,3.0686764035772445,68.4219602514304,17.726929652862975,Medium
8.273653166114716,7.052709084697618,5.856828614212242,3,8,9.211183937743673,2.8005636533281772,5.9610635175446385,37.122635986402294,62.51298329256745,Low
6.559049578503727,13.886096670537242,4.232154100343309,5,12,6.022562996590891,2.157692073192034,8.112953878181665,49.912677534598785,75.69658928723517,Medium
6.892601122212899,9.448982120763455,6.286169874055989,7,12,3.847681983971995,4.881729433480108,1.0691616067675955,69.25472006952886,43.58241212032345,Medium
4.723189379978786,12.738574601622993,7.012773494465789,4,15,3.642240972123018,4.273898996192036,3.4763932611149695,55.62231082996537,69.51581089297517,Medium
6.464456198790086,10.79086816439837,7.3413743414524655,4,13,6.936922770038096,3.0998033692098694,5.2483408097803705,43.48601747423678,71.03841874275929,Medium
8.33557474527968,8.483604143111497,1.2881621501353555,5,18,6.258960195418664,3.086816992893794,8.605284402016512,40.303296767668584,49.346375399620875,Medium
7.86280752415985,8.602814139562234,3.3714298043837596,4,14,2.6905831950055603,1.7744467395434587,8.190705428835113,50.63439355631141,36.145102774073145,Medium
7.750998582071815,7.926839920246309,5.390754703290529,1,13,4.689272052376915,3.596508948548903,2.358932715530733,53.669307847207534,49.46533479394194,Medium
7.07466053077144,4.524390768307001,7.144346262074927,1,9,7.0856322869485,4.814541972945335,5.164677043709767,36.4687181583324,51.606349603587944,Low
7.010594737942265,8.036094504936449,6.978468027100071,6,8,3.678892603984447,4.593158043043083,3.7417303825635417,64.9355037292932,38.88789495982888,Medium
6.0095182907898295,10.421349105084394,6.943739895753351,4,6,5.583489153153161,1.3390841090204022,4.612902936120273,47.788343544180826,64.99053966389229,Medium
8.048242630303802,6.800720010357592,5.233164116062136,3,14,3.2939134402439016,1.2123887625832364,5.865623306176065,45.638368239179705,33.51742765448971,Medium
7.631459416584085,8.82390599812362,5.3447331253800785,2,11,1.6451335750629554,4.844980184112633,5.494065077387165,68.32764162192971,36.502326263356885,Medium
7.738028271989199,9.703182091786395,4.543341463156518,7,14,4.494211927066402,1.7996233813744285,2.2741717548998226,58.570214209196735,44.06050610366405,Medium
6.210947735998629,6.180639121375049,7.536388256211696,2,12,7.588695427552061,3.2016563494850923,2.095193104376203,32.2036297203051,62.03860603195378,Low
3.7699856201931334,7.0973942713126705,4.159022424520844,3,16,2.924653888001211,1.2988392237717319,2.172420161587876,29.737365767390422,51.16651024004769,Low
8.645729067630544,5.964177019045682,7.7000727903791395,3,7,7.7905307204849,4.373190229729145,8.571594546473978,43.16641256923398,49.938233018419034,Medium
6.281743815987394,6.3556687866211865,6.415706476275292,3,9,7.025431025496918,1.471458046346393,1.1794181940148718,35.21462100652641,57.774730360340875,Low
5.705836353935319,5.424789432693878,5.909911043089693,5,17,5.5663333309417435,3.575028592397241,2.8216417023222435,32.912448214622195,45.98156828018669,Low
8.04021836787099,6.199103077243946,4.686579200447067,3,10,9.74310107328159,1.226511920717396,9.60302600305915,19.392211800517295,62.98389791969201,Low
6.411981040121305,10.838911361595677,3.2889162776717473,4,8,8.950730910099546,1.6266875057754304,1.5941919990963531,42.332414834988555,81.32227889444106,Medium
8.589904576069934,6.169045941819415,4.704694487243909,4,14,6.068585978425897,3.0485643105733007,1.3268930303095856,50.47712783714633,40.64219793704232,Medium
7.9255089243650465,8.25291843812138,5.3399862627502275,7,10,6.0200188734757205,1.1827410337562538,4.4859639226826244,49.170558209033715,45.405334267129035,Medium
8.025353984800716,6.9942624926580885,1.261951376837497,4,18,3.4999417104945785,1.7824510948875942,2.3608050653811556,49.333803207249574,33.498843386596796,Medium
4.951066433199198,10.357731874073878,5.605289689330672,0,12,9.281785757846787,1.544689212836666,6.091871950520703,17.13009933329324,94.80900269156534,Low
8.8179159780796,10.622324593207233,7.8487147360520115,5,9,9.063356905634839,1.1623001231540018,4.047228783259239,48.486450253589055,68.90755314307965,Medium
7.391875796850784,9.728139964277894,7.134435810867745,5,11,7.678512302512788,4.8839870808656505,2.880724713541839,55.02355931045473,64.94418564260081,Medium
6.4460842911306955,8.612269106205511,5.007588248516985,3,9,2.1509385848352744,2.800665134050802,9.987415448245924,49.82939820960993,41.45485833230377,Medium
7.215082701013377,7.537880926318203,6.0938725968304555,5,12,7.332813586415822,4.435743298341912,4.06993710216404,45.54080903672716,55.94623849227746,Medium
4.33564715065252,5.616250591617501,4.887670861156001,5,14,3.2780255862124204,2.4328910370150347,6.769058037756241,28.097849286210668,41.340552955110844,Low
7.612979217221007,11.887057762244394,6.297521466671392,5,14,2.6992881509029107,1.170367877939019,8.867017358250367,55.8512104105351,47.50718194843607,Medium
5.455942737726893,6.480653964494893,9.080215647488064,4,9,7.83290521487759,3.782615084522204,9.3014843787854,24.0821758047887,63.902528516651834,Low
4.970994571234698,9.327292694065683,7.936997605249752,2,7,9.637596444221751,1.155016764911748,4.691145729510334,21.433189713443156,88.99688704040368,Low
4.716461220673163,10.119131145246794,7.041588611385506,1,5,1.980151524946859,3.2111288872039094,9.78540632169447,49.06409075092846,57.26901346763598,Medium
8.669032562484889,6.889439006189341,5.014230175232563,1,8,2.4757845073212463,1.5564480688861582,7.521087865586719,54.56917569422318,30.844192057120402,Medium
6.056104909460817,10.076025054631923,7.499876785889677,5,8,2.9731103957338005,3.683267893012531,6.249481761847337,60.138351736145836,48.87040690751932,Medium
9.300591564874749,9.52842640667771,2.626246097253894,2,7,9.666199678775218,4.570815610055332,7.239513994404457,50.53646835588344,71.2878271553223,Medium
6.196297805421553,11.455927670763531,5.495293036018219,1,13,7.267584640722985,4.823055222733805,4.241239958305635,46.393679726859474,81.78029163747502,Medium
4.43896306361058,7.061307067146577,7.1674228396479,3,6,7.104591633895622,3.1111054054019496,4.8196484533570345,29.830211554947955,68.67228927827516,Low
5.325213340077012,5.428271965440571,7.480842428095503,3,9,5.54524120117075,3.13081488596821,6.276421483861246,30.52556870304535,51.205380140242994,Low
8.853717430010407,6.9890204891109775,7.339768980431482,4,6,5.838362046378109,1.1531161873042075,3.941507164843684,53.10022404371598,41.397485788490584,Medium
6.766152733094999,8.417707085068663,6.589661378419389,6,14,3.6115592764539666,4.07950457151561,7.919305673998671,50.7905775290063,41.01145901443057,Medium
6.177569055264098,8.116425454170113,5.608550041832234,8,6,2.3909323220341037,4.824833662114918,3.259781205651266,71.0284322461823,32.7599712756963,High
7.240027338779181,7.213124207450899,7.0759519396529775,3,8,8.022478874125643,2.752936495282301,8.171249588279327,32.96824605399337,61.70837824729415,Low
7.752674104251318,4.181605082045515,4.094277918827399,5,6,5.236234847921972,4.17476838764389,2.36941604005945,55.15124572277319,30.99821542439798,Medium
8.67609822385369,8.940965992258214,4.3106454734135005,4,7,3.304078215938149,4.189825961011783,2.9565178099451592,76.04448161286994,36.90803972862139,High
9.17274884483939,11.9446889581644,6.123469352920593,6,15,6.695029723172656,4.142803427116042,7.777845284781366,60.45950170489183,58.78917460875043,Medium
6.460347031316371,8.928502476246008,6.346395285417495,7,6,2.885133070551126,4.034723865595162,3.3682740493435777,69.16965149509203,38.799633812547206,Medium
5.010928470876943,9.218271038107027,2.348769642870707,9,13,5.3989869079328265,1.8603869466943825,8.158548267171701,34.38990772965333,54.744520268398425,Low
6.379802258315086,9.144890612310203,6.910292761899037,2,9,2.711980870109664,4.005699480652424,8.05482996990498,54.48018762021211,48.29277766434127,Medium
7.3904207598743294,8.7940933397648,7.545456755838787,4,7,7.8370424931455505,1.5775815245706348,3.3157111530033956,44.32383394309296,64.1309418482619,Medium
5.554361610684084,9.86333193373619,5.845429525067409,5,18,3.887217090025411,3.850012145698244,1.6577291451515834,51.091254487158054,54.72745304475054,Medium
5.564273627657435,8.79074736237133,10.748932566567984,1,10,4.975290654616605,1.0141551512865399,2.497245231571102,38.615154427645145,63.43717860467648,Low
7.5156818223248285,7.374645660693448,4.634129787369628,4,8,7.793931115977688,4.675300152671653,7.772740556208545,43.134366108972294,58.1576572761121,Medium
6.9270214726443236,6.408022179982492,5.2778256732262605,6,10,6.936367251997339,4.309555247174368,8.622947849451112,38.299142936942395,49.23942601828231,Low
7.04919549311738,7.502052689438649,5.209866187745582,2,9,4.597328954563877,3.731853842916099,4.447499608727256,51.64974980532746,48.62400240531708,Medium
5.8622569979498955,8.628258992901332,5.847624777417965,3,10,1.6392520021592036,1.3778711162790187,2.4779694811623214,54.84510993141684,41.50959442803465,Medium
6.654398928691349,7.367834077754053,5.342550374067418,3,7,9.29446293997703,4.299954206237266,1.6792277445168522,41.538879744208614,71.03382931275448,Medium
5.6136502835975435,8.628677366262862,3.1863789107902565,5,9,1.0713265858614869,4.500695257576258,2.9423442267289897,67.53651150595155,36.111506542417054,Medium
8.33529761668718,8.878300267400835,4.906903407527049,4,15,7.611347282194714,3.7519512140939377,9.81716374851212,38.698261379878005,59.27641866208664,Low
8.552874002085629,9.666358862540363,5.804758608451848,2,13,9.508635926666933,4.903546536427092,2.53245714967412,49.73569094845484,74.2327019771258,Medium
4.230718206642859,10.565589937677961,8.457144164123996,6,6,3.7600394850131407,1.371517473829155,1.7755030478751308,52.083051218790644,60.53097192533724,Medium
5.6057337097113855,8.156014836957715,10.404486546745826,7,11,1.678981195624794,3.8345983277075018,8.06926170640591,54.21242794629892,33.707495983810034,Medium
4.755206117364882,5.384446869704679,8.67094779570131,4,7,3.2459051846945757,3.0991841386036865,6.538703458749071,38.2928629276719,40.36854014314138,Low
6.024964098389653,7.30979180636162,4.449241940654787,4,4,3.8207645837975086,1.5824245152430727,5.81339215695076,47.17221344873044,44.823254366395,Medium
6.874843045314459,8.088125134813199,4.608380778747669,1,5,5.0618825406089,3.6336564531073066,5.030672967610308,52.46547320155408,55.64917805330728,Medium
4.825532170452204,4.32846248764582,5.681342844981298,3,15,5.727151824252859,4.198112900507043,7.316571587626776,20.056821186778627,50.19588687167251,Low
5.6172102803120305,10.777329040204965,9.569117777707172,2,15,7.5279722444644355,1.6589929645647468,7.285194942521613,25.37900562948014,81.20686156726616,Low
5.494063941877752,8.284755825020932,5.6691518956362135,5,8,9.108236750765947,4.1739628421767065,4.819833164614867,34.43928802237839,74.79630610887003,Low
7.310900994098416,8.76270566916057,3.3449850189251387,7,10,5.1831422388326684,1.3718824906788218,3.1080506052825245,53.0183417772939,45.81382041617809,Medium
7.104016505554376,10.73105292505253,4.99764572609393,6,12,7.716955919434647,3.3656004441626153,8.571371104243735,42.59785393284582,68.21962864150757,Medium
5.91739366999412,6.739714339715306,7.514112003638834,4,9,2.144790372236777,4.193880437751529,2.481600723407066,59.165821591159784,34.963103755388516,Medium
7.265231308209097,9.148083861768061,7.379880553792174,3,11,3.959048785547121,1.5838273365719662,5.806056821732701,49.551822007109315,48.78206581509704,Medium
6.179979873119102,7.780271753796129,5.5995666670166875,3,4,2.0627130261043596,3.286076378858151,7.234067039933103,57.4789205517924,39.10253350587812,Medium
6.59251733451092,7.6318262659681615,7.366829347120062,5,10,7.225670680930713,2.6995128557303003,6.7498926849691285,35.594693962132354,58.43928892913494,Low
9.510178135447806,6.4556152243912415,1.4536555949063361,7,8,9.168808281998604,3.4291015487184566,6.569148974831598,47.15061934733812,47.43794023438869,Medium
9.010691577685522,11.331206427373054,6.207658470065395,3,9,9.001523211371524,2.696886801639859,6.962555756314588,49.69580482678716,74.06553340604354,Medium
5.050628144608604,7.248999919848858,7.72137084273726,6,9,3.938035145156485,2.0036474756884184,8.880894248279956,35.14102283676054,45.67815354835073,Low
8.244598626818762,9.398928493791404,4.334273449690929,4,8,3.1079749643739167,2.015243596105499,4.2885331388775825,65.97938787303816,39.48387101389509,Medium
8.217094831737388,4.249985225056127,4.327322927007424,5,10,3.46645260410963,4.458800748122891,6.64692855990376,54.25503557901881,20.571517773024166,Medium
5.277605066871073,10.359977059379574,2.2671036944730494,4,13,3.586011593147756,1.6258172718124895,7.272700127039943,40.683784741891124,58.10562444779731,Medium
8.228166465632292,10.104422311914117,9.179791189621389,3,11,1.7402118116118768,1.492457004853312,6.312938981861652,63.79607232902937,37.27933281996191,Medium
9.30689787761883,8.194868220594605,4.559692045956867,8,9,2.2000972551330147,1.3883165748218484,9.127023779323922,65.30524792460983,18.676090069940273,Medium
5.316182790633379,7.546115067724151,6.482086555724224,5,10,2.930352828521478,1.296619065389149,6.893008856361455,39.69749308902768,42.5268522859645,Low
5.623745768478605,8.800000011227134,7.207834082966749,8,19,1.073521024768635,1.0579687564472722,4.819861700349422,47.4294719673981,31.18907126065304,Medium
8.526492200265254,12.57758132176058,9.024135898282907,3,3,1.4250699721799547,1.641623343859155,8.610283910297856,77.87882652662303,43.55386665239801,High
7.4072429662384724,4.473526602193029,5.692204452028729,6,3,7.286952491250696,1.7709097396134021,5.406111978814107,38.85834172577607,41.77844105017322,Low
7.827214412859285,9.564054775148255,4.921140412443163,5,12,6.573913771653389,2.0788962410450944,5.771469465139373,46.72577019750327,57.05087766620337,Medium
7.510883824600745,6.176765395692195,6.346135297141107,4,6,9.50880023037568,1.4961579205503166,6.240515536200264,28.560195119350162,62.184615704572245,Low
7.586043881392216,7.960163207400537,8.568160553084574,5,6,4.615814119762515,1.3766234156811596,3.9050621842411317,55.239972070635865,42.57527910687474,Medium
5.010291807533376,7.504239761842674,5.659654937198432,3,8,4.998985101848625,3.165906902800623,7.5028584933557125,35.42405246793073,57.5171270756761,Low
8.570976559932173,7.143363484404489,4.090261836831847,1,4,1.6096160963774087,3.874745770859623,1.8831356840194613,77.65505541386082,27.949429439280998,High
8.754384988641661,7.979069741894541,2.9184843833692753,5,11,2.370255772330886,3.5207487094662864,8.819642814323469,63.22104632613639,26.609511356052913,Medium
6.655913883897958,5.731657709444419,3.5574052307895494,3,8,7.224466496054125,3.22682547584479,7.790839770296697,31.0887998838753,54.84833924877714,Low
6.934784575279206,10.058360872255934,7.728782994813329,6,14,3.1153576018552975,2.762255088579987,4.182686217513673,59.308990864613776,43.89056711871054,Medium
4.703338746166416,4.411712977602799,5.358751047386377,5,12,7.959496219321398,3.5359209924231716,3.037537945244834,21.29955406510328,58.30077354868517,Low
7.771382134026752,9.079529025656685,4.784958180158579,1,11,7.351120698664479,4.607467082911987,4.491081509782307,49.071969655236266,66.68166403188194,Medium
7.858086162571216,7.346928294930858,4.568065553632115,6,13,7.725361672312721,3.509673685922751,8.24547319733722,37.69376105797769,52.56878305221638,Low
6.906713474501034,5.658150212385093,6.170091720400364,1,9,7.215243636773674,1.243444327978835,1.2841371382815807,33.043377759236414,57.135963756142324,Low
8.686530039805755,8.40476674119739,5.521089812468833,9,13,7.368964745783059,3.281675553252893,5.2113183120302695,52.92369715599911,45.63566173432538,Medium
6.498884153530089,4.886097826587044,5.453735712561495,6,12,5.921195704261838,3.0968578322864957,3.2869919158379797,38.272002132608065,40.495191851383744,Low
7.8469088888404,8.079427643439269,8.698647855621479,4,10,7.104133463492925,2.80809299006272,8.874562599280118,39.636958285665806,55.944432721884006,Low
5.470503491961827,5.154246184376891,9.076032563723267,2,13,5.7356140892801495,3.2751812400126163,4.72457416505644,27.598383693630264,52.34735831396211,Low
6.964671773688643,8.922544168635662,2.779956654182007,3,9,2.8547971445063274,3.690470651221736,7.281084950925511,57.63171831210828,43.82395821249994,Medium
6.738468613145746,6.151285332739249,6.655185462285916,4,2,2.958468102255609,1.14904037239114,4.221032412998389,54.09930465555601,33.26486926655719,Medium
7.337961883061412,7.098011965941382,4.446275802757215,6,6,4.6477242311073095,2.9208035759700053,3.967297013539739,57.31647476346896,38.783981893408125,Medium
6.445709606749962,8.587898775886325,5.503497772277813,2,14,1.1252567810502545,4.2689121324127495,3.932855867522462,61.085855376360044,38.17388767862148,Medium
6.802791106492498,6.454915776315528,6.618556770253389,2,20,9.003671623825262,3.123108812331001,7.103571500493633,14.7719281695485,67.45013896414788,Low
8.23907075716226,7.884072000663395,5.574560166138161,3,12,3.4143958601111413,1.2714311580708673,9.678168042152379,45.33087823179964,37.27629077898616,Medium
6.344853644142674,4.972338997510293,6.4609197612552665,4,6,1.4638425627691571,4.100279964384383,2.8733027850804684,61.448889253168716,23.28197511770612,Medium
4.590134348891981,9.261751207192312,7.345940412063835,1,8,4.819830475583345,4.765326229584188,6.795111111999881,42.35342314242055,68.59032813876101,Medium
9.62437585630813,11.529827611101542,6.58915360108064,3,11,8.340381160720458,4.40737583199731,3.3889098930506254,64.3835103322302,68.91736283444881,Medium
9.07218111803573,13.584417735819923,4.706327391664753,3,6,4.576174702018685,2.4502751982563375,5.9441504710721285,75.46866675108302,60.3787374835322,High
5.0616059573415715,8.18233629333288,4.741600786059353,2,14,3.3641475732238293,3.1392953547418,5.874389656004403,38.527604810509494,53.61035145262607,Low
8.034561707867791,9.576408281594373,3.120589406763929,7,8,5.904121444395486,3.3652486254549214,5.05041417425862,61.394696720828094,49.239161348788116,Medium
6.245537844172985,4.438748654185021,4.292159404958563,2,11,6.169424273810113,3.8631943453146955,5.487797327519386,30.85594261544288,48.51515420363967,Low
7.39523082299659,11.005468652611176,9.924136723797057,8,12,7.832707199490857,3.664275166827364,8.92208033331794,46.795330766528835,64.86692880353391,Medium
7.4413361935202404,9.552457009448212,4.415992851809511,5,5,8.197782016206652,1.7962858662730765,1.7974407267489974,51.295624684769436,66.63331790603584,Medium
6.648388299525517,7.032133110097534,3.6132423751123603,7,8,7.355869731444305,4.372153559056883,8.472548269199406,40.4579532528688,52.95102451111789,Medium
5.824351501620406,10.474361600578018,6.639855723689546,1,7,1.040847601499126,4.396729572911516,5.160819981574344,67.6742651393149,49.21033314559563,Medium
5.964188421525611,7.491047846709317,5.7792704814162805,2,8,1.0187059312655993,2.6174062943138527,4.002346321299536,57.16574430588107,35.68183230790614,Medium
5.6257121267781365,7.083949633970887,5.6088135263015495,4,12,9.797049876188662,1.523658796837171,2.594313769951572,19.755316944087575,75.03192182574875,Low
5.752266687654333,8.950669850854982,8.81809193282418,4,12,3.3778459406878616,3.4342669850346295,8.33325812730971,45.19420161246056,49.859546582032095,Medium
6.899232564925967,5.873291000339362,7.09825335111673,8,9,3.5411535635039297,2.4290397117480422,6.32838008382508,49.753992242283765,27.050267742352567,Medium
5.926360016333872,10.043249528799896,4.940014136593049,1,6,7.590169943215515,3.965562514857814,7.55538148816106,39.69507470759754,79.32322445238042,Low
8.02307809856893,5.888020376146313,5.15104816481644,2,7,6.234271368326609,2.2626284204363287,3.8346693090846626,45.12563459998657,46.53495296135462,Medium
9.23086923300389,5.8998904203536275,4.99482697218863,3,8,5.17207991717772,2.051997103315649,4.53663336062599,53.40568730909618,34.3405560288221,Medium
6.129920137944936,6.180620423183331,7.749479243160514,5,9,2.047957284269992,4.470841486304311,9.222793559426801,50.7062652620384,29.67771268457345,Medium
7.359106750803066,9.519000075032244,5.383704741093725,5,6,1.7333889965572284,3.4632821422306326,9.650640568936437,65.96377609741396,35.14252292622371,Medium
7.7495276654544005,6.766449276960585,2.413692995091699,2,13,7.332608664155278,1.3439665733956607,7.6585796106964645,27.231976092328086,56.33183975002035,Low
7.708003406378912,5.304008431265663,5.903360642531311,3,13,2.1214403608031143,3.7574513889950523,7.744834137610269,50.214114532788464,23.71670437109074,Medium
7.113932901874131,6.788640000128404,2.925947997744142,7,11,4.922292295027283,4.010934205605221,7.249602493629437,48.62129976851776,38.114493683226065,Medium
8.114023627539584,7.935915258639026,10.368461203509803,4,15,7.625134658664133,1.9408144537332275,6.284889425265164,34.97230950372505,56.825932239192745,Low
7.7233734290209854,5.638055032671229,4.068664172305538,8,10,9.308790482080246,4.870625390512096,6.355704969454042,39.155039058678106,50.94774588431783,Low
5.143506366509053,5.696637781931313,5.676270469284539,4,7,8.862274546261665,2.4914329862296727,9.674226013275709,14.313808864511163,67.40974742034818,Low
8.30373409658391,12.22259266819917,6.516405469402274,3,15,8.77630295637214,4.7622953989496,7.758203740944576,48.14710390937409,79.27630402449792,Medium
8.330936255900113,6.278869192372226,5.42268367864154,5,6,4.226480353728162,2.1744676936789067,6.898071664867897,54.00116597806463,31.278965095165894,Medium
5.855070843732127,7.353915262453986,5.419939197067615,7,8,9.34453724362624,3.436783924729626,2.701626425913341,36.09158094610285,67.29984006671746,Low
7.056906753171403,7.265525998401428,6.843654572321754,5,6,7.152960902431653,3.0702794625458503,9.793665772845012,37.85067387233239,54.740517230947404,Low
8.024993489216603,7.157286384459116,9.052431917592557,3,10,8.978389167512871,4.968634175748633,5.682640327516305,41.98222503472934,62.82318088445702,Medium
6.686029270630957,9.242693479938204,7.535018163634595,5,7,1.8003211051888646,2.633422437362378,9.493419067715626,58.25330638547659,37.3440203027758,Medium
8.609467071649018,9.896285900944099,8.957027757147085,3,11,1.3560234324885125,1.7171626539148277,7.422017838143579,65.57577868288834,32.99097128346046,Medium
10.0,7.388091136936816,3.906761783812996,6,12,4.866817467167843,4.33283545240065,1.3607275536511276,73.07079049957179,29.49685733038282,High
5.821020951047526,5.527043426815302,6.634725266510722,1,11,8.452135966063949,1.16817664745516,5.850959497794667,13.459587036311405,67.38442926330646,Low
4.928433095269337,10.548880455697807,6.310492104116559,6,14,4.676794592697941,4.539824115368014,9.03413906744777,42.736581628355694,61.97226583361864,Medium
7.455727893407314,7.809317817606635,6.702182583353469,4,9,8.961824209292164,1.442357973673806,1.4660261695758705,38.494826161337556,65.74561875725024,Low
8.082343757689216,11.460643629714337,8.752463941271145,1,7,3.112960639465957,3.2880497518801035,8.800547952938466,65.34159115800041,53.312977868654656,Medium
6.653700439232846,3.5088282048696744,5.558421700415892,1,14,1.354097215065254,3.853661270886585,6.520521629989014,42.09022494356633,21.551674476973535,Medium
9.179890994981552,8.39080644256664,5.188993266891824,3,11,7.851576587803517,2.345293362377946,1.4007453581848361,52.565445491348015,56.874886213330896,Medium
4.992091300415127,11.837212667752416,7.067961594837328,4,11,6.635515498213176,4.378965759629143,4.362384976018041,47.03801336422824,79.73199181145196,Medium
8.039377934547417,7.2934717291236835,2.443594544868305,4,10,4.960815018555855,3.3748198775826603,1.2715353481960694,59.67290372665091,41.708287131033444,Medium
6.09120876886166,7.549013153330728,5.526295901755644,5,8,8.607319213991193,2.5806235614887614,1.0154466798070687,38.34977373393929,67.0666828726487,Low
9.579066859310945,8.591023383180678,5.731604621429094,3,7,8.41758135591974,2.3014541204916217,9.067826165600588,45.291827380524225,58.675205730973204,Medium
9.988773029752178,6.882408362230086,4.159282767386149,8,8,3.920807978112143,1.4480329454226233,7.737204707893321,62.6168789868465,19.361719925631625,Medium
5.850015118324978,7.3758561358945345,8.114118022713154,5,7,8.541765098068076,3.5614542438434693,3.605248064345248,36.9683464044859,67.14334268075164,Low
6.17566429613713,7.324369811617194,3.8755193653134317,8,13,4.1064257126838015,2.4561717853325074,2.0233947751609866,50.33684101239204,38.27110430072208,Medium
8.289381830469702,6.745158531147253,5.728253903272408,4,8,6.597125364281636,2.282242194155986,1.4898932380617986,52.055484536011676,46.64630168009555,Medium
6.4193040253157285,10.457713100401119,6.586314450645936,3,11,2.732478411882747,4.799791929543215,9.255000976454395,57.53594145622481,51.21513873653433,Medium
6.931883173101642,8.92215606459287,8.706903122952237,3,14,3.3777296541862976,2.091190356096817,6.630011669734338,46.57686903295073,46.52933745808146,Medium
7.038082630813615,8.501256464206604,5.978887130238293,4,9,5.030903047340731,4.506260442787498,2.4450299889841,60.08351717197383,50.79633124980104,Medium
4.120490265703515,9.617142013780233,7.872307188256421,3,12,3.8313643961072916,4.899584088410396,7.133157671031516,42.24671313845514,63.384085790201596,Medium
6.9792433808586445,7.471288333593066,7.401190794554255,5,10,2.1622819885372064,4.290959795307496,9.990016445192921,55.18554873712635,31.342006484039636,Medium
5.965408338903739,6.451592363294199,6.246915112338285,2,15,5.340905666234174,1.0780682530498673,8.092246783516824,20.910657878731463,53.06014542313403,Low
6.260315766400342,6.794751390770886,3.820973183453089,4,13,5.6022166959141515,4.474495960156549,5.0187907628947634,41.57364975564442,50.65884149425073,Medium
9.16544800520322,8.003566082209218,3.1308382781913022,6,13,2.4283533976687393,1.8536613488724205,8.327590035529855,59.79722959454079,23.379678647300686,Medium
5.115239658581116,5.881576583254196,6.213010802838373,2,13,2.568819748383833,2.413110503403279,7.698760137193715,31.766583150730447,41.010043522652595,Low
8.219807780121966,6.999477966826649,4.914606252194773,4,10,1.2641236872764219,4.966332771447277,1.7978787801457736,77.14026401062634,21.71198528128266,High
6.581555604502287,6.967766716257131,7.838522183362583,5,10,1.2731555970689543,2.6199114377824375,9.331269627746625,50.9335114415739,26.833507051453086,Medium
6.5803597472562485,12.249112459658027,7.491713036197155,7,13,4.2276808658159375,3.61933956269928,8.956929231457597,56.46925306518459,57.092872638851965,Medium
8.185557844077566,2.4523701201321666,5.6307780111259005,2,10,2.319871047571665,2.242876748524858,6.315035707059692,44.250631312919026,13.985362344407562,Medium
7.5100769418533355,7.640760557188734,3.6845741521174613,4,11,9.271824808293138,2.4777146746733214,5.573342851377162,32.06662174619941,66.41310336588681,Low
7.855919495829296,11.451387585629542,7.021471099214547,3,8,2.7947275545052133,3.39050131382509,3.0496723845771143,75.45188172221047,49.00928114056612,High
8.452276990799291,8.243688928264907,3.9641011077296993,3,6,1.5936542888912804,4.793142983006332,8.510121006489769,72.57334408151847,28.749977755057927,High
6.503037425225016,9.506834946842186,4.48307215413827,7,11,4.637528932535702,2.1298222591910245,4.886977686222993,51.317742271853795,49.34373541301658,Medium
6.081644898238375,8.199652630199536,4.0411685235696915,8,10,2.732193466905463,1.9894640281725748,6.21376022090041,52.21970382542829,35.15269515924768,Medium
5.372274210163303,6.665333237567039,5.722997956120093,2,9,1.5559240471693174,1.1050982412551251,2.5307873647497603,46.706441630472625,37.82057973615597,Medium
5.761884205031567,3.516168130982174,8.340384668141123,10,12,7.774547225604205,1.8084352132479062,2.9244048237139246,25.069292284888345,40.351805631614255,Low
10.0,8.410911374072606,5.989918259552943,4,18,6.013886470869931,2.0496502194784427,9.866811918018572,43.36366645955573,42.56998874263822,Medium
8.86701937110518,6.448786790795218,5.113562615144609,6,11,1.5130971829465416,1.2515030279134116,5.4459997290768,62.18903410761253,14.447894473337097,Medium
4.973388450687968,6.399329187669393,2.9487701399095116,3,7,5.212170533065987,3.2544351148102844,8.341685905630804,31.65720692943575,54.655334479980155,Low
5.016313064884645,7.0020254880417765,7.104249169459686,2,9,1.3494961671905767,1.507057442300273,8.4675700228189,38.61708904780441,39.57511072292341,Low
7.722799092577738,11.489722813246987,4.439190788142745,3,10,4.188827832526303,3.0443055959679457,9.833592975327743,56.376871198271715,56.56277175008362,Medium
7.820897196066951,12.809675084507946,6.235035238316193,6,12,4.269580525986475,1.7559252763114066,9.84613613935883,57.014403143550695,55.87520916476063,Medium
7.8233257529760465,8.434415875056802,5.2915627681667186,3,11,8.406847008375948,4.742902006453971,5.112598763722675,45.41910326016734,65.58466064925116,Medium
6.617566309669453,7.070465552176545,7.676354439198875,6,12,7.617564981523383,2.2283902468051977,9.552883397663605,26.122753485841105,56.34869384618434,Low
6.811818609995649,5.645547165097579,5.685527215942896,4,15,9.072493749773503,1.3717138992649818,4.289089775347674,18.602935290584874,61.09016949820793,Low
7.4918192862390365,8.937080323092138,5.882147290953897,1,10,2.2646577663110836,4.344617301565603,6.468752141799969,62.658648759607296,42.398519448251,Medium
7.128839509439995,11.565811200130288,6.9714942949109195,6,6,5.803879208160447,2.608145508761331,8.395411869689337,55.78054368561916,61.797709695788285,Medium
3.671049440878697,7.505319225949687,10.213880364526371,4,11,1.1817142090589887,4.280483661955281,9.224078836107921,40.972562609051785,42.699854092892544,Medium
6.6553005541372094,3.2420079184935515,7.7768938607171085,1,11,8.429698022321007,2.249958332547269,5.714553018027167,15.490692633126917,55.282759436232645,Low
5.72289034860953,9.340099343631048,5.822787787302781,2,7,4.299222603470071,3.0001511030951526,4.760735123031269,49.95520187064132,59.62030553453964,Medium
7.262817128362768,9.970799422900098,6.006395981230577,6,10,1.6237598192093652,2.7814292085604966,7.556662482758507,65.0716955817906,34.84061410346237,Medium
10.0,4.828308719228305,4.9502810793511305,4,7,3.9219151092963385,3.2316254025238127,5.103348115283502,63.8623147482296,19.1198483838765,Medium
7.551222498211457,8.352968367325905,4.100008592960609,6,3,3.582211715935085,2.6066047414056426,7.046212864266539,62.80691529264075,37.25840654562344,Medium
6.529705470741403,8.902452032272198,4.894498425867356,3,10,7.894010806513684,2.987208602504968,8.237970171031314,32.68624755417818,70.34497644251935,Low
8.382702252965878,7.853785395982123,4.4557020725761145,3,16,2.1395027969727503,3.71731007036987,8.57014540949411,55.65785749736506,30.29223934057085,Medium
7.724031830813819,6.418458161829292,7.3067367675917705,4,9,6.001977897438595,2.6587311131787636,3.2888263751424356,47.835036246731875,44.95097755953205,Medium
7.630141735677762,10.031874447127112,3.857610284262028,2,17,8.145272682078328,3.737618985681892,6.143123089356835,37.632761127855545,72.84973574798329,Low
7.910275889823507,7.193240508062635,8.666421122760088,3,18,7.655842895881286,3.8572076768730543,1.225308370111601,41.46806280796082,56.958329982497325,Medium
10.0,5.029627674600135,7.504092767237659,1,11,9.42314606979762,3.9957070625758377,8.179805904412,35.16999953723589,52.37561598340742,Low
5.303667347011126,3.901051028660638,6.041003458735337,3,9,1.0056677535223553,2.883747344162402,2.1258565570675274,48.35755509086329,23.401692109887477,Medium
7.710448115217182,10.52169903999862,6.000637222930137,4,5,4.184213814323162,1.015160321753784,8.845160504511258,55.28282134101337,51.19047510593347,Medium
5.610428305027693,9.233327952942236,4.8854373807708935,1,10,4.326251942297761,4.014044290657932,4.66128644384418,48.18401036626646,61.682984718011056,Medium
7.833268969513372,8.175947094258339,6.540168822695528,3,5,1.29977569791412,4.636340471693146,2.5054145004075856,80.03511918752326,29.716395434342097,High
5.621970232770859,7.119450726298393,8.176184926417179,1,15,8.355399455730959,3.610471501818239,8.162334229597763,16.713944963026687,73.62483958935134,Low
6.373949779592373,6.942003171593746,4.593687075488372,4,8,7.200016060484201,3.0981880964509427,2.8025774833010244,41.10289413089171,58.553252203976236,Medium
6.5573651286431405,5.848526703116777,2.933215822162539,4,9,5.752741514183009,3.2383653031103363,4.549732063075567,41.15261274461549,46.63971106420003,Medium
8.463725079017063,7.137088710880231,7.406436509713488,8,9,4.645170431489668,3.563247034902605,6.101885765951024,60.85366148470753,30.40142064620156,Medium
8.37768166591362,3.759825569759651,6.648731948487601,5,8,9.058741234625582,4.994098579797486,4.240269446839408,41.19372405746481,45.51942949932271,Medium
5.131423935330423,6.527872693062972,3.759602397117641,5,13,3.3801870026211507,1.2482237513684988,2.6112586822704196,37.892173780046384,41.78008848240818,Low
7.082401166499773,7.378124967297812,4.533217258171764,3,10,4.010873415228886,1.0847315890152855,4.654844164354875,45.16632921550056,43.30749064760797,Medium
5.935630217876241,9.219760094380838,4.281791451899719,5,7,9.573683067622678,4.856671919419487,2.2981993352959957,44.40100961677233,78.62537468090835,Medium
5.112242633986998,7.920147073253273,4.550935461931502,5,7,1.5816252108512439,2.761898551356227,7.472399163357456,51.106246582697125,38.16082651131702,Medium
6.674474424363444,9.589846227751117,5.352634491917625,2,13,8.025510670918877,3.449414773278139,2.543544678869432,40.77096371182283,74.73856332180306,Medium
6.537275817316271,10.698270210226859,5.466905391438505,3,9,7.462537643656399,4.013763779277352,5.34144282733349,47.46706373519543,74.80428630532552,Medium
10.0,10.116340187648204,4.69841268986308,3,8,9.116995853361793,3.968384920666865,6.043404283253874,57.563956265208816,65.91343950692846,Medium
7.649439738041044,8.941019694757113,4.483672361000144,5,4,1.8150699428480337,3.588776772538888,9.505602454186054,68.32967780185284,32.16964269428521,Medium
4.933573748868644,8.023725358361569,5.542431312161237,3,6,9.733995701400067,2.8875661520555673,1.7043251869081129,29.501677484320453,82.99301984000799,Low
6.152838993743586,6.038423983172882,6.335383069719122,4,10,1.2595414091963382,3.3043130036444492,9.374097475167362,47.427564617969,27.02736169399155,Medium
8.532074943144098,9.479888102758633,5.367406927270311,4,7,4.039330975289847,3.9185840652639508,2.8740372159275274,73.35016756083223,43.11766540059103,High
10.0,11.359494764443058,8.317334046682603,4,7,1.7634386280176626,4.403258065742877,8.568426381757856,86.55161199646922,32.56458078759676,High
4.621025031643063,8.684212079300837,7.0161754288415725,5,11,1.4605857514947753,1.5092161882006647,1.814457287599076,51.72619657593188,42.48793355942585,Medium
4.1801134222914325,11.834518296852245,2.8183082862826083,3,13,9.682489658723037,2.1118344184812634,9.89832139554216,13.477822427650214,100.0,Low
9.806447763057673,4.9488565838778324,7.0474555308277065,3,12,7.477014260444837,2.590379036426658,8.268694775999505,37.51299037771099,39.67949989090168,Low
7.5844212660563555,5.691673230440918,7.211087965171165,5,7,5.551208611527608,3.661993050679672,1.5665598941316365,55.659668063979865,38.82362238673736,Medium
5.69756090218545,9.710403015496524,5.130530063751618,7,9,1.9737016908085692,2.58268565875186,2.926999390888139,63.6880470520981,40.4799444676612,Medium
7.801943629183653,8.528580420306502,3.009604825393689,7,9,5.734210753215053,1.9555401898019853,5.936904938059799,51.432999491902095,45.54792164933307,Medium
3.0463783914746836,10.627564353143615,6.016133518822272,4,9,3.880469962018817,1.132571919113091,5.712148100263337,33.88036480290665,70.11535172591896,Low
7.005063259895741,7.969056718546521,5.984582697035512,2,13,3.444285496382092,4.370031764893502,6.663422826604675,51.213490099753656,44.874202835821826,Medium
7.491731759264628,6.264049154943336,3.7567075269336105,5,11,6.562931924653855,2.6757350516844864,5.171560094425464,40.390515159994465,46.2925975280811,Medium
8.386405209306744,7.572813515589915,3.097561567480129,5,10,8.118326971641842,2.3169159956625713,7.607478752166159,38.93007536928508,54.900095360363885,Low
5.479156071561194,4.934632058152532,5.824892907093121,4,10,4.989329357727963,3.123304884507882,4.136370433717129,35.29734267317146,44.159716071642805,Low
7.128530742105038,5.742818653805931,5.533845615898356,4,14,5.439686982965074,1.4916791467716886,2.5874815310594457,37.463611058316154,42.262156293729056,Low
5.611863060910619,9.94488799583602,5.165469269355213,5,10,6.862858945381268,2.589433432388626,1.3040153651800823,45.80267084011359,69.3821618317268,Medium
7.383075633511476,9.745574828939219,5.833178530506877,4,8,2.1217423838954317,4.00714295199828,3.9228905151323836,72.65842445077908,39.61922936767915,High
5.656980516455464,8.726008569612153,3.7944472523593618,1,9,8.457460320172187,3.944469796596994,4.841909493495869,32.87948331545306,79.88785596758218,Low
6.387848741259669,4.557844958079061,5.130358774267772,4,11,8.532447899295963,4.087585453199161,6.931618433220854,23.95321233121107,56.257523618964655,Low
5.506276907814657,7.283192848974223,7.066650061228695,3,9,5.869419525667654,2.869668368408916,8.258107116016353,31.19197018064283,58.84526479697115,Low
7.976704362735486,5.550000222679898,5.300059839297423,6,12,2.688040757357941,2.47565489695019,3.16056521443513,57.37496315542935,20.72825231931008,Medium
8.287676674984997,10.35306650757553,2.656055056414896,4,10,5.506872163941393,4.325761994222148,5.438823168423861,63.33302386011127,54.5817414918735,Medium
6.64806914506388,6.8325557328747974,5.054615444552857,5,10,1.953453536441252,1.6931641515511453,3.103604850209292,55.20029414251354,29.38853063729544,Medium
7.0573569924400426,5.828504578436901,3.859683072986279,4,12,7.869605478072834,3.900551120581666,9.560488138568804,27.366565940989997,54.806685821130394,Low
4.827112878049684,8.059592330242848,6.534272592923461,2,15,3.800385027287116,4.551789173986114,6.82792081145747,37.30220252573368,56.30606131748112,Low
6.5504850279898195,6.719691086330776,6.637674806760851,3,11,3.799851877881588,2.1446091131764544,7.101121606444028,39.99797984557819,42.132656933898936,Low
6.924693074437383,10.967487820407413,2.682450749827938,3,9,9.50543930711444,1.791181688867462,5.781017344212315,35.3383262904389,84.15615388790118,Low
10.0,6.530378204931618,7.518025941164378,5,14,4.796727488542081,3.0500984188149847,3.53646792068591,60.795230756422335,27.836455373994077,Medium
5.332049461338754,5.201543481550738,3.775627397442883,9,11,8.10617766237545,1.8655627276615907,2.803868928453154,26.352718939770337,51.86737508006461,Low
9.196265858128656,3.6941729684849687,9.118364580964702,4,8,6.73446414392356,4.483074072811606,6.909809626746916,46.841925196152594,32.19803603050461,Medium
8.495288160198712,7.938426995173169,5.902447470998767,5,7,3.8455813418434035,1.977667604030077,9.295364664909606,55.14326053656645,34.8118102986924,Medium
7.420954606735204,6.876139772284147,3.5072130029216755,6,13,2.1141168440261855,2.255863685855069,2.9160432732049806,58.655322199059434,25.178706866766337,Medium
9.6379307262927,5.142190786976546,3.716027858614637,6,8,8.179680762378633,4.553678166364857,6.145879009361022,51.06073943370399,39.04217757170922,Medium
7.558158208910294,10.37845292251157,6.6961905835746895,6,12,7.862533126195314,1.8224864798771656,5.763924746172975,43.06954370752331,65.68640961116081,Medium
7.583738793501893,9.334490294858483,5.217400220203245,4,8,2.5224773736898287,4.539136103466657,6.774877867869392,68.45887509098921,39.211170381450806,Medium
6.920319020473682,7.94356424212554,5.806692180763719,11,13,3.242042924608858,1.8392118375873578,6.290109489290164,53.44962803921038,27.59074176067257,Medium
8.835353323627942,10.728652488341734,9.225560465394079,6,15,7.896135721549871,4.647222645776084,3.4551514605899403,59.5052787543395,61.65632890274475,Medium
8.644703850716326,9.325072066797226,4.60151187154185,3,10,9.852678149433542,2.270567612384591,7.222975225469854,36.9264805767551,72.43049130804467,Low
6.061484068755681,6.354288196963135,6.119925715391413,0,10,8.592771579573132,1.9849383658726625,3.453938319517664,22.478127083265043,71.92665525402963,Low
5.021129208101849,5.921559672018468,8.839688974746107,8,11,7.157363959153945,2.908759084055932,6.876943117923892,25.929863353529353,53.03648397427527,Low
6.6955290439065145,9.635963088907722,6.5410269509328005,1,4,9.238833467704707,2.476894013291935,3.6994001778671346,40.07862054400258,82.6117719573964,Medium
5.7999421534035305,8.792733912934702,2.786794529283988,6,12,3.567121018548149,1.8069987481529752,1.7418046937152392,51.517028370463336,46.32213059287394,Medium
6.904713138076968,8.339495535941323,7.010778023464273,2,21,1.0868697936446827,2.3534151923573887,2.1450097464445754,52.647491266945124,35.10055245836938,Medium
8.856157202026209,6.307004394262186,3.6739942844331117,3,15,3.888712656285869,3.8529173728874206,8.506866226939797,49.40277037682201,31.150231996314716,Medium
6.314047517369815,9.215895134011507,8.813615057465931,7,14,9.747408866458755,4.327602552362424,2.092197350069368,39.286882034983826,74.15859813665027,Low
6.935764928032638,6.489002233732101,4.354264790004044,4,12,8.937732973092569,4.283047326176691,3.9746189865920534,34.348284057690975,63.000841896958946,Low
7.087034102212593,7.796026690812644,11.93901901549133,3,8,1.4532063048749824,4.027268993601968,3.588775762912985,68.10761693049633,32.27512605378624,Medium
8.272646323307928,10.89388829277396,8.934751976655356,9,11,5.517625881511282,1.0217406099407658,1.5207373820898515,64.56390179982465,47.48879010279298,Medium
3.629665999023092,6.678331528379708,4.406774860744043,2,9,1.7110887787686402,2.706415788488299,6.39567580035349,36.264212011325775,46.11190329738215,Low
6.089949557852055,4.854021485854278,6.040027610003221,2,11,8.101282756715793,1.6758887105253018,8.189069237885311,13.363561869640364,60.19111118389146,Low
7.316925538419209,5.894905616259779,7.507288563266927,3,17,4.353540165888381,1.293903303534917,9.930968082388711,26.747626632694033,38.523386123209626,Low
8.800118434640291,9.988597653375246,7.567320948453416,3,6,9.207505809735606,3.943528192936265,9.424288764817586,47.566884203846165,71.03928090161662,Medium
6.262146328740692,8.50946227476042,6.884672519952394,3,14,1.490072392095116,4.173919481702156,1.4439350050628528,63.188855907334876,38.62339812800029,Medium
4.185170940937189,7.742245242622493,8.50431807393222,6,17,7.605968260496759,4.258466587299001,3.317578286988117,26.124028581838605,69.20787947361983,Low
7.929567168949204,6.981812389376861,5.754062106731261,6,14,4.5942919257331205,4.561243181452449,4.7090643537701675,55.95021435141827,35.554019865622855,Medium
6.046956416761556,8.97071981510638,5.266564662847934,10,9,3.414037737777905,3.3601927637649194,8.875129126268565,54.762451630015896,37.80491020306761,Medium
5.215500011364458,6.301790298019553,5.306272024150779,2,14,5.657042243048331,4.992519199220871,4.240763005155991,34.493682878476534,57.27993712365198,Low
6.063481915430164,8.611331137285191,7.716746463944254,3,11,5.369380281362417,2.9348905612473644,6.132811095259826,40.63578181490926,58.887023744842416,Medium
6.723211963516226,6.537490862374086,6.730362080605293,1,10,4.1392980808408915,4.533995995522989,6.936336977910372,45.75761909781635,46.06639626068207,Medium
6.09288300319268,6.204681229449892,6.582567331380512,3,9,6.839708833736886,1.4517630596119258,3.6816286291397717,30.631624783846252,57.1186181375876,Low
3.6916509143513965,6.725025130349977,7.590468498514364,3,9,6.951846231674712,1.5956940023817126,6.23746489792291,15.812243427284312,69.89384221548725,Low
8.345599295330699,7.249185107032076,1.89789518429229,5,7,1.6942436559790093,3.3613977782966575,1.457969548567712,76.57084669244634,22.3613410643279,High
8.912312561918084,7.902340328132594,6.620137647750301,3,7,6.358735645968686,1.4965390876869518,5.3216495566409,50.764875854414285,48.90073216669719,Medium
7.977282987009259,8.47091159022223,6.437137777747432,3,8,7.396616154129112,1.301202552690385,4.40682164695886,43.50828982093109,60.10074511761496,Medium
5.293471494362775,2.0,9.33761616260141,2,6,1.682996128294266,1.7842585288251303,4.2017913764291155,36.515510029968816,21.612904351244424,Low
6.697762699078723,6.38469888450647,2.942824035472666,3,6,6.932175753895574,4.150147459348625,3.1140360937995184,46.06178727498882,55.63773901264094,Medium
6.990218027155813,7.2168600452879215,9.114373264753516,2,19,8.23579514039307,4.7098320213871805,8.359608124305824,24.384948387524712,65.68157629884227,Low
7.898191584342865,11.010124077216659,6.150818257849331,7,9,8.487495906325478,2.333869289762137,8.937307041031174,44.976729689014064,67.77770568074139,Medium
8.002510733077122,5.839994783235736,6.97797906132009,2,10,1.3748263375848304,4.899023361916907,8.993156290945585,59.38991092496793,22.60125584815898,Medium
5.898739301832256,8.325593236199825,9.351837575218752,7,9,7.276757259587898,4.238201865319534,4.564962854457042,44.77284282251213,60.54177609289627,Medium
7.1229933346203405,10.990060619471675,7.121522536011146,5,14,8.172789138294018,1.9044308665182395,3.332451682057717,42.2113755228463,73.16825321667659,Medium
7.685920606922862,5.374062940105454,6.800736578925122,5,11,4.571405185487054,3.3444599959479424,1.8857106331671107,53.320676209631976,32.411051586864545,Medium
9.18373348322015,8.787950451728804,6.4845823716046365,2,11,5.885566878047454,4.927173658405381,7.051669023604738,58.863652923862354,50.51290251504709,Medium
8.056759809737084,6.395456332130959,5.033043730011246,1,10,3.3860401861767437,4.395143251296124,3.971509885825018,59.02348762786046,36.12169831325146,Medium
8.183585031063279,6.990732515421531,5.943021750979214,6,12,3.7921709960197116,2.453436331158588,3.489996386661897,57.59058977328644,30.560191094060706,Medium
7.125739941894041,6.393778332093371,4.5689744677545026,5,14,5.514575943393723,2.2252917406487556,4.342943080039958,39.42489310451819,43.19718697144155,Low
9.115688717805256,6.536285383168228,5.910866201149036,4,8,2.36024492625588,4.277016592996155,5.992513106801218,70.11380977970366,21.539411172738728,High
7.614644193939246,13.443824295812986,1.3281386058898068,5,10,4.334651322416846,3.196660786926283,2.4573273639428552,74.11502518592725,61.25402886434787,High
5.708368134739644,9.688911744143331,6.858079135135097,5,16,3.712920743174741,1.6537700613232564,9.6520379419204,35.110394347802,52.56902806876713,Low
9.105054955187786,10.203475723572417,5.756525492432749,4,9,3.1442464293279477,2.3113302335352457,7.5935268508650475,67.12149074299273,38.92831409743469,Medium
8.046854908808541,8.983986973672993,5.327592526666471,2,5,5.354998381954249,3.64725190949501,1.4210709718966739,66.29270972893121,53.51219191106832,Medium
6.335433968307276,4.787486423196084,6.439516167880287,4,14,8.548094979118591,1.6126355365572147,3.761090070498252,18.42212041036427,57.40448943431103,Low
6.280760548901135,8.789915940646614,3.1328721540691187,5,13,3.1803588687630473,3.7948648296270022,1.452451934519705,59.844995667142086,44.189592320277896,Medium
7.4448633177111425,10.145859229014693,9.858539993242566,4,7,6.9375712598347645,3.839715045870359,3.065402794331323,58.59324990585378,64.45831648290881,Medium
7.694777192901377,6.293201051921777,5.7944650770248005,4,14,3.287733596130942,2.0829854198453557,3.5793180091501604,49.75388839331551,31.296833010775103,Medium
7.295938398446809,9.930653334322253,5.708311134055621,2,10,2.278751083727563,2.5921222873271375,7.461817551412352,58.272155106726196,45.12518226037255,Medium
7.466963010164327,9.408672419708157,4.069207579734155,2,11,9.489897146493787,4.741802658285065,7.468658699376497,37.5756935218766,77.85488919126605,Low
9.549936061864571,11.70408008962734,6.047892764898522,3,10,6.699121615215289,3.996703151259854,1.4079277776895969,73.11922613785946,61.82462254094643,High
8.607314728352328,7.164433974972763,8.77391978054656,5,8,1.941366047327207,4.151242622264889,6.293148821539282,70.79480013715079,22.138357706190465,High
7.285953386897536,5.804778035448546,8.071832418864068,1,12,6.693795976794229,3.0650607590894645,9.648195680732867,26.917854180062932,53.48853884791184,Low
8.411965871151224,7.2767437812549085,7.708875502281112,3,6,2.58712314110374,1.8525597234033797,6.6552854076797745,60.17026715624173,30.23940804629659,Medium
5.451214144708691,10.871141986327247,7.092797903334543,5,6,8.990168355240105,3.365023650467389,9.644925931707261,33.41775369614693,83.91945890958374,Low
7.596890574920213,4.343188238316074,5.282914944874781,1,13,3.227237350238861,4.0884171606000095,4.42503205272851,47.29586740462977,29.764109092870033,Medium
9.713959524599666,3.8632485691379355,3.099673665926596,3,16,8.261180943874143,1.0155330569519125,5.138004620369923,27.34411121013036,39.929206334074394,Low
6.67293115691144,8.178790557863227,5.59792245626673,6,9,2.792757103550502,1.4551050130620387,5.459378607968127,53.46741436486512,36.51458969845873,Medium
5.728549107071373,7.114821414451688,5.5282570709326455,1,16,6.024612954327575,2.897176463032314,9.315523852345136,20.607325306876586,61.713042040260405,Low
6.021866667110409,8.01545578635137,8.097588879342482,3,16,9.210958099622333,2.7487845897730616,4.422529475648139,22.099798012656905,75.72332988005736,Low
5.365550443986417,9.89062354247173,6.618780884919641,4,4,3.6640236059329196,4.929132183179943,9.850765675302517,55.029350708200596,56.383489327031235,Medium
5.822857137808445,6.894861307762295,9.224623055807097,1,15,1.732576002211407,1.3686116023888921,5.888134316290886,37.47019837473208,39.437619917986524,Low
6.444237852114957,4.253988338138759,8.394977080076348,7,11,5.973327729865017,2.2947454501951277,2.963086502803023,36.272427094340884,36.81919420890655,Low
4.8916494712320375,12.088963114399888,5.087008780991809,4,12,2.5509751586308482,4.2604417101847325,1.9331924373747984,64.11767827754481,61.04694560465316,Medium
7.023427500924405,6.005543425122448,2.4097416067602633,1,8,7.555102284315306,3.4497103745454565,2.555854751807941,39.148835567401576,59.58101393996036,Low
8.35341576067997,5.881925755975805,8.771150467882961,8,8,6.317390380115193,3.246457764932549,1.3535446862847293,58.43133449421989,34.46131099136245,Medium
5.638365729779619,10.207440027445193,8.718770446461487,3,16,4.117375981442324,3.964804154335306,7.230792279384781,43.3845450461734,60.442805447007565,Medium
9.278925885462654,7.231021757916964,3.267576818195548,2,14,7.350878904950871,1.1599320422229424,5.652137620695917,37.658909743982285,51.56457968917494,Low
7.766188132791392,7.873220295930379,9.018480039655001,5,9,3.1467517775811293,4.789966793468894,7.6413150330048065,62.86517252043252,34.27315961630972,Medium
8.545870878436086,8.965580248120636,6.764234341185036,3,7,9.253329057617545,1.765055797506942,8.040359095081726,37.90990822288339,68.59082325124416,Low
6.013248169221795,10.167166206219992,6.321370996251306,11,11,4.1219922948281145,1.3273501072106368,9.382268392471714,47.08229580929357,43.98666098920301,Medium
8.281787840599923,7.333078613636456,9.229566508494655,6,10,7.866713034640405,2.355814310289676,2.052984949199473,48.33969103903682,51.39220961323219,Medium
5.3620991494070305,11.039904011828598,8.68937034646123,3,10,3.326674093702458,3.8094249305346612,2.6749291970695896,59.56855749366403,60.81269138230208,Medium
8.335371251254763,3.728400302530389,7.3026619039904075,3,8,7.433428111212498,1.9259330066335871,5.934468893889827,32.66239726891281,41.2902868057347,Low
7.257759009690297,9.519574473906154,6.946434131623966,6,14,1.283764741748807,1.1994449485198748,2.1657188159666307,64.43505648305849,31.533360456983555,Medium
7.8298768299771755,6.320944883964685,7.232788581060718,2,15,3.65966081259915,1.2296513860036344,1.8344955385469595,46.17708467708615,36.32415908855028,Medium
5.236608091562722,10.744542633215982,5.199885132234948,3,11,1.8360123883744055,2.02630808040453,6.997038389625086,50.38951833560916,52.94983447339876,Medium
5.657395236585093,8.28408895766109,5.889797100535358,7,11,5.060984701807222,1.5410954222100814,7.522403641916939,36.5119056676223,50.55249050522789,Low
7.895842327380077,6.654189335981197,4.195365690810915,4,8,4.91597194322323,2.4897324419265234,8.59060443605251,45.576050494340556,39.75181425232634,Medium
5.577477993663699,9.325682186043265,5.3339204485221625,7,10,4.231073549337417,1.692292336197832,9.241720105462006,40.5834259394015,50.656574468798034,Medium
7.694809438148685,9.786376694414503,5.266732242662134,5,14,9.830509913016138,2.377257350736386,4.982495001891385,35.04813454708886,74.41766542907538,Low
4.949293290309631,9.283788245717277,4.729389260756671,2,12,3.1968149241306136,2.7779485232379884,9.818869043887444,36.25557070760993,57.32509137908052,Low
8.272261319000002,5.940607520733879,6.273493005296926,3,10,8.119460133737002,3.9701568330025636,1.340982934323268,46.80417704885163,53.06907358776278,Medium
5.151215027847236,7.031965752755831,5.3520382985988455,5,11,5.027024270971094,1.9095981074886437,8.831148598155433,27.926776696509563,51.63131656430154,Low
7.8284499065192845,7.99185432575713,7.004469440703948,7,10,4.0132943095224665,2.900255095680407,3.8932827226331095,61.3606295931761,35.01430684596017,Medium
7.938446400469001,7.917480694699879,2.7553587734124694,5,9,2.831200332935817,4.2614207700449285,9.29543051915252,60.830855572969,32.148028916190206,Medium
5.954842272355638,9.499490950876694,5.773290411785401,9,10,6.700635055254471,4.945508758189638,3.003439483208229,55.70451999049348,58.11385016632372,Medium
7.87303985062709,3.9701975349867835,6.263103280354992,2,7,4.003103159851848,3.2292246803861335,7.668942890030707,44.52540713130212,29.172778072040924,Medium
7.390663395000334,8.668654109107006,5.378741520326239,5,6,8.316268836654446,2.7292814691349876,4.829110984281749,45.54550710940139,64.17969092704263,Medium
6.1917372157108925,7.42003729112672,5.655214600381537,5,14,9.716183638193591,3.526132516714843,4.433183560231469,26.09454009838007,71.60157866781695,Low
5.487167973885688,6.322998767232096,2.8295079785402852,6,8,3.0441840833740583,2.9451826422187333,1.534775061576608,53.37425336782313,36.009787384133105,Medium
4.056061462491131,6.515026444460801,6.712954209338984,0,12,2.158033472485471,1.6590265701737086,7.353205540456812,26.637520491647898,49.55351979083124,Low
7.52447507094954,7.5709246709640725,7.295211965134141,5,15,3.8396602108225553,2.8377887282962315,2.5781748426696374,54.023151797712124,37.59855788895634,Medium
4.652795842956918,2.0,6.987074588407534,3,7,5.204005903499367,4.916401223679843,5.166938513717318,28.770247923274088,39.801166976451334,Low
7.143016299161962,6.5974208584169,8.077454118884365,3,4,3.708701343543254,3.5617145852984797,2.271773027524762,61.94264983423585,38.69129453773223,Medium
6.604827675876626,6.248370350707413,6.403059211565004,3,14,9.734201254493186,2.13372903562152,6.440300363188024,15.756906039526292,69.28456193617187,Low
8.018714163157293,9.065566418645249,6.9573623613018745,6,9,8.012814757126044,4.7885840254625665,3.0795511124752313,57.80684235898729,59.61464591843,Medium
6.546931750765204,6.388946634978959,6.312181476913705,3,7,9.695266597380481,2.5543266123465536,6.349568777481422,24.542524930868034,69.85944793975189,Low
6.505828320479363,7.56977239965902,7.375101439184988,3,10,4.359159615836102,2.5604855057294507,9.51954202344391,38.5306728183198,48.197421464906704,Low
8.097806056432443,11.084553255322604,2.845540727735756,5,16,3.7420737489846028,3.466397968128272,9.288266503451984,56.89813126115687,47.5890489015743,Medium
7.502587043626177,9.988703039630847,4.212838064043979,2,10,4.666262749193863,3.2758948655812645,2.8041792319809824,60.173006306870526,56.16705043949437,Medium
7.474233935774167,9.804542799886905,9.173799314066182,2,12,5.7055005399457075,2.1617462858770082,1.8926704851428098,51.77723753403267,60.71056509075622,Medium
7.70390138471279,7.000255139178297,1.0791283558075895,2,11,7.673996828058358,2.8683212986478335,1.3839499210201018,42.71240578287843,59.06339337888164,Medium
4.696641815189341,9.086064558579304,5.719644140349312,3,11,8.929916875866851,2.3300521024418597,8.456541577089284,16.71038038177639,83.97437422960974,Low
8.135183019980474,7.532204399092812,8.344549919216137,3,15,5.168618878411008,3.951121802759861,3.243768240334669,52.64031841734156,45.0353452868306,Medium
7.918703191020404,7.607813578646124,5.813478668916471,7,12,3.6026085850606684,1.4900114657665138,3.5554362792028202,56.45952129789694,31.19819822291987,Medium
5.474975307135255,8.8193706874931,5.189977857098605,4,15,3.8696191691991535,4.001004519810935,3.0362075051397897,48.47483887422993,52.98004441063251,Medium
6.633879289488698,6.806012823158135,6.258843353630601,3,15,7.272534325279545,1.644668101251976,8.560755596997659,20.36360035365802,59.13270510483862,Low
6.9410390685585535,10.986006208886407,5.293759639995107,3,9,6.108022305923465,2.2239279656356143,9.81011795865672,42.77224123502826,67.48302336831625,Medium
6.798254823397401,7.679739720804125,6.061698985513878,4,5,5.378447178795314,2.333327149485468,7.796679858370318,44.73689695740756,50.50807442663442,Medium
7.500789949852802,9.23672113251933,4.63323792695974,4,9,2.824966708985566,4.9616487018415985,8.412200744222712,64.46643613823774,40.69181951215808,Medium
9.147050172746775,10.911200958514597,8.217348839911448,3,10,8.87910118749013,3.3592879389460704,6.58450414467404,51.3459335536717,71.33361499142667,Medium
8.622650091509243,10.06330754915035,8.846529842131321,1,8,8.029184027566654,4.110216769289027,5.758974175568308,53.107996950292936,69.9744411841296,Medium
5.031671209852891,5.182161794618951,5.733219355776755,4,17,2.2657474156530664,3.2215119353179174,7.494202043114635,31.384763086744506,33.62741939212777,Low
7.933104985459073,8.889791790019768,3.2270211586175135,0,12,4.30649609141923,4.932631876033854,1.3218659092559828,64.1162333981946,52.189180922533204,Medium
8.993399979303113,9.701438788921294,4.9523136593732096,4,14,5.879188842750022,1.7095254049847268,1.5526047304305703,57.79053504606757,50.980440911173034,Medium
7.580212781033804,9.783726044321497,5.632022679794072,6,15,5.089047604943788,3.4194965173252614,7.1854613971856525,51.23504495653317,49.79350326224352,Medium
8.63647063777895,5.773410331770737,7.011077753806417,1,12,4.580162548639645,4.1895282689709035,4.015629681283523,53.38281048884572,37.202909364561386,Medium
10.0,6.685929525965352,3.983973553658644,4,6,7.469487078044764,3.5142245708541435,5.3995092080344715,57.35302226739968,43.364255238160744,Medium
8.535564319160471,9.989116471483243,4.461675362715699,1,4,1.490531538140537,4.587744737725144,8.037933072939191,77.92172523133239,37.990195182485,High
7.373962893462593,6.476479258634709,7.021352275717614,5,11,5.242693052133477,3.4028319255487958,6.194421175662406,45.71543394349054,41.10164470314778,Medium
8.56763271112713,7.400607886671372,7.8778176640791155,3,10,3.3596352135064125,4.305754195906436,8.24735687196752,59.511741902321816,33.81759504928682,Medium
7.217331749645337,11.151751619003939,4.756811909658632,5,10,1.7615654671128307,1.703188497479815,4.772397179535791,67.30415703692017,41.89843690125024,Medium
7.035854564927433,7.904401499230421,3.333565892098008,6,10,5.18398442202669,2.0482555774013087,3.586810176743903,49.73455367313625,45.68025052026351,Medium
6.472878646429401,6.546451724332314,12.0,4,8,2.542318219635119,2.776274309558375,3.113532179954819,55.7953289808996,33.81747576513569,Medium
9.345120038248162,6.244765286274189,7.566608474177427,7,16,3.3240185370118778,4.406470847338831,2.185128559658774,68.21749664070262,18.69031882948804,Medium
5.7723570010869985,8.665438659170375,5.465992476465937,2,8,5.563078565590684,2.706237568274563,1.3311687004656252,47.29767660786371,63.12673003827726,Medium
9.298551587017174,5.333703983045583,7.738062551061679,5,11,9.763380819395394,3.5098357509367264,1.4783411411506413,44.01754184932683,50.815483606563475,Medium
7.749796185610557,7.505328072207163,5.751086740571155,4,8,7.158295061232003,2.5832464076811763,3.438989444195328,47.16783314644275,54.51434149330689,Medium
4.9010407377970875,8.666461069980043,7.734313778200373,3,7,3.5165961834114228,4.222881556468391,3.50571334910113,53.528854486260315,54.98939668442462,Medium
7.551473939487132,10.598299641095334,6.318786395552444,4,14,4.441654473178389,1.8011503449920534,4.436060761298896,53.716239857517024,53.418217805791116,Medium
3.8499602385225637,9.335096160739992,6.182543796335146,6,6,4.655198370888796,3.375077912159822,6.324556341155549,42.96030432246912,62.02982145156612,Medium
7.938262025246553,6.571869764035642,5.772836263538423,5,9,2.3827386100993944,3.3115607533530675,7.833695816188547,58.324484666218446,24.996045394793505,Medium
8.327847224483486,10.35683863512744,3.1052373330738203,4,8,2.445887699737127,2.6129673007039487,2.779345072528815,75.36714881141421,39.402919469940514,High
6.11146606652192,7.400969924905045,9.87618979878628,1,12,2.3355525113862803,3.8205122264311204,7.833233589390903,45.68329750044666,43.01984779444749,Medium
7.185321543933373,5.528593955901182,4.116932159464513,4,15,5.6949772396322516,1.1139064320981986,2.2509057501223095,34.62889107527641,42.48262638876042,Low
9.93123615062543,7.655917281469055,3.279952847378811,4,7,7.0676747806573745,4.365999954226129,9.898242586208857,55.610149635453595,45.25760296519803,Medium
6.241379943607095,10.876338402291404,5.574280234487265,5,4,6.31648616149744,2.3918609182890216,3.5653040477435205,55.41383803829562,67.42617456133095,Medium
5.411638619415099,8.33048010012985,4.077056372978987,5,10,9.799904669080137,4.172090278299413,8.536015132337344,23.91371846915629,78.7124946716364,Low
9.222495103693898,8.025043728659572,5.8965744188794575,6,8,2.132871150318867,2.2202379663414087,2.71419245100238,76.0405237707253,21.763854036939694,High
9.943880785796193,11.274423289405707,7.3755276971235375,3,13,9.878269656724797,1.7516258683846488,9.55578502393531,40.2211966023018,74.15198742152687,Medium
7.005543507771771,5.137290305891145,7.990605801058446,8,10,5.200065404991027,2.55795789233949,8.439641066909907,38.61904801128902,32.02541452002987,Low
8.517194553112535,5.428801771894456,7.629461443243363,5,7,2.967695089994239,4.189467811961501,4.234503344923307,66.52348315148767,21.173937643062498,Medium
9.012213873296322,4.768307058066336,5.38873589042864,5,9,9.489527434051814,3.814072141141889,4.793245534853691,39.984205651509946,48.62031319745804,Low
5.886273651192424,8.74529637296011,6.099183655323172,3,12,5.217519791301333,2.604124807463888,1.034541941706785,46.39550278467576,59.39573491972199,Medium
6.272041246948198,8.33298625423025,6.815758101794982,3,12,4.1261225968946835,4.751474897643803,3.2628901988166925,54.38531523624185,50.866516466654424,Medium
8.846311769732102,11.085472734559552,2.484425152115855,4,11,2.9242909343616095,2.6351047434034975,3.6036681035675637,73.90503706080494,42.20590308681697,High
9.527521418062765,8.48695015427354,7.141169400239719,3,11,3.410879060042219,2.4030109131733677,5.074648290639356,65.01726899458491,33.94565738575609,Medium
7.844321290261532,7.1916856810413945,3.085401424832337,2,5,9.812975592044975,1.578875643816482,2.2514483259565004,37.116370936363566,69.66094749856572,Low
5.680278469746918,8.003589745756214,10.080693197812979,3,7,3.735760959142969,1.2811145829809152,5.308901993100244,43.248978305682655,50.27955877857734,Medium
9.980591667549161,8.235414836921915,5.190969830716609,6,11,9.800253313836446,2.3996096154059328,7.016216368773269,43.91322439219213,56.9068794762051,Medium
6.203543653282053,4.6564774533436655,5.630249645610817,4,11,3.971934879508784,1.3680087448025078,4.341540683289866,35.20923046398629,35.033448469918355,Low
6.497293328242822,13.420663288669786,4.460585801524289,5,11,3.0827661902970576,2.850539831555014,3.089757480089734,69.77126806911738,59.8232780641896,Medium
7.5135067517344325,9.039742036203823,4.74005993628862,8,13,2.650277646116626,4.44003817486012,5.929448382585052,66.85990566473495,31.69460079973188,Medium
9.331240631072161,8.420016616045178,10.54818713828648,2,9,4.706690547465973,2.904466610778909,1.261035126642493,67.61398625942556,42.74073959266462,Medium
8.280963964828336,9.23032796855716,7.880739377246595,8,11,3.131258036815245,2.922323913086343,4.067537056988032,69.79321780041087,31.461002341786077,Medium
7.622298250542865,9.41882196117321,2.9015951097043233,6,7,7.272441674443478,2.0137624838662602,5.748312186172126,48.77683358036346,58.98376616774177,Medium
7.694932795177159,7.7188930289951365,9.008425801370459,7,14,3.157945618275806,1.6651823037935864,4.022585345786702,54.96729144140509,30.38582462350267,Medium
7.065272002965199,6.737517727518599,8.386484550282862,3,10,8.518571604980822,1.8893154340427039,4.1088828348777495,30.621192121857575,63.142686174055854,Low
7.837209271777759,9.198901372643409,5.437575075423423,1,7,8.506101326393502,3.2719539182046384,8.63466996373483,39.222744594914275,72.50582793435579,Low
3.2056598834585452,8.771421681062904,6.6133938840596755,7,8,3.5697373664325953,3.367172457577572,9.40592608475648,36.34016966434025,55.55527049758179,Low
6.5550888113953025,6.380219801821184,5.970111841157851,3,12,7.781861174381468,1.8807511707024736,8.446533826137928,21.016178719632915,60.403241973740975,Low
7.361982902375171,10.838071222734527,9.945159808893864,3,4,8.71791288381508,2.5956814969267294,1.8898070507064026,53.60181519295607,77.93792744508039,Medium
5.273478874570739,8.586704072645967,4.407419622015819,2,11,6.311195595434319,3.2747307375460246,3.6076819994289666,37.05788818569134,68.6499643329809,Low
7.57948497671734,9.459638724535262,6.2920212195514535,4,9,4.296991697776494,4.041848154039801,7.4016493002249835,58.90151389695861,48.39753966071011,Medium
6.6932931685208175,10.783841775359837,5.143709338014391,3,12,4.9687046804141115,2.2790774401697456,9.769535155023924,42.230346888202575,62.21211232505686,Medium
9.633213547473236,8.043777642329669,3.1339191907642916,2,12,8.076059785313037,2.0854276800609575,3.180533936230726,47.62290994542032,56.59300091614497,Medium
9.359529587822284,8.63390401396823,10.383276510109974,6,12,3.6398571759713274,3.921867997287099,9.083894311803705,64.26985232984869,30.8110037483544,Medium
6.301291646322756,9.620054477012232,3.6368668417951753,4,8,4.010161009385746,3.05524868295071,7.651134884467613,51.42010117981023,53.068507107145926,Medium
6.773743432649957,6.550277832399896,6.440258374975552,2,14,2.447059026320656,4.426986364777871,9.85105329741579,44.23922709732761,35.752566355343724,Medium
6.889078651587411,8.108103325692001,2.518598787239329,2,7,4.5914716271170235,1.844012081549271,1.8422693356756068,52.65070243695054,51.5131555263096,Medium
6.322510785760566,8.251097173302297,5.201858921513813,7,7,1.7786361902453733,4.083771504364999,4.552711733737336,68.00506356537802,31.468861325162344,Medium
7.29253747604219,6.087882896633211,6.843937642866915,3,6,3.8893099689020034,1.6481340296700377,5.303035021010504,48.200236826112565,37.06032865631236,Medium
5.862576896668615,12.635273577347757,4.350532040995274,7,15,4.361314428530713,3.339084977987118,7.048743627201205,53.33186876737289,62.2516643394444,Medium
5.304076997593711,5.185413113015195,7.17360370147131,3,8,3.2993121918171893,2.1345348332587455,6.885748326476161,34.86424149945695,39.38159514847456,Low
7.934066835850403,5.403792192625684,5.461917816223835,3,7,1.9122230722148934,1.404363830398355,9.157108102428076,49.124986647631054,22.08667527079115,Medium
7.944294376332716,10.628453151407157,8.320165024797227,0,11,5.695005183053995,3.4670584182685706,8.548058103294986,49.099140650878766,65.35323995375522,Medium
5.793526360510011,9.426532501593085,8.723521826680447,6,15,8.785730527799238,3.0271958395842455,1.4983540202456167,35.48427044878376,74.2898881484756,Low
8.343033146143899,5.948070365038444,4.826510478539976,2,7,4.020802712204234,2.9439207541849686,5.3788611070889845,54.55361587760029,34.52071296322128,Medium
6.052633406252003,9.214578030203386,6.153465718785914,2,14,3.131214142781248,3.3700777098151544,4.663551071971896,49.626612053732885,52.01115702261876,Medium
7.379747857056972,10.935700889994619,6.3669084529444655,5,11,3.565343959214531,2.489748869820227,9.974301278728372,54.54449882438549,49.2570919433237,Medium
8.230516018918685,7.939473884806029,7.238698590869397,4,7,8.756984631738131,3.68067024700858,4.845323748200421,47.24583584440444,61.89283415335706,Medium
6.949581152944431,13.197645800149164,6.028763992488532,5,9,5.750268306470178,1.523374923754039,7.143572260024177,53.730711532660905,70.14998043682037,Medium
7.682111368211702,4.551876378263929,6.380421918685684,4,6,2.177113161436973,3.8598859345466443,3.5598648982050154,62.86713910237336,19.492909098367242,Medium
6.225355534168642,9.387646907718205,5.513187050409761,7,4,7.382994841499162,3.3192548571227922,6.531660603256392,48.0530904085991,63.569334594742045,Medium
6.705300124857854,10.333056672442007,6.230479733944037,2,5,2.389320399101045,2.945890560143165,2.8596977975659,69.1368027524494,49.68466293024949,Medium
6.69121085367949,9.782687803210493,8.595880387070265,4,18,1.5421996264801299,1.5106015998716993,6.432459900846507,49.56827468263463,39.88260558559646,Medium
5.8801324801896415,7.591288546708704,7.292166482423709,2,10,3.3011638884812555,2.1130579179864935,8.81371214729183,37.86098666762821,47.61165044579263,Low
6.734838755326327,7.419117035977701,7.402511278886738,6,8,2.5128116156508926,2.181186314478328,1.1731401230129839,62.66352975942975,32.07930760789742,Medium
4.67707255170438,8.888290342174514,7.4461406482711565,10,5,6.444977269372013,1.9352506156397395,5.541277685854114,41.53941421153223,58.25610516603452,Medium
6.263269379286843,9.63150897330414,5.692382444237929,2,9,5.361097666060377,4.81671890608161,9.84133561920758,45.399601621626,63.58319566689676,Medium
6.572686759945494,9.204946872564726,6.637654087159061,3,10,7.516580954435805,4.662566231396173,2.4333627020348807,49.06464416090068,69.4216406949655,Medium
6.61573037125693,10.080115781586779,3.8296526433285107,7,12,5.604139452342213,3.184532855357002,2.6507109524399954,55.540893000554306,55.71283885294422,Medium
6.637753831193832,5.96226008586653,8.537615312633914,1,7,4.771053416884489,1.8226903329608932,5.237413489913887,38.94871529457728,47.41634969970653,Low
6.907353700209806,7.544458041752731,1.0,11,11,5.735968213939687,4.644553460291957,8.838938622942184,50.180568475519316,38.41527392117765,Medium
7.7191622771290955,6.119968135752492,5.82570321532915,4,10,4.910375017790001,3.997626131424696,6.064836484934029,49.779687426830606,38.51688237174288,Medium
8.311775611198783,7.227774447827716,8.281791954300548,4,8,1.3337820452263558,1.1550873558161485,5.5783778011352565,62.50692998212111,22.49911036297791,Medium
6.0253521597276,10.03044178362861,3.272264132741317,6,13,7.126292016966159,2.9628460869459743,1.7808135319415905,45.56183111144904,67.37419823781572,Medium
5.195198716916283,8.215967841450457,6.799559835233702,4,15,9.659172935930098,3.4197784924306416,9.657874131172129,12.859651116807195,80.36992451132107,Low
5.436933381635345,13.213718326299539,4.638467106841946,3,8,4.798302013324418,1.2658934562537105,4.124043383317293,52.264766054881015,75.71281637146461,Medium
6.269195618207609,8.386812734379435,5.262393469622262,5,10,4.81359685391242,1.1993241246228985,3.2662643693280637,45.24074114132286,50.77001576244924,Medium
6.472118023275236,8.119383761159472,7.891881921278875,5,7,1.411919907735219,2.8540958339407223,4.705695502687465,63.69587598196793,32.22253769252015,Medium
5.845005900703814,8.212365838880432,6.3961138517703,7,11,9.013411762180734,1.0078068533505107,4.727639455352378,25.79835727955645,68.87753269628058,Low
5.055825003625158,6.724382614280128,1.9312882642312745,5,8,9.362092487166368,1.1873422376445455,5.126797978552536,17.676807424158458,72.18105043411931,Low
6.315818758788717,7.884326775244812,4.047148920536803,5,11,8.31825206212729,1.6605506552477594,7.196843816912486,26.024689467516342,65.9178790372226,Low
7.272139930170957,10.255576054223292,7.950671469777519,6,12,1.9571092438767104,4.639883096116449,8.811519117530187,66.38492995335619,37.48437619410191,Medium
7.892544198753347,8.227941336255544,6.897885436385995,2,7,9.102013130385453,4.06513410805083,1.515815921141706,49.260656475511276,69.77888330509899,Medium
6.163865420337518,6.413080540233057,9.496271145048569,5,6,1.2156009705553676,2.801704016949147,5.416917082000348,58.234160006389516,26.30310854313055,Medium
6.380503266784849,6.14983075904273,9.365295188026595,5,15,5.001168909126779,2.916822669894652,4.725803123434648,37.341123457579044,42.97987775628573,Low
5.609952536729034,7.0995962166683135,5.315509739706417,5,22,5.505612886912551,3.74409819642374,1.0979210153694097,34.969730870430574,52.25900010309946,Low
6.952841244437836,8.14772686882176,11.006475610138978,5,12,8.50601890923705,2.897546145299251,8.348405058122518,30.28668955406365,65.07349479589766,Low
5.727357048713778,10.387173070952525,6.0489593397038215,5,16,7.757732921085739,1.255700435387587,1.9388188100865107,33.12698951217955,74.90513160059092,Low
7.8596917198618,5.319022717267126,4.074662931181949,3,10,8.173872068498973,3.9549255002680384,2.0327320855630444,41.80579785760436,52.81990501196072,Medium
4.3212002620988335,7.360347444222487,4.732720268178845,3,13,8.81110854601637,1.230999302577199,1.43468576246533,16.158429313373254,78.65232487453,Low
6.460555491321307,8.288620038870159,1.4865497894211623,4,14,5.284638284434531,2.9443725297921164,2.803794704330355,45.23207658917753,53.73853523451933,Medium
7.451661008787613,4.33258846474113,9.214038016498563,1,14,8.022271181654544,4.446830038390626,2.5913465339904844,32.2621065073189,53.87785401601359,Low
7.275751774483757,6.332803434067188,9.189523978087728,6,13,1.6122978496489502,1.4695188001121338,4.130792524796454,54.04677367818914,21.340119993393895,Medium
10.0,6.640222920527627,3.968985122373358,1,11,5.000917804754849,3.8265116498882734,6.933433548259267,56.49624312792565,36.603159612574935,Medium
7.524700036851861,6.408059252299004,5.544231423236188,1,11,1.27119407382677,1.1853117022042965,1.4886480486563112,56.844456189309376,28.07500801519066,Medium
5.493918104736984,8.383779090043294,6.191215088225155,3,14,9.237835587867346,4.972238473917536,8.742481841573078,22.48554551553904,79.47754685071432,Low
6.85680362936639,7.678880780996405,4.0792938957157725,4,14,9.625724037576287,3.7283455212885968,3.939207538209003,30.83340478015567,71.09488217023157,Low
4.335630499800322,6.889427794797927,2.489795937457677,2,9,1.7554515425934651,4.8759584755469465,6.459465979647326,46.80684153681683,44.07533475707645,Medium
6.879100376054859,8.85592525310527,5.579284792446177,3,10,5.793639799669845,3.672895858428958,1.1080460098967886,54.89926263027547,58.36707369295421,Medium
5.750415914498862,11.446149435292499,5.357841141081506,4,13,3.926256457031822,1.9691325610087342,4.292271235615304,50.27998180220198,61.74251373977474,Medium
8.373085413340242,11.278513033483504,5.22317751802245,5,12,4.082808561965902,4.7054580544384095,1.0184582071483148,78.14706511276513,48.79290689815673,High
6.175689588106698,4.154456455875327,6.445432125201929,4,8,5.056300552379362,3.506680739316772,2.4891244621949498,42.368689984772544,38.62645736380188,Medium
6.82485112630713,9.154144367670279,8.859039317051984,4,6,2.1255936872909564,3.3037482024313887,5.030653874241866,66.4699378795797,39.85832208561872,Medium
6.046663237893394,7.643953419872323,5.393814560616548,5,9,2.626931789055214,2.71644757198771,5.815786797547748,51.79266333035256,38.26163237521561,Medium
9.608277027779998,8.310310685730713,6.340885997442726,6,16,6.196317941151503,2.1383756376341454,2.376357397492111,56.295830710459235,41.09660812601721,Medium
6.518135850823133,7.203433932914903,7.453741047489872,4,13,1.1688031849373945,3.120278278587835,7.706946498540871,51.52107243536788,29.301185834722492,Medium
9.748835565218803,8.235177259774405,7.108285853025498,2,12,6.398209198127806,2.464230835244872,2.701032989685441,56.60131153230574,48.56776144350477,Medium
8.2212276431774,8.302814792144037,4.771152951104316,5,10,3.870254690080024,4.416097617427532,2.0426058294135157,70.11492172854157,37.450629584670935,High
7.723100091003079,6.842096485302154,6.192754246228072,5,4,8.489857733236015,1.1151941678710284,4.00082061485057,40.321226909043716,56.8819558078264,Medium
7.553099720976279,6.207264904349638,7.095079640338106,3,13,6.400058569558154,3.120365939507995,5.962857972948579,37.203659872437406,48.70115296948664,Low
7.590695947324377,7.102608634761031,3.7432973249784447,3,10,7.372820806409547,4.346259554290922,9.900116347777734,36.99257286241941,56.608149613900046,Low
4.1084911309815855,8.468518528913531,8.527078021593017,3,6,2.029826631141508,1.110425485531933,4.768441566716352,43.83438363138957,50.368258459509974,Medium
6.5816749087738655,9.197992683368529,8.863177810428223,2,5,3.392761282135197,2.129210705059383,4.833967755178997,56.48463539686268,50.962026425914594,Medium
8.267736956776481,9.706697954680294,4.5544394891110125,3,10,9.970026480748329,1.2060902265375524,1.5340012310486952,41.01316593099296,76.02934711702345,Medium
6.926654224788842,7.011619953866175,6.3873400366963375,5,12,4.902870222183013,3.380015079246173,7.8923770584337305,42.31744693656536,43.324157840287874,Medium
4.892215229794637,8.567689134605473,7.284556513342063,5,9,4.229786847917887,2.2669442975669285,2.63604701674939,46.016279296573686,54.483162070455435,Medium
6.9213933241337955,9.925005183906597,4.908771687342495,0,11,8.864698230795469,4.838920151663703,7.703232080908403,36.23750226157772,82.7099858468041,Low
9.556158274383236,10.331189790288256,6.963227691376189,4,3,1.2976714797682136,3.4651744237426936,9.195551899569473,83.57263336808153,28.40033842662742,High
8.870337573302079,7.882334291736956,6.326511252584331,1,17,5.812960255085076,3.2472080187620365,7.913986858822251,41.58060564856167,50.00945824139844,Medium
6.906993985950953,7.558136550120775,3.0641636447223983,5,10,2.892314924073319,4.668959061382253,6.782080783709934,58.503778995665044,35.55410649377191,Medium
8.42717391558713,8.382248467672785,6.918322631957116,6,13,4.313375123083869,1.8943016242836652,6.435246659397667,53.274741881645916,37.192976671307704,Medium
6.450239469447922,5.700585054205188,3.7997151674579284,4,7,2.797993646832952,3.2489690380912304,5.082696031730864,52.0562938468897,32.05628115369207,Medium
4.444192619759922,7.612780977928984,7.878405703324095,0,5,1.3404048359383696,3.1711305398333,2.3008842560473926,53.886794351625845,47.91494010570575,Medium
5.613301017805668,9.48917279694626,4.657577849732222,5,13,4.74860920571701,1.3284569372437445,8.00954748209577,34.99613361194311,57.32423723584591,Low
9.344333152762296,9.283894258887402,5.67742913267771,4,8,8.102827190755807,4.728239145495824,5.295900433533344,60.21203213805617,58.84837832382783,Medium
6.589010377256043,7.459464791272222,8.74455782689315,2,11,9.567589893642019,3.800938929047632,6.630812408220799,26.230460382488097,74.832160209551,Low
6.634924030937473,8.435436402174334,6.99276329305769,4,9,6.614676771490111,4.552423398719518,4.366137060220982,49.38606157453386,60.05667204761727,Medium
6.550242705587679,6.350699319418625,3.8410521608509094,2,7,4.499533831174493,4.930149547606495,2.8065044771239087,54.74196086950466,46.04917366851176,Medium
9.85620488435951,9.40698429645005,3.9701668584018326,5,7,7.92869746192572,2.9186158491925194,8.258576174094364,55.718771620177264,54.409022507691304,Medium
9.438938373043095,7.844357127727053,4.80139442275255,5,8,5.547015850862988,4.214639368344387,4.081598250164111,67.468728213404,38.76286250431525,Medium
10.0,7.448097096607723,6.789288166713332,4,14,4.308582519015954,3.3102389423413916,8.800120260742705,56.59232628778127,30.658683562871424,Medium
6.761432184399923,7.276552327813227,6.716599629865536,5,16,2.6118072329767723,4.908492195211808,9.691524122704136,48.18567017867772,33.76634549475097,Medium
7.443436733120643,7.874212266200284,4.313795390674262,2,5,8.165169859033517,1.9888943364307496,8.469896744863327,34.43002655505513,65.80828719042256,Low
4.725036175868813,7.104244710136083,3.665581028771282,10,14,5.50383211465315,1.0552686839614585,2.1532424076176566,33.89024911059103,46.86625188296756,Low
9.215401639177411,9.316286072005127,6.563166810171668,3,10,9.674233671799566,1.743790285068898,8.69509834621699,36.58671516438524,69.07217253890428,Low
5.248330673098097,7.209432903967638,5.636279868419676,1,9,8.21718640313848,1.512075128035026,5.674220428719091,19.041635670468445,74.88205124543737,Low
7.325163345643944,11.185928192054762,10.314431774895475,7,11,4.780145072280493,2.7478092453142327,3.1727044080788183,63.82202333457436,52.693130103357575,Medium
5.354046208550734,10.930421006962762,6.073207313126158,3,12,7.667650367807115,1.3096408149975671,1.838404302635311,35.293005637746624,81.74548082767026,Low
6.116699759891956,6.21691302029099,9.628505655400549,0,9,5.080523435668639,1.8807909485590932,3.506588552169232,35.59513839693109,53.94943115280274,Low
5.744106353425449,8.13940853885856,3.65923280379132,7,13,1.718791555728382,1.385063522099268,2.236843739585934,54.12150048462133,33.24761056634756,Medium
6.088187108986273,6.69868675732761,2.8535741208765857,4,10,5.650129464023969,2.9470111130321537,1.2308012398128945,44.46708831311377,51.27946251996006,Medium
6.191315945276532,7.346704873622777,3.759829734948931,2,12,8.791557575807346,2.0671082883452065,9.88987914202697,15.351461146673753,72.31673961328835,Low
6.177596807612384,12.004854935289593,8.378259562906933,4,4,8.698971866653146,2.8840291927144617,8.483880235627238,42.395359616335455,85.38421277755646,Medium
8.250000867670462,7.384857165768402,9.512203179387068,5,6,6.174702222759771,1.3555524001779067,7.650543367871737,45.77990519668313,45.25668647599249,Medium
5.34270581040622,8.720452074154858,4.435641092094732,4,15,4.42021182773365,3.0674826640601482,2.737123940739509,43.172821490686644,55.88566845054509,Medium
7.3308121405208,9.082642588016556,5.078867940480885,4,10,1.0909054207933462,1.5202768074315225,1.2496279505576389,68.81408283284655,32.34556718181105,Medium
8.826938728458337,5.998741255033519,3.6620381795750006,1,12,3.8026880104556144,1.3973858056814388,5.366834943172219,47.080469091834765,33.39932330579314,Medium
6.230205453229906,6.2898090511815905,2.3767203057632256,3,10,9.908277195769609,2.240078202623007,7.675249869426906,15.846685573119185,71.89974062396035,Low
5.9231216638785975,5.587955257183762,7.43682339555326,4,6,7.538419299636949,4.497669905850376,9.665536270237862,29.942512181650304,57.166251090631846,Low
6.654213062229624,6.228058532204447,6.446040605924326,3,4,7.458297074425566,4.154085611709456,8.594953197428392,37.21054046827893,57.82992307023505,Low
8.769587812541065,2.2999397813656355,6.020975965347751,4,12,7.84975051298585,4.836599209197403,9.041521203951017,30.837254124367313,34.37161169387012,Low
7.291161446430037,9.089164801587255,3.19988692567324,0,10,6.581020450077499,2.840781057540639,3.147964729669252,46.03951685955373,66.84025647914541,Medium
6.203178558088602,12.10838768251214,9.279913363657322,5,6,6.272727914575071,2.249765692118802,2.3979341586103184,57.833057301256474,71.9097176462009,Medium
7.725814976782059,8.295641478073055,4.9932865239010535,3,8,5.082573298261731,4.883626927426386,3.230035930840346,62.84137003432645,49.18042534181324,Medium
5.346561775245365,5.167462281318786,7.067252849632951,7,14,4.995405943027183,2.527072313071405,2.2472152593252486,35.238954375134405,40.095348821909944,Low
8.022039265664421,6.7144472342001045,3.090877189510551,3,15,8.837636098934787,1.0364136248685236,8.18635441340613,20.333826204040584,60.51543471754033,Low
7.612910961552651,7.082246309950007,5.618949620759925,3,11,4.541106355271024,4.280434455246996,9.127387548692429,47.14432298837535,42.54262732848703,Medium
6.538287293291674,5.964830445573249,6.582748912477168,6,9,8.562626056609496,1.6768421638663304,3.7660782363554843,29.758540400718907,57.25748789144001,Low
5.742121302329154,9.720365276790313,6.654150436106615,4,12,8.539609830624434,3.8716497142694504,8.892335646451759,29.128552690225163,78.06451012080713,Low
5.669978616574814,9.620520088750668,6.30929708647325,2,7,7.9380837940735995,1.0604875618094405,1.4953166214302205,36.443382551607975,78.73536920016,Low
7.802226004518865,5.68909641236468,6.9890449840975455,3,9,1.3387815987710159,1.4439606564378646,7.096208856644591,52.46834010026487,20.888865770789618,Medium
8.843470753733593,9.450162088895016,3.7389590879340777,7,7,2.331750199632578,2.934254213183264,5.747438889062129,76.61672845067366,27.771799441999505,High
6.044038379456808,11.053625327154531,6.39474521087932,1,10,3.832346279678635,1.271592105919305,3.4906896605780404,50.20357240575848,64.09677622671761,Medium
7.687580055327226,11.805116410459119,6.227515366960555,6,10,8.627800080335335,4.554523582747945,7.913809858072935,51.76368426865216,74.13635081716066,Medium
3.8694594720968967,13.730424046171926,6.463345368390121,7,9,8.859334432205493,3.999476245074256,2.908425533020555,44.359208056775586,96.91152081585753,Medium
6.1230734040142005,6.196014701113605,6.144690434638363,6,12,1.3740156491994293,2.3127412480806795,4.745345386848005,51.324519639453,24.616616065290213,Medium
6.953411600693647,13.648440852790406,3.453574452173205,5,10,3.9225209781573893,3.390081657586814,7.388734024655947,65.7659314201859,62.82382769646762,Medium
5.635474874527249,7.2915872229824235,3.3644004957820526,8,8,8.653457841742636,3.862106941012409,4.0440608302767584,37.550340226896566,62.7820754559116,Low
5.595240437815606,6.815069089238971,1.5714636282308971,3,10,3.2472392413171445,4.0215967545116476,8.698241670307532,41.66559769048337,43.87346096296847,Medium
5.99833066529667,8.654144749755691,7.6350690196905955,2,15,9.784029759374187,2.5827038179515123,8.788843095756755,14.358403256881216,82.82709627085923,Low
7.43828909248956,6.835877331813975,7.655315019470398,3,15,5.403733899184246,4.595200882944772,2.822773777552174,49.07904460874383,46.61859572728946,Medium
6.719006472390438,8.798088281293053,7.68710058244424,3,11,9.43581420458569,4.767138920187898,4.963509897985714,37.32711111494439,76.71372358724199,Low
3.642653150012542,5.359845624525397,6.613579924922903,3,9,4.8594375492873665,1.7828610049040696,4.888113789608004,22.201063920490913,54.81259245568811,Low
3.818949771047401,7.522494795873131,1.7337615645637783,3,11,3.914190343788669,4.644955198956438,4.690406217707161,39.0436557960094,57.376398457514675,Low
6.089702233214237,10.571164468723358,3.946579016429468,5,12,4.2616915768796755,3.850722044009367,5.517749243676507,54.51277634538654,56.87144481809542,Medium
7.686529879080328,7.885877417137688,6.340830835186224,1,11,8.958705242776059,4.552552256549529,1.6692968267683228,43.99547136471806,70.54146280754973,Medium
3.0,8.283191573479765,6.271036005583591,4,17,3.9762044765949938,2.6990170729755536,8.830449958007714,19.156780820206848,62.156386886952156,Low
6.250404735772554,8.950517209434622,5.554503573695958,2,10,7.024115993137393,3.644790166281042,3.6092330051780017,42.58387023856519,69.29263371915913,Medium
6.210628215223869,10.34132325863532,6.737834405816494,3,8,5.228584139121261,1.9415191130089844,1.016311541084307,54.17596230484191,63.931141689781434,Medium
9.082506667312671,4.6895505756211335,6.023303415370491,4,12,9.475040698541628,4.004407009586762,7.165935394021096,33.05193003995427,49.797695509838405,Low
6.422467282430705,9.16904810367487,6.2415409311027235,8,9,2.434271248640269,3.3269340125883646,6.854248753847864,61.64500296380029,35.79504401543499,Medium
7.574483477111393,7.463721721516474,4.721869334335968,2,7,4.85791147091658,2.9237804475576077,9.848459919408635,44.590400230363464,47.50622538947258,Medium
7.211885710131195,8.333275790623677,7.964021972243181,4,10,2.1217043071280974,3.770726441091722,7.473224929667008,59.963288863280276,35.156461276540554,Medium
3.804150280289199,10.119900339524753,5.138456782639232,4,11,6.203254077641702,3.2093810845062296,3.994354973406504,35.103825737800356,76.39132479171079,Low
8.152310824947605,5.611626697176312,3.3387018339587473,6,7,4.626092722042697,4.061419488692337,9.573557966185678,51.637943039483645,29.711071852134697,Medium
7.323094758184432,5.974711117113821,4.458001974362543,5,13,1.5484350923597496,4.4337442672609715,4.288112193361313,61.42767244109645,21.345728166779374,Medium
7.762402959511885,4.1291400805723875,5.30306761727604,2,2,8.648542987900779,4.202425217819614,8.391202173168377,34.73559659231431,53.02789576939819,Low
10.0,6.901682116472447,7.988005576737693,4,9,4.37963304579795,2.2300265260436887,4.021066623206671,64.06677097425654,28.99638735683887,Medium
3.8738305907521173,10.660864688757632,5.915464003130414,5,6,5.442676668554175,4.9044768542545425,1.438374821411796,54.81097883501454,72.51075541410978,Medium
9.587044974641662,7.758825623053061,5.627703562068702,2,13,4.6676200193522055,3.5989650516500737,7.604063748949192,55.6885099708006,39.01735023526033,Medium
6.568828720899466,5.3197502086904285,3.5026731504747453,4,8,5.397874106049696,2.293865904335469,4.15189837676679,39.86551644156061,42.90313245379105,Low
7.430993356604514,7.028642510849906,7.570965179659153,7,8,1.1469267790129072,1.1703235011064193,4.049989291317571,63.62151388098043,19.110735247237404,Medium
6.931731632048137,5.0242765930187545,4.696095691953229,3,11,8.339135763771775,4.9523856388112995,7.442664641798501,29.461947104720863,56.53042139232524,Low
6.363645499902935,5.749627796537677,5.799944282117329,2,9,3.9907721075152933,3.39606957377109,3.8983407496305382,45.65088291369432,42.141770933033825,Medium
6.145250607641862,8.777637820527426,8.96036615376373,5,12,7.520155879835292,1.9101610500273738,2.062114337917221,37.905647925417995,66.0215845615222,Low
7.494263103359514,5.652253347387942,7.017526662098609,3,12,1.5839811584301855,2.964495204470719,4.640592267150449,55.28397830447962,23.278741808459277,Medium
4.724239454992482,10.225268610406603,2.7434919045696513,4,13,5.714427272482822,2.5901619211238063,8.414596355939501,31.104301075745894,70.42992464223823,Low
8.125868751282649,7.857759418339328,2.4609795272950556,3,14,9.179127748636636,4.805460958789916,2.171840392058142,44.36323498473106,65.9529955619428,Medium
6.375708392672119,8.17118940788905,5.871379099761508,3,5,4.5842323195331875,2.9706437806971286,5.990326981874532,50.375641932113055,52.073898302355495,Medium
5.304895991439463,7.443254064784212,3.57451877025039,8,12,2.775331090756275,2.93867066196241,2.1903336454934244,53.197838272166976,35.915702995378545,Medium
6.32498071300628,9.545695677087446,7.297093495265996,4,1,1.8917304140358753,4.178398830889138,1.4426456359553357,79.04518439581857,42.298014012751686,High
8.885723825293859,9.566319775554021,6.084526129929959,4,15,8.731791671392834,2.563646258654625,4.408387971087635,43.90953625310989,64.94319051657058,Medium
6.196997369475666,8.670108703824344,6.330769538047726,5,9,3.149256046236557,1.7860733935070066,6.920949846972384,48.767470005818836,43.9556982324695,Medium
7.53768042731443,9.129578211815296,4.586513636715294,2,8,9.775640003487862,4.073594807717054,3.474885998766473,43.34185042131739,77.92625875054054,Medium
5.90356558642679,7.575820660159149,9.482767310573411,3,10,3.2304050499511696,4.640434551802027,5.011580329636758,52.79456740051999,45.26677681796233,Medium
8.136882774885429,9.084406013818096,11.68518745602092,2,12,5.328918961685198,1.1829049953184025,5.421978322688104,46.2586598452728,53.367241697635635,Medium
8.028261608185307,7.324244449052387,5.442830552486571,0,6,5.121947186192502,4.439600243652391,8.571612532077065,51.19158363213436,50.02043036743372,Medium
9.772913249944617,8.004463244324803,6.706078496830002,5,6,1.5580865742985666,2.7514527832699227,8.370812875648163,74.83563495876292,18.344486008772314,High
6.736654081751177,7.450712501267406,6.194834686128625,3,8,5.786554778357031,2.156533911517791,1.0211248886583006,48.13417703829231,53.77239139185554,Medium
8.00298220713686,7.085562921361608,5.4806262731178625,5,3,7.053768817196833,1.156721348661904,4.725270947972524,47.54942533347477,49.52938745181033,Medium
7.147101309308417,6.621776404556419,4.335859064534406,4,8,7.679220969620967,1.8220910794304457,6.904819287640177,32.31977136346073,56.406576741249594,Low
8.943807672794522,8.93538020771777,3.8300640250390456,6,9,5.703325806798362,2.3314792036738403,8.671565535054347,54.356294992664964,43.8308858056079,Medium
5.921751418586904,10.621211825626926,3.7288054689489516,7,7,8.313266486092173,1.2827369703677292,1.4400800498601354,44.82113880171578,73.97755084969941,Medium
8.117507969315922,10.342203943339118,6.810480051098291,4,7,7.768877516595256,1.7551602598146623,6.654234865698248,47.66514301484131,66.37204704607785,Medium
6.7079540558249775,5.48686932810913,4.96065104359273,5,8,2.7457688087849883,3.9473617696085124,8.578175478095037,49.79658389629372,28.066837996645482,Medium
6.9037177343372536,10.578406102813746,1.0,1,5,4.614415137086562,3.7474432649317855,3.295684185250369,63.58537292513128,62.49432428599925,Medium
7.137628726672559,7.363682996764142,6.8897164411966445,2,9,2.283236660878396,4.079355668957016,2.84730698229991,63.544669883872,36.37983639149837,Medium
7.378360594640016,9.201466030291183,5.923477435071688,4,8,2.200812883938293,1.6610311212939237,5.210644488459425,61.793519688869004,38.025018997559634,Medium
6.825656435317063,6.187569335905578,8.693346002802292,9,13,7.4091461916089045,1.1721206661117698,9.663216235961885,24.31206676367695,45.66288472582969,Low
7.322069774755789,8.28395982774801,6.746244794182019,3,8,5.774132191398264,2.8743594849563774,7.235977550571596,45.972423899506445,54.264436009495945,Medium
9.367177086343277,8.627446365793814,3.0426528073794055,4,12,6.4085482763029225,2.3711389404286147,4.820365418245421,54.12583747579491,48.02059291633369,Medium
8.478174528422828,5.030790416160695,1.5406467185400379,7,9,7.589658549453302,4.106932319815139,1.1877651994975045,53.191425046216814,38.87639082154778,Medium
8.303731888745345,9.21653433268838,4.561055231324126,3,6,3.495114389455721,3.1553070369178737,6.010532770940956,66.30836740287161,42.29853262467162,Medium
6.316690710964194,10.691870015676631,4.749785158612695,5,8,4.612257627873901,4.724721239617697,4.139092016172242,63.60867362142636,58.0612937630542,Medium
5.666138757657514,7.650704108636744,7.886318402000334,1,9,6.461227800852587,1.244825563847248,2.6714227793773286,32.36962751558908,66.09565318626595,Low
8.432950837356628,10.720336261656026,5.982258135420853,2,12,1.8696608327652506,2.4547054611725216,5.501332919820058,68.103774475416,41.142108164437055,Medium
8.314070188794691,7.620613013095185,8.267376996197019,1,12,8.497486730757313,2.6209624057413032,4.072443705704844,37.545671544526314,64.6076107281464,Low
9.209006013626473,9.699169062093235,3.3503338885947307,5,6,4.0910466176998845,1.5035577362401158,1.3485221451273588,74.1627405112428,39.431835383142484,High
6.094029061046156,3.562860068097801,7.930528768760896,2,7,6.928776856313555,3.3320635259670004,7.529554182085015,24.45689484341033,49.668328459459474,Low
6.655677016959479,12.837555558626928,7.441978306861839,6,7,9.960084116711343,1.1608097789163319,7.593246279662539,37.51464014280198,88.90408443516372,Low
4.540773756211848,10.990916490485914,1.9635317771376073,3,7,5.27826200839584,3.8509005142078867,6.569483047828529,45.48779297560648,73.73529006352393,Medium
6.41129334090869,7.430748991492642,8.645235682521545,5,6,2.9354360436018894,1.1497726430620911,8.567385881466084,46.05178997623702,37.42523353169844,Medium
8.49485576586917,4.0558219467123635,6.186916983532705,4,9,2.9479005890366308,4.4938882237740305,2.8286338940290556,62.99457095788171,17.959941407699233,Medium
6.300256931157703,8.576056736610978,6.784089007737012,2,10,1.543385945673824,1.260107886314605,3.5758139645271756,54.22674118742531,40.806580967153515,Medium
7.960719692801236,5.112148905852486,4.270207775143154,3,12,7.903740708968141,2.8253976593802226,5.127902045889988,32.50731619013551,50.29925078289901,Low
6.7142453410032825,8.889707075114977,8.550494025843944,3,4,3.640882060828246,1.6215415952874355,1.5415766558846173,61.02179173844373,48.63565787935447,Medium
7.486085542332341,8.823131438328565,3.6282953415222603,1,9,2.5545318628247418,1.5324889806017112,8.951912019173502,49.894106188072456,43.42618820186875,Medium
5.278462915276499,6.11719366199595,7.664184036747892,5,14,7.423264304339694,3.8848627567918723,5.415657471158635,25.894441124989235,59.47670948802212,Low
7.127814174450852,10.241934047228755,7.641214951817343,2,5,3.7822297727272067,4.097004167770037,3.921969180497053,67.98139650180056,54.37019099942469,Medium
3.0,9.611149405612347,4.051665143655556,5,6,6.404220528979501,3.9567963483397963,5.301671026267262,35.39537452953861,77.11773015943412,Low
6.719655762757022,9.951646674577127,9.966747198845148,3,7,4.760435924518051,2.615967405059132,3.9261683956261466,56.08516641739148,58.01426696636464,Medium
4.55429013442729,8.017715407337791,6.463056960435038,4,9,4.00737456711793,4.963144148515641,3.5763707838941623,49.483050940912825,54.65879256277507,Medium
8.808991774820225,5.168951866172587,7.307785220542049,3,8,5.4048663598506375,2.3598756703460224,5.032165953313311,48.73376963074254,34.60418567967858,Medium
8.166111029146768,9.955744544422275,2.9457584093284885,5,10,3.8241391543497745,1.9811182445810558,5.337142051465612,61.704930450575866,43.54417595044677,Medium
7.700006472949122,7.459257201728418,10.23546000601713,6,10,8.835084272282653,4.986021686585049,4.900108540350498,45.92478105742758,59.10631503204399,Medium
9.28150934073907,5.220439713614661,3.5508861195498205,7,13,1.6573627398261168,4.909107221120533,5.93137857885578,70.10108560239648,7.015403313359127,High
5.576625218762744,10.704078731948652,8.04977286553186,4,15,1.271382624522141,3.367343897938952,8.050411020563667,53.4742308458726,46.730257601240424,Medium
9.621044796873338,12.19881504100502,4.010456564136609,3,5,4.657537246451675,1.836156713146019,1.515413724982131,80.37069057451211,53.3220153520897,High
8.398287346390577,7.917503742041594,4.762022394304635,1,7,2.5555927149008415,1.953995395678822,8.303668179512416,56.5681704132154,36.18181628880257,Medium
6.645167069171581,12.318242309206584,7.5775080877708945,1,11,7.693538095205875,3.0835417803711063,3.056809531205632,47.8934288481854,85.11669719639808,Medium
8.703430220774417,8.1826294572227,8.055105427350314,3,13,4.180905196508312,4.104412817064145,3.2688362490136083,63.21496989923229,40.142528304926635,Medium
5.340559731382548,7.239088191667298,3.457431501771796,4,14,3.3529394094588447,1.3098165776121462,6.395198401601359,33.21933893564258,45.2060043619411,Low
5.7632287577084895,6.739083091629045,8.180944338113989,6,6,4.234433168825465,3.7506816021494305,9.781041724982495,43.46220081736374,42.196322860361036,Medium
6.087115415140449,11.274164815985484,8.089960990266388,2,10,2.9753553817902345,1.41244339729806,1.156594001972488,59.085035464624816,58.67808914898407,Medium
6.206533437903977,6.439712237224456,4.124093182310215,4,15,3.6968723109986072,4.376442977639325,7.0582023065285675,41.736072600444714,40.23362114427055,Medium
5.415163535859621,9.470538619949975,9.19729518718222,4,12,6.1118675683333885,3.1284728889852564,7.2720748532440025,35.70909101733271,66.63600613043096,Low
8.834624600642988,6.881672329881583,3.086284743503924,4,14,8.77629291362579,4.958776361877365,6.162866164069021,42.30574819594982,55.50079996901233,Medium
6.611718399445253,7.079386474851274,4.750454834444769,5,10,4.337824230251026,4.011928928912681,1.0872110295659823,57.31685689767443,42.15309305422556,Medium
7.528757452535319,10.060499387939133,6.958005248183977,3,9,3.886045995197173,2.9889146295241393,6.457166171079462,58.8450440189188,50.65027301112851,Medium
6.1444729503794795,7.2399263074212925,4.292867430594788,1,15,8.03610890780416,1.5647085977651929,2.0351917814737908,23.954766145824102,70.2580356423532,Low
4.269095049177224,7.190409241159413,6.5276381713586815,4,14,1.201837452021605,3.169582610943773,1.7026092033166003,48.21070461147492,39.071873451685505,Medium
7.405086037587133,10.265609394349614,6.48215215760659,6,13,3.7186869287064104,1.4577789444489375,7.2645542641445315,52.38131375340714,45.59452972829922,Medium
4.131617536870335,11.194794586443246,5.625851460154559,4,19,5.069537366898104,4.620649599528358,7.302111000563818,34.65898284477971,73.37803953917226,Low
6.897048930871797,9.289379606568467,7.664801077181119,10,12,6.405955091641977,1.920270997162557,9.009206813743035,41.53159570635466,50.0089988723622,Medium
4.947527441750784,6.690460448752102,5.543278414684722,2,8,2.404553768008243,4.461466720736462,1.0304242201838458,55.17768766011795,43.90097406615606,Medium
9.980913998846212,6.978783001404841,6.4630821376276115,6,9,4.895689582497621,2.2156102266692255,4.408838687081875,63.72563026848036,28.214126664584356,Medium
8.367044083262083,8.159830527480075,8.292943754975806,9,9,6.096704201937141,1.8875942690521157,1.1104479905975997,61.31693349790059,39.86301462851133,Medium
7.1586306869072205,8.641860123851314,7.5813724200516805,3,12,5.592254126262421,2.216944554913347,4.2819629157482,45.127096789463174,55.39086730730518,Medium
8.895560016482003,6.0242681797204565,7.572034581628417,7,7,6.170959702419125,3.8302166289601094,5.424921445011604,57.63750868533215,33.77899329355875,Medium
5.730526033801397,9.446075879159729,3.7016407955664397,3,9,6.961584407153698,3.1008622759765525,5.767562453950247,38.48453789819599,71.20160723875428,Low
7.815219068005139,8.171026659279198,7.049585151002644,3,8,4.414354022183696,1.4298899495324404,4.203394422099348,53.28832324302737,45.05899844682496,Medium
7.2997156505780705,4.568583362723741,4.243002418060991,5,10,1.5727216759839338,1.5482360690373853,7.527712312958393,46.8807685507357,16.390389605346822,Medium
7.396030122000505,6.142147035078539,3.4371700404439474,3,11,1.5000065407562808,2.5141186905460042,4.740354304760964,55.82229714182149,25.091382364331828,Medium
8.908530250160151,6.991742652696672,5.856587307430063,5,10,8.728431823178404,2.354174073254734,5.654138880819163,41.0399481742694,53.513586855198156,Medium
8.098738154169704,7.8542846223178895,4.191409626696821,3,10,7.096772951456907,4.406941645624055,8.200788408875507,45.28810529741642,55.83859682137351,Medium
7.433085494237535,11.778557591007992,7.581235437679954,1,8,7.877662142655284,3.289012761959293,2.568724897009604,54.326673102048986,80.65099992236738,Medium
4.517668845657556,8.476342612279257,7.6290709193906485,4,3,9.359241579371819,1.7468599443527175,3.8880570930563776,27.11616612055643,82.76546105650947,Low
5.559930557080804,6.31845622020275,2.194747527137116,5,9,7.7548996297507395,1.113371996603448,5.692866406012274,22.84822273701344,60.63622224970789,Low
6.815936599606414,8.441261608614326,4.34339492084622,5,12,7.230711415731065,1.4094524223187723,7.908564024684397,31.01067538753195,60.48366650754261,Low
7.1400585614149765,7.295824505092238,3.0804266561640024,9,8,6.901826850157612,3.8016467336398447,4.828198847401059,51.15030947201647,45.902199602231626,Medium
5.3046944129891145,8.649516479067083,5.074741446814219,6,8,3.3271604620822974,4.388389068111083,1.6549009504303132,61.61493566015708,46.743975603549245,Medium
10.0,9.161135374071229,6.910351339737649,2,13,9.615646645728019,4.130152011619862,9.89947478684862,41.79167065345576,66.68505022781062,Medium
9.27459108288036,10.418461294447876,5.515423803643223,3,8,5.878398772593726,4.159501902300364,7.371196504146038,64.764269902632,54.24817686997802,Medium
7.903177480588726,7.951427008659948,4.820481518665729,7,13,2.9986650515674644,2.0438437843242716,7.504616223528598,54.04027517730965,29.565894751294664,Medium
7.108055291925617,11.277921055199666,8.600353053626279,3,12,2.888435899655228,4.956344127393201,5.1859442036932215,68.28955209530933,52.04175150980341,Medium
6.681686545148272,9.816045325072382,1.390285654807423,5,10,8.337393203446359,1.345634147242336,5.923360512483814,34.770442750983726,71.55010396202768,Low
5.572122309966646,6.5851209103756245,8.47374378703645,0,7,3.251877413106518,4.284381347447459,9.946435994051601,39.835491871984296,48.669581786486575,Low
7.1162207777782935,12.419711331496927,4.911423413689029,2,8,1.3728375808825761,1.3872690957914302,6.356041333097057,66.99924806498886,50.611851917375205,Medium
7.386628810214126,8.653989026540195,5.843781979774421,2,4,4.855710455511823,2.070125218784274,2.970365194764595,57.67284954457467,52.68247568627211,Medium
5.1373591367775635,6.32975099205553,4.945273324559783,8,6,8.3561540925959,2.9816561126676184,9.67941765747328,24.315893503993752,59.922134809976534,Low
7.501264625867346,11.305826102460843,9.085776211078237,8,16,4.729956770674084,1.2133630830559858,5.839864142014981,52.32589632253576,50.291876273760735,Medium
6.7671114267628765,12.15555517039689,3.538043006389481,5,9,8.231928198417407,2.5766853817728994,1.186060139874368,53.6211634243752,79.2757738474635,Medium
4.138288663183913,7.933949472560879,6.023472739443871,4,10,8.4448987818553,2.400457528779471,6.1601633019128235,18.428737041784856,77.91156239450882,Low
5.709422483830747,6.992699479248808,7.054877303719993,6,16,8.719364465104666,3.588688327053559,1.6342804270557574,29.564351259414153,65.36824030489183,Low
6.379591699867533,7.655250085092676,2.777994464229665,3,10,6.300098566894186,3.8720537208784065,5.74829479318286,40.963956414173566,58.57818468755072,Medium
9.831531486010284,9.4294634550354,4.160203659107693,7,7,7.295236931551832,1.3619812017230974,8.427985154815351,54.92763295330284,47.809059210599514,Medium
7.834829686800637,10.555713310061028,5.703642933003541,3,4,3.356731547529183,1.1522739153369583,5.849797340369972,63.97788147697513,48.56128191090232,Medium
4.9967776463501625,9.140974661727148,4.2266699306312505,8,7,1.897281487147537,4.103565289460322,4.361080005186983,64.45611497514419,39.17808936433245,Medium
7.729054434126455,8.203446416943539,4.3688164575617,6,17,5.795024717620762,3.1119655483969355,8.943487757523226,39.750287892385025,46.80284327188057,Low
4.679044016592451,10.996023540608855,5.300274673847126,5,10,1.0952370333819483,3.1385470141322735,9.348310701366817,53.70442121291739,48.95408969224791,Medium
8.62403658083061,7.374327053896955,7.299162663292346,4,11,5.191640658571301,4.922866684833544,4.127418841597874,61.38774806892481,40.62821305808566,Medium
6.293313022273182,10.061838676733814,5.314564446243711,4,11,1.918842580626182,2.7509661269984096,5.49055705579297,59.302313008711025,44.466554498913816,Medium
6.859545716891244,7.423874403297443,8.156852388945893,4,7,1.9757826982455806,1.7847700858879225,9.84630066480763,49.69995935735047,32.60641926223168,Medium
8.988694971313285,8.862045916021787,4.004484434681291,3,9,8.83705074296904,3.722564557622553,2.6029076129893873,53.691257272427016,64.26579947773129,Medium
5.069254647123625,7.772874870419097,3.496155479053095,4,6,6.764663730754319,4.262712245652525,3.6833791240517044,42.38025210059144,65.0766553669309,Medium
4.904322722330513,7.888295634694378,9.852690811442269,1,8,6.8071086878324305,3.0094431126897376,4.855802101070834,30.93017935730149,71.93823018498058,Low
6.124601010480992,7.24522696507558,4.684083744668977,2,12,4.640290079402444,3.7672583598712026,1.9079946767422036,47.05062182433456,51.859486717761804,Medium
8.557568276528976,10.689708062361388,3.3781759858556804,2,12,4.71928891543762,3.0557256206218586,3.4483831167182033,63.45889294273043,54.477432408289985,Medium
4.720980886784736,6.53414792378293,2.5158921164563393,7,8,3.7279692352837985,2.629409033700505,5.902198181691517,40.91066093538129,41.59178914360441,Medium
3.0,6.519535494902583,8.150206907617878,4,8,4.909226799628719,1.137111695747954,3.0564825435139755,24.57414421424275,60.244035122147544,Low
6.323261712386502,12.24198713169022,5.317390970679882,5,10,6.284125552661712,1.694970328008262,7.17656486863459,45.632085908908806,71.9417331458804,Medium
7.82761119986638,9.955695129308662,5.492580529867203,3,11,2.6793015193583165,2.9190699563024394,4.129043338860308,65.73210452812015,43.059917899491374,Medium
8.800392624608243,3.2297726026139273,5.6815965768267205,3,12,3.355151022261301,2.5861142950347,1.80815442676148,52.61528264824394,17.4465162896758,Medium
6.305257956871902,6.869482521579193,8.025885769339563,4,9,5.452785425603812,4.371535072656268,7.880797223826377,41.913638827656214,50.00764759692661,Medium
6.382860089325996,4.376021324875891,5.640940332048159,2,12,4.463022718229674,1.4337837035794712,6.106746737592724,28.081646319959734,39.321393614829866,Low
8.730851101383621,6.0986186131694895,10.688107557665251,7,7,8.37537862141048,1.2005101383712309,8.423823544658159,36.43968702736018,45.57688504740539,Low
4.195387450456869,2.0,6.267521148108458,4,11,8.39518324369132,1.3485490710663175,4.241364554168744,2.4307755189055285,55.584064705846934,Low
6.417218837225486,7.7260208446121155,8.123569533916642,4,8,4.023928367478819,3.71237067862373,1.1744149183506583,59.067867368658675,45.66780990217361,Medium
7.285635834887587,5.716116361677377,7.610479715808814,4,12,5.057157520118435,3.3778939106910943,1.4201964453951517,49.183593307139326,39.61226688319838,Medium
7.673828081927551,8.119810513592876,5.9271053594839245,5,10,9.789287482514654,3.5288813123170812,8.159048396876415,33.57945476167951,68.17210258120232,Low
6.235289960213676,4.74975748223495,4.826058027959073,1,8,8.447284749574575,1.6276858364660507,4.69577090901509,19.853925976672894,62.72130923664433,Low
7.051661517558762,8.16582370634408,6.663927857133107,5,15,2.9409437482621374,3.065411071979821,9.787471346996186,45.98743980442117,37.40801777214954,Medium
3.2675089698805158,7.170167443759345,7.020197462414546,5,8,3.5220607949865803,4.070680124103955,8.47277534257244,34.278938056137484,52.843003096412275,Low
6.012627381499227,11.003905930377192,4.854827903746946,5,9,1.7513230441747294,3.735505450067769,1.145096943796581,73.62101861045524,46.4766098966706,High
7.680263068831701,10.82271372349125,6.3326777319013114,5,13,7.100408283555969,2.75475121941985,8.829821800891128,43.66903600262917,64.89750757098537,Medium
5.52655894861798,9.570691206020566,8.472409956519192,4,12,3.852057700308916,1.4140020533785194,2.915795564876788,46.03960872184032,55.43743298007221,Medium
7.0884763323843964,7.346772438677575,10.139895478139358,4,12,5.829356684079251,4.482600855703908,5.376384364861281,46.902374418918804,50.24918260581972,Medium
7.670308751204047,11.970760790520586,7.708738640698843,6,10,7.913280537265425,3.104817367375937,5.555092131439749,53.8256903063539,71.31397704917944,Medium
6.486176198713353,4.893929444320358,9.725519372760564,2,7,8.5243156064172,4.558643039181465,1.5374908193982741,37.10148214720052,60.71255521829537,Low
7.255695656494856,5.192882740872674,4.7412515775870885,4,14,3.9282790966622705,2.7548004453120463,2.130990817799016,46.68757443454044,32.27579325427528,Medium
5.555901152073082,7.832433800221871,7.4037645041185876,1,14,3.135222433669723,1.9480520997504218,4.807426612828605,37.93959458838407,50.917098132902204,Low
6.69008308045593,12.508076217842238,8.677039017162544,2,5,8.636827353506744,2.229652040964643,6.783587888998134,44.0564857609327,88.41107118788123,Medium
7.915324254383834,7.595322186259825,4.207333334056008,3,5,4.431437304336441,2.672597309597796,3.379752796063064,60.40692157210634,42.594279434439144,Medium
7.235459441452651,7.633509513581436,5.028819775909982,1,14,8.39798326341276,3.4568925327600386,5.737608693448174,30.388797990519212,68.79795310172383,Low
6.120203095654096,5.116179287776381,9.4758095236705,3,6,2.3478683557732127,4.075643953023939,4.412218407358202,54.049263484223395,30.953936171335926,Medium
7.3363246064361896,9.891859170540757,4.04980228842612,4,3,9.207184693384225,1.9705625274091871,6.6732715517722,42.09683855505976,75.12653379032088,Medium
8.071914685954926,9.906352508658708,3.3177399346885785,4,9,5.348130914151408,1.7508876826487856,4.819935711662858,55.73280290980386,53.085182386278895,Medium
3.925088082133783,9.57815040279982,9.055963147279023,3,9,2.5312005100163795,1.8106351160306646,8.664697899295096,37.04647598454265,57.699675281014805,Low
8.738611097433846,6.741558654305275,8.393526449960877,7,10,5.815613352362089,4.737999116046069,9.853696616946085,52.866992271206,35.34899437956331,Medium
6.495617891978392,6.5865864632539886,6.864240487967539,4,8,8.830143837363355,1.6557954148243428,9.217466492715912,20.72827542216459,64.72186000513813,Low
7.638234899860345,5.413755499190059,5.908578490708345,5,7,4.503925618831818,2.3829730421590574,2.517438118796432,53.59144567307723,32.430752407152816,Medium
8.795870385467842,8.167745003521867,5.122950988790036,3,11,2.6025535626810963,2.943470481129922,5.114599107613894,64.95014487855269,31.94588769441755,Medium
4.942489454154301,5.839185341442997,6.563897747618102,4,8,6.1890054864561765,3.2248139424846545,5.129359485920968,31.407673947540903,55.6797363142675,Low
5.93583849635868,5.645166989501423,9.1596139148031,3,7,8.510204004243391,4.432340573616493,8.564197525728707,26.12148383643669,63.930865265548874,Low
6.567176956186443,7.152618566178648,6.477132252284152,8,3,2.092183984320865,1.4515353737566103,4.214703914376669,62.88464194285118,26.074143075260036,Medium
5.824369718313358,7.021687649631568,10.333918534493932,2,6,1.3726747688735035,1.4320535726528103,5.946416824439344,49.41502063053435,36.291722658184355,Medium
9.602404863755213,6.92404294235609,4.20411602871954,6,6,1.5066414422365928,2.265638599536426,6.483511029097894,73.8135655094785,13.007810313082704,High
5.714841859259811,8.932889193680523,5.960638491343461,5,9,3.0743984773041033,2.6528058300941204,2.003687070374839,57.43876724724394,46.62566083252733,Medium
6.1666798307697,8.15809560430056,5.253882664672169,5,13,1.0657180114617189,2.4951026478631304,6.021650175348742,54.22191653017096,31.977631689061685,Medium
7.306583547404465,7.423687938977765,3.8297169136753344,0,8,4.85805492461159,2.5676072238745205,3.2215733951916894,49.11981886564914,52.1900995272469,Medium
5.196775710885866,8.366025856622963,5.6938325339806894,6,9,7.279745085288252,4.405820004310061,2.8595519230731625,43.38467862677054,65.55932511125839,Medium
6.406478932365604,6.016945917790736,6.83465860332088,3,12,7.394123703441538,4.346673278783868,3.252840221370443,36.2386652380104,57.801754636841366,Low
7.476179891875263,8.210557247819356,7.04846035990406,2,14,6.730403709169958,4.222005222570836,1.8941679880080475,48.31877761854842,59.86514572545718,Medium
6.500709393426233,8.301204985689267,10.340904357889112,5,7,3.6658012113550615,4.021122671140352,1.6275722555975833,64.54130164033364,43.82870210805188,Medium
6.859919711650077,4.993906281285039,6.928934939447119,1,8,7.623439351375759,1.16155705960914,6.821797324604896,21.92821997292201,56.895311645196614,Low
6.206001831327444,9.991387508740724,8.300273607359232,1,6,6.188388108624459,1.5975508109036487,9.468809774987319,35.81193238705986,71.05315158676302,Low
4.72829453622885,6.237132589546009,6.132188492597952,3,8,8.75061277090629,3.9287705737558496,7.191996590296577,20.14084272758695,72.47386010980968,Low
7.482389817008858,8.18061959841287,9.35611120090519,4,12,5.302049639673505,3.3793756933159056,3.8067004775146556,51.95598572850068,49.03913804824409,Medium
9.632399607470862,10.32882348107054,10.79689857117614,3,13,2.6213257892400676,3.695778311572917,4.01541935469755,76.62734215922362,36.39956235793901,High
7.027602446175157,9.85135351542774,7.062170261951899,3,9,6.711875497307564,3.8677255436766056,5.872502829017188,49.23208762178552,65.89865718940156,Medium
7.337896175871324,8.06866677713767,4.014681969096838,4,12,2.357058064186517,4.645458838869402,8.79671688680505,57.69818387559633,34.796473715405455,Medium
8.039084132675288,7.275001994235863,4.902389954445663,1,11,9.668303601473973,3.540571781182724,2.82218095313724,36.827588644753874,70.26155235752675,Low
5.096004255179951,9.895023817151134,6.563868606410324,2,10,7.329566707906275,2.1022697147022416,5.2166022561462695,30.811524727468758,79.22404811091394,Low
9.55377198719441,9.349389955617239,6.912996070501292,3,8,7.806896986802028,1.3320637480860142,5.490520501985593,50.774712076556405,58.57816295639652,Medium
7.303493194634203,6.7632699599117405,7.396850268768744,3,8,7.113415982206672,2.728338916351115,9.381012599881988,33.464935644884534,55.319541909963576,Low
9.447785348633664,6.410212705996619,6.9203953624600825,4,9,1.8780361293121057,3.839398261780347,5.82537590341982,71.10609538015575,17.283341869964,High
5.900450506714016,3.8552896366080036,6.0139698325118776,4,9,5.187698375095675,2.127605602944848,8.027728059412947,25.986201602439973,39.351990063799605,Low
9.727092883836736,8.308063683367175,4.727603117595743,5,14,6.862737186211469,1.4803172628988852,1.7902106190932556,54.41633138132615,45.688424947525625,Medium
8.162733241052175,7.834604509963203,6.802276522528459,1,9,3.0642028577646347,4.994969641871913,3.942312514834134,67.2994344225622,39.38385236806071,Medium
7.829560128778538,10.272382749285084,9.709974714961312,6,6,7.115518962185114,2.6754974610441926,6.50281107950264,54.472582229339054,60.46515641934138,Medium
7.351036681529722,8.718110186960732,8.039857210855509,2,9,8.378969277148105,1.8652591659021507,7.098741387280076,32.98411387113533,70.35988033857517,Low
6.627207072888326,10.668458388345382,7.069407899272396,7,13,3.474369814764656,1.6582237551607086,8.966909356228918,49.33627487779694,47.37804345160907,Medium
8.80079748771081,6.605271544167659,8.059133847645501,4,11,2.79642970239182,4.451129519598046,6.313813703403216,64.09575724722676,25.285675209765945,Medium
7.21053980477207,10.276300661935236,5.257871942198295,2,11,8.948439801414002,4.278415513047255,3.6062128955632735,44.919657522651,79.49202937216761,Medium
4.049395444619272,6.94216724179069,4.983469707833359,3,9,1.0467504348811048,3.453282356251006,5.851857148270518,45.60544071450118,40.18069982758,Medium
5.3242203074394965,9.555192123584543,4.504429791268036,7,8,3.3017234356893583,3.188742044316275,7.403770083623587,52.65017885419853,48.028305036358304,Medium
6.721231371710879,5.0824832149386125,5.749426754461124,5,12,4.660573583313246,4.805756019153366,8.059106851460129,41.32116853103904,35.91752298625811,Medium
7.464998474748333,8.470270598732377,5.155988206581839,2,1,7.0503374690820815,1.9130704934309417,9.501258436204068,42.32568121485112,62.43887554754187,Medium
6.915117266650157,4.0306241171081805,8.416549481304278,3,14,9.973571450137047,2.661574383860726,2.716773783985393,18.146560937023068,60.96503672679498,Low
8.828456184690495,7.46572502811649,5.0493531646356224,5,8,4.337365554124082,1.0986600072856225,6.948506446666804,53.759519727076245,34.05483663422399,Medium
4.073347203942063,8.880707987755827,4.394556567550167,3,5,9.539278534355674,2.6743590686651757,2.8027787997428493,26.676268704627482,88.88493404309739,Low
7.2153819047577405,6.9580628975378085,9.885154357661264,1,10,4.300968539424033,2.5368660809227688,3.8608509608962134,47.36046320063323,46.29432991429993,Medium
4.273031161919268,5.899124742488065,5.097249537837313,6,12,7.259763310156189,4.797972957560432,2.2848804912830376,31.44968017253287,60.34868252210652,Low
8.139568443226253,9.692236938591867,6.307056914500702,8,12,2.4883031559201463,2.4329297421475213,7.956943695152987,64.06552196076635,30.613063895645993,Medium
6.858311928336996,7.793074420306153,6.902645649486823,6,9,5.143670727262794,4.339157037388308,9.225995684301246,48.08803315767092,45.83502099975974,Medium
7.629414958036177,7.0208587059386565,3.7266137621583697,2,7,8.841461667753341,4.066374638058857,1.2693592202600175,46.145448759995915,65.18777686639787,Medium
5.704175559115351,8.083791842308553,8.47096753900614,5,10,3.879949420664283,1.589088199931946,8.321572313481177,38.363857930155106,47.49940451596161,Low
8.919197397486627,13.273338283891178,7.274238080822455,5,9,1.946823388126596,4.850868891621184,3.17579844802418,93.88020541780955,43.308291754490796,High
8.562586996088276,10.307005699563089,9.116768023761564,2,11,5.704420022762769,3.523863000690183,5.382722884912924,58.47466988837034,57.88147657831828,Medium
7.875316454517831,10.32514733637568,4.641556125563799,4,11,4.955812176556096,3.3862021091920145,7.7339726171335785,55.7041850687109,53.54546236998805,Medium
6.8057241297048385,8.871092637984727,6.19825158495232,3,13,3.0658566710756476,1.046821776370399,5.561688898309424,46.37499489926293,45.35273200992094,Medium
7.869785927942698,8.332970545154295,6.07871150998839,4,10,9.150537035324486,3.796843174574109,3.0812490901287264,44.99456693648996,66.82099394128926,Medium
5.939661148018977,3.2078354233391675,6.527776988700044,1,13,6.415180643622278,1.222515457727639,9.155491308280153,8.482990494389469,48.34445738794032,Low
8.283333488531069,6.642039307073736,3.090770502845678,4,10,4.124562596499454,1.7415232474006213,6.342243786318051,49.46485467701577,34.15992041887985,Medium
9.474221341485881,7.0388511735950505,6.221672757384445,8,13,9.965181151485465,1.3944839303489802,9.3813002488462,30.97055374111134,51.806449190793266,Low
8.60591583996878,4.250215871904934,3.1470721771525096,6,9,2.2380958294812414,2.51282369219364,8.619772041426028,53.689573138716085,11.035258173058075,Medium
5.905596295288886,5.685168419569132,6.716668142393843,6,6,8.63156361325325,4.182846008531472,8.889288782991422,28.45983288006942,59.28307304133015,Low
7.542125975909654,4.0383270581547315,1.7427017509629605,4,13,3.0756244220544255,3.8295261841059447,4.255414614915758,49.31177081429132,22.612953888190717,Medium
5.060287684362028,7.923352328605255,2.296826331418827,1,7,3.155561721126656,1.4267805732311922,9.885836175128524,33.33693264917231,53.479480313902336,Low
7.858585466763514,9.637531941697633,7.6370974328799965,3,6,5.483459784164924,4.193844771135524,8.671550173235937,57.10142360834075,55.515991141670796,Medium
7.675905119293808,10.213549037248658,4.906323089610435,6,13,6.957477728357671,2.8433885620264037,4.038462923672869,51.240857922019934,60.132862824007084,Medium
4.1952754907017535,8.829568924158483,4.024283852735518,5,5,7.2141678776079035,1.1305231115521925,9.067738217092757,23.19184754511496,73.08367178817781,Low
5.257324234131454,6.073207317602862,8.541691242151096,3,13,1.1991487249242918,1.895305841052957,7.797635472891623,37.1646346499999,32.544147123944896,Low
6.575291654884349,4.135869682960081,6.65525243465683,8,5,3.5817215787775645,4.140742111871203,7.52623323178451,51.014256372215996,22.246078464338495,Medium
6.54871037928876,4.486262601196996,7.744180391067568,6,8,6.945436677462106,3.9331989556924882,1.056032474138979,43.913853010319414,43.835708385872394,Medium
5.185784596871792,5.462034845491003,5.667515855358339,3,8,9.007613143190131,1.753404492583571,1.2031112591516937,22.09032537535224,68.91812224190357,Low
7.583468094028276,6.222280603928651,11.359257387800007,3,14,7.029017995656724,1.1519962595108977,7.253132804827154,26.111924852896152,51.712323304880734,Low
7.3772104134107686,7.680503004016827,4.79097227888041,7,5,3.3929318327821223,2.180807775943567,3.5081519040260094,63.97302329712535,32.76179414854784,Medium
6.7085963020322215,5.971671563746064,9.488991098719776,8,13,5.569954740889458,4.1797075887846695,1.5266651245039682,50.41478691961723,38.18616346391753,Medium
5.866312749762455,8.677951787336523,5.8772679198001745,2,7,6.828187768708629,4.753561928095129,3.573559546939991,47.14597063500673,68.97725247197566,Medium
8.573060689624846,7.535452994401054,2.690979210174508,3,5,2.2180541580732216,3.2915425397142233,8.541185269919417,65.51769262243438,28.688822803934684,Medium
9.483110669632442,8.021091423482051,6.9656974914962175,6,20,5.904162129405785,1.3644154198779468,5.235506174452027,45.117793996718255,39.13602082679034,Medium
6.274657774230194,10.28050110534241,6.629525122910327,2,7,5.244996052473952,3.0083446207244378,6.540213328050575,49.09157200487388,65.35303808848609,Medium
6.081749624267768,5.63953653159926,3.8973563715215405,5,7,4.029832312672124,4.9951654887570145,8.204548728440828,47.20087203857475,37.618263208144924,Medium
7.736811498117994,8.837409156584737,4.15556144573057,2,15,6.611839014329072,4.754676049964775,3.910370246960163,49.19668650250853,60.47126518047937,Medium
6.462955930379521,7.972053543047854,5.950604713830016,5,11,6.725946637274163,4.9728440156062215,1.1003131739873406,52.19898890599064,57.7955535700737,Medium
6.790904199005149,7.3330274380606095,6.699495630495963,0,13,9.743229154362803,3.7976588428728517,3.909889772298599,26.383953063919698,78.04208963159472,Low
8.109479727587008,9.770512641731921,1.0586734342411983,2,12,4.8547467767160635,2.7043542583657603,9.610105508927369,47.81217857218796,53.68318062012742,Medium
4.135965868739061,9.758028309114014,8.106242905047605,3,11,5.781404399353252,4.572518240377747,5.340564871498357,38.477561978837684,73.4049668269189,Low
8.977453487279003,6.107018408023144,5.011004052370045,1,7,2.4175232287359307,4.58072185217878,6.128268434001583,66.78466891141494,26.354563757873333,Medium
7.109020786494012,7.635678832284151,3.3365050312036475,2,14,5.935261049882122,1.5774593321443633,7.843864238209628,30.588173149673242,55.42413484005119,Low
6.382760283156729,8.562423365168131,7.882133102903861,3,14,1.3247735425738747,4.101543427246508,2.034400407219593,63.404703718453746,37.489317403127195,Medium
6.866148768667826,7.453986503954831,5.952764041163087,3,7,2.348898170111795,4.677238077813081,7.60542370147662,59.758011559532896,36.35988506541543,Medium
6.943644032530778,9.170042664575597,8.43233155356451,3,6,2.541221231455724,4.59407870751517,3.679790018026651,70.6360986779795,43.2863836194599,High
4.403198044832612,8.562384035820552,6.875904525959511,2,16,6.693752057539624,3.8273344697005443,4.493453460437152,26.40614360074545,74.1743159982025,Low
9.242407341179854,11.665122480712025,5.996970994103908,5,6,6.10565176660639,3.149433341577986,3.425408777289929,74.01257053650234,56.40926369354873,High
7.061988448405928,4.939441728140425,5.6945401100396875,0,11,8.182332612499977,4.10699705728454,2.3819099151416143,32.5720019540575,60.40986985063957,Low
7.664503195671063,7.755128020505205,6.965425521112276,4,13,5.179594886846171,3.0646233655748665,4.253152364285164,49.56592954437707,46.090415234882066,Medium
8.427324655861064,6.182994976975618,5.172937482381339,5,6,5.273706131799502,2.284936277666,1.8517505386779427,58.57773127319692,35.650998451976065,Medium
5.46825631365955,9.208214910878088,4.294854822507001,3,10,2.4540042891209626,2.035753974852804,8.603002539072587,44.02610799555286,49.33364566628768,Medium
7.710207848552843,4.7656562199089105,7.219818245309288,6,5,7.6843128675683765,3.1626288986452975,3.7535171657642783,44.488208768528125,43.50257816350292,Medium
6.59853836365181,8.692625420449772,5.711024317111141,3,9,1.0328763308674187,2.823819522055898,6.882555864941663,59.644225098377376,35.60968666664467,Medium
8.27015616282474,6.739903137303318,6.067135296138012,6,10,4.824017858317147,3.097981072135331,3.670260000278065,57.44500670017122,34.32863898206089,Medium
3.809158869472757,6.531676267757971,8.178759672309216,4,8,2.694925820227024,2.042787634148916,2.8963363757835263,39.68348326252071,45.94893881491319,Low
6.851358549638096,5.107003592918625,5.772246784528518,7,8,7.939089320877853,3.3623324859066543,7.42291388557149,33.002903048543736,47.85645492756031,Low
6.095769016324057,7.069848107597988,6.030067851083581,2,12,7.060522246184125,3.648297679024901,6.6160343848611705,30.215137133039594,63.213904001794454,Low
7.648394425951233,10.169001060581852,4.800700977098137,2,9,7.3609183885337695,4.2273955747298935,2.962944380970545,55.43566863316681,69.42720457341238,Medium
7.705066281052304,7.949622632941041,6.861479867963702,3,8,2.337200971268234,3.359949690651733,6.508865335477441,61.97338526749523,34.52455742953646,Medium
5.93856115776696,9.255360835748949,6.699655825360176,3,11,7.019326662942797,4.024283209468033,1.0450150996556697,46.88101486895352,69.88984668385379,Medium
5.931739203735935,11.32928364393255,7.801550263581116,5,5,7.218043388383542,1.6775413038669322,2.5922314594019107,50.04336176210423,74.84653726075811,Medium
6.834001947164006,8.527511169645152,4.841742325986248,2,8,1.0237337623304739,1.484250779050066,7.549785805580281,55.32811128269886,35.7862947574149,Medium
5.655036659027187,6.882400855875319,5.084366060819629,3,12,3.8584077320034407,1.7185643616132023,4.691355998735578,36.99429482046288,46.86351527242476,Low
8.26297554317819,8.93450443036558,7.584274798290939,2,12,1.7855936311818859,4.385060487270566,2.832659982540347,72.98286487462455,34.88710272629989,High
6.446189199328831,6.911407707371416,6.504426006725727,2,8,7.132548091703412,3.2245995437488966,5.553247393182296,35.761767552308584,61.47966438634156,Low
3.0,6.991154633405661,4.187563747614611,1,6,2.9089780282669144,2.821260926118675,5.186953009181204,33.81001254913326,57.68486972247457,Low
6.437766915067291,4.96021440076203,8.613108135469002,3,4,3.3819338370638956,4.048637695120492,6.705426632517361,50.02020764501361,34.090600871857234,Medium
5.442184268734041,9.852514982168785,2.6030988631994982,6,21,1.704961679231355,1.4963116621086772,1.6528448794623656,49.043271482258994,42.620857958671344,Medium
4.553086276808582,7.227994848701122,7.568569506527504,4,11,5.354259987447984,1.0248318549195252,8.374146674730355,21.166267860070803,58.3667533709485,Low
5.143860042666141,8.364196491631724,3.4695759280036067,7,12,1.2972952854314357,2.2438592394938865,1.5244910103623346,57.883535064783764,34.58383471552439,Medium
7.164112707749455,5.928076142786721,9.771577032971054,3,8,8.610329915875095,1.9955773362003657,5.084697470858264,29.60375634747286,60.18961649291214,Low
8.992961242372347,8.871895259430945,2.9108005461887534,9,5,1.2372943601465196,2.2293233190728188,7.394257213015018,79.22024413736763,15.951050454768021,High
7.46977671079747,6.476117523729832,8.304501303745496,4,11,1.5547572476360574,4.894277388506017,4.103299311984166,66.15321424267542,24.432374803194236,Medium
6.09024491767639,7.716582556596352,5.836731279977512,5,13,6.763659698957384,3.270982971184375,9.191066770396537,29.8408050329574,58.6406944711377,Low
7.6838562927560545,9.755652062478251,5.266794860322512,5,19,9.252401707228934,3.356447618653366,7.797086707201016,30.55878882332089,71.51484735778051,Low
6.311364534671513,9.581518624465058,6.370793312935523,3,10,9.02909021179777,3.62267715118504,4.834432583716954,36.41149302099059,79.35140598068381,Low
5.958099446255283,7.955939854966119,7.263800678315626,7,7,1.7526745991247608,2.5909018619969104,2.6544375439556944,63.81439322386455,31.8198601674891,Medium
5.268455997650523,4.463737934586563,4.191198995338261,3,11,3.5960204947515066,4.915903665679215,1.390950177133734,45.66268406489986,38.33454256264544,Medium
4.372256789872422,13.985621140121282,4.368424549662856,3,8,5.689331711760508,4.89304568538337,8.214978946786367,50.45863317488435,87.49719810467928,Medium
6.415114440160832,11.491717940546271,7.299209730225772,5,17,1.2396136482681985,4.07698125122073,2.748468212706034,69.16727482771634,44.032797351351334,Medium
7.237080234880198,9.445349649776597,2.5853140927008003,2,13,5.757783539936343,1.8467686718565992,3.427067569409512,45.120386022559735,60.66344631342402,Medium
6.855064494977666,6.493592436818059,4.8315418136158295,9,11,5.029890767595612,4.52078731691666,1.0934052674552264,59.20487575297838,34.987869327774476,Medium
6.376049608078962,7.77281567659607,12.0,5,12,6.295698960035688,1.4036795342734059,1.164041964707874,40.72158760504863,55.324230068017634,Medium
5.581380908954828,6.913159140446966,4.0639740708214385,9,14,9.282833951892428,3.519579302079443,3.073765907512006,29.382675486667537,62.869848143855336,Low
7.9123692875274525,10.527711878192777,8.295605583519505,3,15,3.471573751403168,2.8288605662433404,8.855816376444764,53.181493041138495,48.68883416879452,Medium
5.024302120080122,8.525005781703667,4.828098462572376,7,4,6.751868891667299,1.1568626922413379,8.027407436108584,33.04567061887636,62.45453925670742,Low
8.164041870765214,6.431672283280334,7.018090289594288,5,10,4.868491023757857,4.61562804093912,7.928858035111984,53.05863657028943,35.70824003232415,Medium
5.4966744716099125,7.0584898017504365,7.308711381192435,5,12,4.916158518894193,4.8443713780866435,8.443312969132595,38.72744631069037,49.701643152185014,Low
5.871347143970448,10.242376285139809,8.257913470365896,8,12,6.8254426203341305,4.629578140662541,2.679522120351793,53.191308107334,63.65889777157534,Medium
4.799822214076484,11.200195693640957,5.599492346374449,6,5,9.562027556622114,1.7698671934246408,9.811587604090974,25.781758992603798,88.8932718465647,Low
6.247896779671545,11.056663126972492,9.977769277509706,4,10,8.767283550992541,2.3319276050931683,3.089733691119597,40.53201373800492,81.92799897695336,Medium
8.462968687716968,9.514064130107954,4.8213268708296395,5,9,6.755702009312515,4.822931775660675,2.3493686584531837,65.922619435899,55.0292471780992,Medium
7.773442132665934,7.494750262394726,6.46844082719912,3,11,5.153842800513127,1.4256957763483462,3.6518022432911703,46.46824071702594,46.378176111302494,Medium
8.467633168042052,2.0,6.490553864435215,11,7,4.815928908206445,3.3332189740855855,5.774080079411306,52.04444444713035,6.796443668684484,Medium
7.7832138189009035,8.594320047616444,3.7560637601011693,7,9,8.084196198644861,2.9420899424532085,2.1198755836865653,51.97564808879407,57.4016388082354,Medium
5.344495257204446,7.996342482311799,5.428255490041758,3,11,2.963986153690704,1.6075945216126346,7.647589210457815,37.60278249185103,47.90751895828497,Low
6.503816163508664,8.279964192642707,6.323026998476815,3,10,6.2889988974621325,4.546309971117864,4.343740201402989,47.45532536419349,60.2894467752825,Medium
5.8297013063238055,8.107794694066413,5.135757913741161,4,8,5.54458391412824,1.5366177189983703,6.115748820554476,37.35483328322706,57.0572520940437,Low
8.99586235605856,5.347475676101686,10.88184793091307,6,9,6.8441820463045655,3.370827843278247,7.60812421285072,46.19089929679835,36.00119062883629,Medium
5.204817030360532,9.11481711370237,4.322752652800938,2,10,2.6867892506482147,2.272723529372163,9.117043728360562,40.52500147954438,53.10342284926533,Medium
8.340546534083666,9.2644326280637,8.358848936280856,7,11,7.261815014240772,2.6719245607077857,8.374122700509382,47.0171100823305,53.439424654061874,Medium
8.339430805163154,9.364677564119319,7.712919626297573,4,8,6.6429981478349625,1.8454384569161997,5.837218070070132,50.83627678324382,56.29697778633194,Medium
9.74443030257413,9.893154007146773,5.972275730991457,5,14,2.6213150932266394,3.4986762615952514,9.920556059361548,67.4514336521128,30.63487847873068,Medium
6.385470111055754,9.208103289843246,4.269581892295506,3,8,5.046595203619261,4.954709939702635,5.767652692073925,54.77966511340515,58.116892716152634,Medium
8.068483239370243,7.179941176922179,4.46348935921646,4,11,7.107574193590081,4.3341723906969705,5.823749424347232,46.792874741050966,51.69963075825397,Medium
10.0,7.85832630416782,4.96406540156698,3,12,9.114438424981568,3.7328234263063966,2.4263937550138848,52.538305966350876,57.59084757695291,Medium
6.073537484599455,8.182249734506755,2.428517436107474,2,9,2.0988966539016136,4.025525122556807,2.338484825033219,61.47287575678221,43.056608571344164,Medium
4.69743962870146,8.215398898213238,3.993069148401419,6,12,1.0786547642374542,4.357146713018122,2.5183101368394425,59.93812998005582,36.72023685645562,Medium
4.179984949138355,9.99643531194346,3.035046969272715,2,11,2.48638742267651,2.890188380247031,6.326392248633311,43.40682253535699,59.76486072036932,Medium
8.069068043291997,9.287337506044981,8.691750006355434,5,9,9.90346361066935,3.2681768231046355,4.736547221368825,43.64356600618936,71.3321389538956,Medium
4.1752746879121245,12.154686879139906,7.236924784776437,2,17,7.915332318506331,4.581931021275679,4.47296051497986,31.373420940474794,94.36776884187235,Low
6.441521420593116,12.412937959769344,7.57194819773092,6,11,6.529321169599174,3.7837893364018313,2.1480246327727555,59.909799237081586,71.4261627867891,Medium
7.655969780558441,8.15929916522785,7.177663903083896,6,12,2.197117604344383,1.544092821551399,4.429811906009009,59.356961966224844,29.299265508404225,Medium
7.277763305244871,2.0,6.333935246668326,3,6,4.744412643353283,4.118143042112868,4.40190885211077,43.57577087901688,26.2753380005356,Medium
7.638167296276258,10.473664932254533,8.921360664258273,2,12,7.437149813320467,1.0908252675474688,6.587329388409185,37.649464863029564,70.96642045027059,Low
7.333434783701281,6.919247322025891,4.778474688536526,5,11,9.062957460127404,4.390107973168199,4.495687292483266,38.60536041563161,61.65115980965636,Low
8.918298719970089,6.397032156337986,6.2133393107340895,6,6,4.436409292833174,4.153197289137506,4.768858127367169,66.9070087311348,28.38192100100136,Medium
5.571525428891805,7.203109450021266,7.494117655648246,6,4,9.997208896474357,4.322983942023539,3.4528866333213486,36.55417597637956,73.00505056968473,Low
5.984507292312204,7.106713906370787,3.357581536287742,2,7,2.257627710960014,1.0943701841198612,2.1835352073774468,50.99631799704425,40.259527753763535,Medium
5.8410108320937635,9.224539620210786,12.0,7,11,4.482423289161054,4.8897953364893585,3.7000979699897063,58.050191267814114,50.386206952008884,Medium
8.245287717793914,4.881128441747549,6.057131525555172,2,13,8.878577129796735,3.456528110932646,1.3848880630499911,35.513428639405,54.85084955963839,Low
8.350597882592595,5.844558508416797,6.283978901151185,2,8,6.849240485034948,4.200193572734813,2.833389718164388,50.942260174582685,47.98640648443303,Medium
7.676837978977762,8.686317108394833,8.513756063349843,3,13,8.298275437066266,3.266236413484163,3.924572076830795,40.95211302550372,66.60792143732237,Medium
8.775240500334892,9.245888060826616,7.829910666020448,4,8,9.170192248955955,2.358997264699091,2.310816627333846,50.700522663310146,66.38952504542985,Medium
5.232938698935429,9.283083289872025,6.076156038792918,5,8,5.565847559560202,2.184593469494124,6.984726898175592,38.90879643403832,62.209090480991506,Low
9.500836167326705,6.425927442133402,6.260258876196084,6,10,3.112724357983389,1.279735830063081,3.526885254061323,63.69819572446088,19.49175740382021,Medium
9.284857932568388,6.0434687014675195,2.991702938104042,0,9,7.243362145561993,3.1700597730808573,6.539748163578021,42.90818461599735,50.32128476603028,Medium
8.10343299586862,6.986730332424162,4.887068444300048,1,14,6.071317162384215,1.5743566208386341,6.794970511095745,34.10147721891759,51.27396781055786,Low
9.67269836315659,8.47974550456945,7.034420432317921,3,16,7.953842842810415,3.2700695384379403,5.02559450580826,47.113357191351,55.58809667809431,Medium
4.515065188483339,10.9709547385451,6.887785678085773,4,6,5.605423791064896,3.4996648877970356,5.041957989850791,47.44405469735656,73.53746695080274,Medium
6.213327795606022,3.9051256284584994,8.442331500008173,8,10,8.300002313901295,2.768322791875509,6.233169362460416,24.36105109564425,46.10358613269698,Low
5.897044808977071,7.558542486083267,5.75899788355335,8,13,9.118157283663377,1.6252993612571225,3.3621071695465234,26.983727227425714,64.92173118127207,Low
8.082218985636015,5.334643117949593,3.2254269731382674,2,8,7.746247239871576,2.730829506797888,1.1912047047255796,43.07147446927817,51.663715127215994,Medium
5.424788890596782,4.69551464529302,8.113460861551356,2,12,7.692896385033437,4.514687896987837,6.805221381416795,20.82392512876009,60.459764509479506,Low
8.136242724006228,9.933913290689633,8.872178692364031,6,4,6.284704071168889,2.832191170841461,6.476728454338663,60.71144432356193,53.82592580945088,Medium
9.055804215995071,9.089249148998677,7.796489145712458,5,6,5.244778109044338,2.3709178325749063,5.287429580245032,64.31518952041779,43.506322771715205,Medium
8.042804350126,8.898867031894525,5.6727326582850175,5,5,9.753288911289,3.5190558331131427,8.881890494576178,41.556284494518366,69.27833289073804,Medium
7.425626535492252,9.842051679461987,8.088772103753158,2,10,6.806012789055602,3.4754490632404655,5.577623494653381,48.1107770484756,66.45751374705952,Medium
5.518189988648876,7.040562206467728,12.0,7,12,8.563208520028258,1.362465992439538,3.731451973352004,24.337223534803556,63.75908801327274,Low
5.729723550811953,7.134724967332944,6.230304628880951,1,14,5.548681256892189,1.9459622736679751,7.421792083867445,24.39742073587774,59.445856162479146,Low
8.874428357945,12.37146123344515,3.376526615509751,4,11,5.993720721497987,2.977618789249414,9.661631683568055,58.1176670860806,61.879601489601086,Medium
8.169023505857998,7.506857891480851,4.827429900895696,2,13,6.96600121250943,2.465324291166203,7.631909990359372,36.05804945241362,55.4566293241197,Low
6.941470720933684,9.470264226108183,7.250952000608102,7,7,7.5569713178530495,2.279827646241356,9.17963095662258,40.98868310282946,61.65236246789188,Medium
6.373135681351164,8.01276308192663,2.7903913782038745,9,12,5.035201673829678,2.782854825487312,2.014428504580072,52.84199731717189,42.674067339406065,Medium
3.961288190332935,4.303482939843169,6.338806149824139,2,12,4.206834355000292,2.1612563656979926,2.088876988693803,24.828148272248495,48.19462574615352,Low
5.393721371973342,3.9107419923974636,6.760673300631765,3,13,3.1547793021701347,2.3898868166291165,2.3914513564696893,35.145212328805506,33.59637355317328,Low
9.867128630709585,6.842031560120191,9.070243479625304,5,7,4.812808805696978,4.094519172000469,7.325689931397623,65.40252636723426,29.63282569211037,Medium
5.0793166434963,10.112202503339978,8.6203897121086,4,11,2.9011411950154873,3.040923960323875,4.507363566617801,52.10972279084148,54.684474555919024,Medium
7.284219731831621,9.576583313272007,7.729169583503542,1,14,4.7508548120066605,4.49142357752932,5.299400161743442,52.49290130735105,57.84314980669355,Medium
8.511165959792798,9.828154328448067,1.674641978970941,1,15,8.871935255429605,4.7942410284701955,3.3572810369582187,47.54774780408857,73.72306403382551,Medium
5.117615997996561,6.025907642127369,7.8421062560958505,2,3,9.793631634299324,4.688309204491775,7.624952260993008,23.61289242861721,76.9831106734986,Low
7.277065712171625,11.231744980244628,7.4110267721204925,2,11,6.1939177357739155,2.014844370586668,8.608131843109671,42.9455539346472,69.20624227359782,Medium
8.406873306265982,6.070213399627232,6.511888754156693,5,9,2.3140484225092486,2.8915437192673963,2.4419272167597175,66.66123233952152,20.80072723359318,Medium
7.018748982860876,8.425648797339937,2.539555747709029,6,7,4.848000229577403,3.140208731660522,2.7346071381566657,59.901543799161885,46.02334087708251,Medium
10.0,7.979295420184527,4.4464521816258795,2,9,6.4186885957381,4.408763018816656,4.054606898127991,64.1109620284308,46.648141801715596,Medium
4.497101111682707,7.652252359370827,3.6663544609318675,3,10,4.336945794442354,3.2360826750021072,3.5214993541476316,39.822708384757796,57.01667273741609,Low
8.588092794825819,10.677184276591213,1.9699831209858187,6,5,2.8464055635473877,2.01086196228737,5.783829327406426,74.74087785147884,37.74956836344888,High
6.740797393905304,6.589778959668079,5.994169697170411,1,7,3.0414184358244256,3.1901564552786836,7.773212902355863,47.57112819363023,40.79603707979007,Medium
8.157880232255012,5.300789488576144,4.404355757114441,2,7,5.265360001130759,1.1771379769739472,8.139463250101961,37.85221573138907,39.0405702727944,Low
7.661960727548869,8.039990972412838,11.250611160537822,6,10,2.9478582628594507,4.33654948191112,2.876047189742962,69.3853730653583,32.51833804836574,Medium
5.9002657043350055,7.200346531426947,5.662456121124181,5,15,3.2457042265765357,3.2639974978848265,2.580236687278131,48.204537825905895,40.29393741882852,Medium
7.34349458868901,14.0,8.587506311731921,5,8,8.857757647019678,3.6068688380618608,4.27324847905062,58.488540206392045,86.6599523784658,Medium
4.213147822902569,9.353014952879949,2.861801950613551,1,14,8.011542867098946,1.8037565197933074,2.3295156652480733,20.87609761948942,86.20654557234343,Low
7.904871250857091,7.181318849562752,4.9398208279902605,4,10,1.4978168464502726,3.232537907375576,1.8261735913221664,69.80011146978366,24.880151941816763,Medium
7.447237698985789,5.887776861625827,6.193795752068629,0,15,3.8815905705207676,3.1225475613781426,3.1832339957983984,44.013121279064435,41.14215322930953,Medium
7.957990252964653,4.239423178862431,4.18369210278466,1,1,5.787398368980526,3.478523789025991,4.5454939920396304,49.92778418535814,40.39449468556121,Medium
8.587177487630726,5.949561828525134,5.155598630390512,4,16,1.5454777556975985,4.389680205071431,6.290574992039631,60.540542721903044,17.651294392788742,Medium
7.551429760314567,8.229883543518264,5.564098187512923,4,9,7.148541366336568,4.058153842300263,7.509509195606384,45.300187182323235,57.98473102203976,Medium
7.222134129697414,10.854657303189539,5.532184029110211,1,8,4.460006332389375,3.187497636265399,3.005303557797717,62.13291991745283,61.38615489242185,Medium
5.678397495008062,10.243378284775838,9.710237146070693,5,13,4.5746063272944895,4.573612349354831,8.367974227307261,47.278891861623734,58.96656743749729,Medium
5.931668854526423,8.458189663292758,6.75645257086302,3,12,3.387946299459887,2.433673392839143,1.3030368540106019,51.504314232037466,49.16649928321268,Medium
8.780101930265996,7.35366466859503,6.9590211258826065,1,10,4.0053609442115246,2.970203280294791,4.996413970635144,57.01254653086281,39.58138630109659,Medium
9.154503108558968,8.537624712824309,7.079309548690141,3,14,8.755209074631939,3.5977360146059136,6.697688913246386,42.23186641278607,61.95833690964774,Medium
6.642834345531919,6.962724005030848,7.225252754674225,2,9,8.097426778523477,2.7630667586723368,3.6213762483868157,33.97078746162012,65.55885403619348,Low
7.069004120879911,11.436727991527752,5.834226032250269,7,15,9.421947065815287,2.44567285486584,7.153227522475146,35.432391920578446,77.49327146293373,Low
5.643078437509351,7.62161963744984,5.358507257042308,5,12,7.2909764311172705,1.4495770067841987,8.803481277742154,21.45831579510499,62.79870909329407,Low
8.759135267901167,7.827324283506546,6.3336321190365545,1,7,6.200845864068128,3.543597911033041,1.804296884427972,59.98003000115827,52.1878199467459,Medium
7.9981252355376675,3.5683551499586637,8.313607897826945,6,6,3.333306579512999,1.7704254612369317,5.613043798558713,50.32301530832164,16.50965580690832,Medium
9.911826154695625,7.609130306954472,8.252476376872767,7,10,7.001697884342261,1.553019905140515,1.1689345281664463,60.3850630693418,39.32464005875873,Medium
5.682515384230392,9.672968275929883,5.519203048623178,3,10,9.155422795399316,1.7286115695183906,3.5161685757547714,29.19321611350124,83.00791428530894,Low
6.432988151472674,5.8645548459229095,7.535687389336223,6,8,1.6224903780799038,3.7539219876217587,2.232462503227098,63.5319499395815,23.285370794231582,Medium
7.347168883788359,6.498559331014374,5.610830673920664,4,11,4.987632082491282,1.553436933666629,6.618475043445818,39.204681734809384,41.886487918569195,Low
7.969734306588656,9.58542203546733,6.0677410988704885,3,8,2.3442464166004244,4.904944047244561,3.2381530035741406,77.23172241406512,39.44288726751996,High
6.676498543678552,5.046685552963893,5.0529532368916055,3,10,8.295548329002752,4.034165505592474,3.541583527773793,32.558102105844,57.49488209126938,Low
5.6905583643194495,10.115602015083837,5.636709722187533,4,16,6.52688418398765,2.570938831521863,2.8506726281540833,38.26070218010557,69.86404007408831,Low
8.322111293385356,6.935712219653796,8.68266013909936,4,8,8.916843853171173,3.373131008307939,3.1942225445822263,45.14359171193797,58.589898870062974,Medium
8.081703043818372,7.222863559017594,6.1848422946784725,6,9,1.5679011026499188,1.03050657242107,3.025991938425948,65.03422062059161,20.937457039230107,Medium
5.625588849154413,5.752243189748812,6.270565017104635,4,14,9.151576112026891,4.378127744915905,7.280841888206675,18.184322620466446,66.96411130038679,Low
9.033164201658243,8.756092520855766,3.1055644414840833,4,7,1.6047695666780237,2.0848462761194826,9.602293598432592,66.83292187250393,26.356060623548917,Medium
8.755298063794905,12.91974397005876,5.38151218473454,6,12,3.588452207600101,1.2875348194331013,5.4120828241613905,69.86869063786793,48.92603742290239,Medium
7.201444745871689,9.562994478921263,5.517370192510542,6,10,2.4054917241700338,4.032475602075186,6.403490161413469,66.52347053675469,37.4392543633782,Medium
7.1193967935640545,6.271429476118929,4.34171302911319,6,10,2.308470976788687,2.3183266505787845,8.362955290490127,49.78113201068196,25.201693658535746,Medium
7.831086656673861,10.271241170982952,6.0433308234071275,4,12,2.545029081811042,3.270164632812775,5.28495533062265,66.34084640038832,41.70728616734848,Medium
5.707445394615613,7.366640908131501,5.141635419544691,7,11,5.321960845934896,4.376126197207622,3.7182193095863925,48.014589227834406,48.24176925027967,Medium
7.045047218746123,10.748969962855119,6.159991710487164,4,8,8.059260590186128,4.10372544263778,9.558773393436606,43.91133570349252,73.89868999592119,Medium
3.7714246830862295,9.613352804328725,6.2430060196378685,3,13,9.084495475424767,2.3473471694673202,9.155408971580579,9.71417365437434,90.64596899920933,Low
8.314683468254403,2.1137168690565336,4.088491284354712,3,11,6.101896226032732,4.474786346118161,2.983237865446373,42.46750357970196,28.902866019761603,Medium
4.65776016633721,5.991840734089945,5.202596435033621,5,11,2.4197640154670963,2.555399657972828,7.327688025186051,36.35907182970058,37.12830311459206,Low
9.255129742643499,9.88877044567078,6.154748565521667,4,8,1.712716052807666,3.0000952875566615,6.824255828743684,76.51833946961682,30.101249333245693,High
6.504819859050325,8.303314544290036,8.368598862313451,3,10,5.447166576204394,3.449834680595604,6.846695646862306,43.33234554311655,56.240207522560105,Medium
6.682499527103235,5.952488104584299,6.5134383455914815,3,9,7.888422113353131,1.2839232837415788,8.47542717049042,21.38507274052834,58.804925578304314,Low
6.058399140873242,6.732820969012375,4.676129640165144,1,8,6.581449471185607,3.388655345147826,7.066950590533743,32.45549544290942,61.623329477535385,Low
6.567941689116886,4.187526759821239,6.798009518487705,5,9,6.245034253462014,3.309668963305536,5.662034587243264,34.737051505257774,41.05696840741867,Low
9.127797017722056,7.823253424947208,9.41509777864352,1,12,1.433396928253024,4.493977899678299,8.614593394422284,66.27060914035533,27.196109870495366,Medium
3.268287015197381,12.421379452031529,7.833412945178037,2,8,4.703908495877389,2.414655491947249,3.3835689823060218,43.131057742793836,83.48508938600128,Medium
8.915448079132283,9.609866781464651,7.0950530608712405,8,15,5.953454822236534,1.9687547120311835,7.113029696926767,52.22900890249266,43.98206332221356,Medium
7.507035221652562,12.380834002376847,7.451180350964643,5,11,6.384624028139045,2.9060581050912475,7.313682508222987,54.15780344310057,67.86319718112031,Medium
5.189467528214177,9.76479417957996,8.879908082857261,5,8,1.043272559683548,3.7493265981429946,8.832881895791832,58.059763049352675,41.97631188447558,Medium
5.387031410426143,10.054958686705383,8.15125358803532,3,12,2.795994788235959,3.2475769492382676,9.984768731796335,44.10438413876453,54.47676308911694,Medium
9.514589540812304,11.948157375490048,7.133520762235316,1,13,9.548074098448847,1.5528266879320114,6.017961638773128,43.70013455153755,80.5346833655214,Medium
5.581739680085903,8.754526518684452,8.13728443918017,2,13,5.577794544509261,2.39156651911543,5.359725359825389,34.24747674345648,64.34524433836745,Low
5.269974234106061,7.6255453569862395,3.8366978074718783,6,8,7.332779817560244,1.2551430537293036,6.406149077939738,27.601495476547043,62.7801305041746,Low
8.705971813547094,10.065315033244024,2.995469495319438,4,7,3.7736805897671264,3.9573052540266476,6.928098531794534,70.58850098829484,43.22198830704119,High
7.5078293144288715,10.907680474243769,6.314197301287661,2,4,6.268347937166779,4.531793291325577,7.416858022484421,59.72845161195808,67.38802333448423,Medium
5.5931116351954016,7.040070714575582,6.137361419301077,3,5,4.208205489299653,1.1826920195237478,3.530985055952417,43.119608036514464,49.426116203133006,Medium
7.324937463106928,6.556861835319942,4.912179892973485,6,7,3.6726299090826275,3.1017099642102064,5.383291502297884,56.71710717841395,32.06355873188691,Medium
5.461370974539584,8.27771206486176,7.651705339655419,3,12,4.7025818251636125,3.2639201335007244,4.338285216321648,41.8296009627183,56.97248370023155,Medium
8.651232097633908,9.662997733863325,2.274272827097528,4,9,5.138451362437051,2.7553115240057973,1.3489595448344327,67.22243633389556,48.67331356760552,Medium
8.5920564473097,9.596182097323123,4.930455487884393,4,12,3.980330984552471,3.0109349430711925,6.485710927880503,60.73475106772693,42.998605519199025,Medium
7.798009298232914,5.151664799624802,5.03008891024477,7,11,3.3219064942246734,3.8414269339821425,8.873330703156732,50.6502420361498,21.299781255356613,Medium
7.542491591870525,11.823212134126644,2.727396429801081,3,10,6.614383391066042,2.9349025612853072,9.293254318440844,48.12390374729137,70.46644808119393,Medium
9.641782187301061,6.717670141206299,8.989462014538608,5,12,4.426592289260645,4.678608535806248,5.65681287535773,64.55392874328612,28.247535415222906,Medium
6.999529491082338,7.469870006222841,3.281597462673354,5,11,2.8164342752244176,3.1634951907240376,7.892961191678668,51.68151119293898,34.45960614859219,Medium
5.227188811868798,6.194691280024361,4.823319885384628,4,4,7.825309372526811,1.2871866382694304,7.411714663709093,22.565746386657693,63.79502529110561,Low
7.67421086924846,13.396657671874175,7.815959515610268,4,13,7.51367422896118,4.8132986425247335,3.060081789157197,62.871635883510976,78.26425083251297,Medium
10.0,8.484141340575935,7.292090686857463,2,9,8.98134245366763,1.587242806765551,1.5661948924943228,51.39763279245271,61.08102099611564,Medium
5.477860760221222,6.29804983863687,3.783650607030507,3,11,5.995171172070586,4.137839600061913,7.730707644482439,30.732606064278617,55.95876834065962,Low
6.457805849959021,9.727847099924892,7.364978418521273,2,5,3.5149330667058423,3.1076227458872077,3.5442495157484175,61.74561201546106,54.04336257657499,Medium
7.624669057152179,9.538271558620066,6.579568957316444,5,10,8.773369111479525,3.9635698170766838,5.944442053186809,45.3146164582647,68.61835211803331,Medium
6.919142726491391,7.624545952840232,10.666071124222935,3,10,3.5227100852442925,3.0537195367254557,5.716579387232224,51.117379938680585,42.5199357658287,Medium
5.526544629434028,9.681213425566767,6.807880832136609,0,7,6.900405428937303,1.2358808013304308,8.360865150187198,27.54576507410979,78.1629507600616,Low
8.682786784345707,6.349416078338271,5.717516357862936,7,11,2.7135373242045207,2.4997037187581883,6.801810947989928,59.470145627526946,18.923638849533873,Medium
10.0,7.014163450101496,4.286996085761155,2,10,6.6625724375669115,3.482743928162104,8.624325819981546,49.90550652886546,44.292956549814306,Medium
7.294197188535861,3.979566690867874,4.5115132660888575,5,9,8.567714704216197,3.5155288741307102,7.770123834199679,27.007781021484107,48.57073586111368,Low
5.643897565395999,5.352097831560874,4.348461809063684,3,11,5.859496903014235,4.892177768735165,9.99848186860001,28.485658939074156,51.09878262211124,Low
4.676559212419788,11.61526161134137,8.742197627823844,4,9,5.237987601806325,3.4252987934942114,8.774874719595857,42.2130174075412,73.41227335523436,Medium
7.386963971831771,11.282857255444629,6.035939830032941,2,12,9.941256320093876,2.145756525583871,2.8996894055441476,38.3637156485737,87.31064853767522,Low
8.655816014974386,8.131577297297925,7.13049424794946,7,17,1.2020688210367039,1.1737019603273033,9.652500272289831,54.72443543721246,18.18146525643975,Medium
7.712751619743073,11.325862894379675,9.028495199961775,3,7,3.9855842256225187,4.153660804455459,4.061208777678185,71.95089357931006,55.00555241113688,High
6.996394238621719,7.679851026783391,1.28307171558507,4,12,9.26738522015957,4.557161825858092,6.4705602130017965,33.53567426432805,68.74073827808184,Low
6.116092522316041,7.513179394864184,8.55774752940075,3,4,6.783784166675196,3.454552161488347,9.4721565089788,36.667415152663324,61.56013627859526,Low
5.361754550922866,8.113021296931112,6.110793823566668,5,10,5.878875478689072,2.929507744082459,2.927487561563138,41.91762197028993,58.88591604531953,Medium
8.252126989487323,7.750156809352869,6.870096743280889,1,13,6.73922537786247,4.443946070876699,8.715690658748322,41.29876045096505,56.72254897893153,Medium
8.370657432078378,7.569607352879639,4.343193556503498,5,12,3.897470352400395,1.9614243161455192,9.578373445980205,47.784482245245954,34.24419967925097,Medium
4.6814053199639005,10.286796214299105,4.489751203102963,2,11,1.640513241316146,2.594928334497911,8.683751330020478,45.21762458315527,54.529853939258935,Medium
9.384758467271027,8.300271307912407,6.977691779625975,4,6,3.4763305165148157,3.0306262168803637,8.372541960391683,66.57733130817128,32.352650914684325,Medium
7.861106831341002,9.42496352886761,10.76919560066294,1,13,4.0284648968756205,1.1974904675235436,3.3815292963610144,51.50024855736823,51.263457159462625,Medium
9.09939196771869,10.062761050554663,8.006626625629803,3,10,5.318786171453094,3.754315980612929,4.6638969390873015,65.8259588991001,50.945336459923595,Medium
4.986808377272327,8.776371591309466,8.53104584283708,5,7,4.545068628794198,1.7542394647229713,7.843006303534744,38.39451828533037,56.392102903722794,Low
4.951263766876842,6.059457348183522,5.6159974594771604,4,7,5.689020015126253,2.332612739948871,2.0634887797467334,36.790478462310006,53.99929266875802,Low
6.776546035349055,5.294268222071922,4.799591550828744,1,9,2.7647324491045593,2.6579712556117507,8.995352781798971,39.88392535337852,34.51705407232532,Low
7.754176640342791,8.29756126961461,4.438390096842014,6,5,2.6564361581582325,3.55404131845779,2.892312704654265,74.24321134924648,31.64031368617792,High
9.694541234390446,7.657487390350131,5.023452550606624,4,10,4.165412298794912,1.2619361516299041,6.083260124983676,58.05145769943281,32.03827916401078,Medium
8.059118370722697,8.174782857840244,1.8944351336589493,3,13,5.2634362741972485,2.363446947014506,1.9455355562952172,52.72063728348224,48.1920517825957,Medium
6.63597808478195,7.967891921502828,4.550161314216796,4,10,4.075557333387947,2.0974469458897103,2.666709519849648,51.33565118914408,45.87202877617456,Medium
5.460446188501162,13.167147320333134,4.879293687880313,7,12,6.189060091475092,1.0060776884439306,6.269500554360389,43.20521134063352,74.90441940026442,Medium
8.845000859078725,5.339547488717324,5.649283651210318,4,12,3.790055022306805,3.766613764873669,6.711779453322549,53.80225973080282,25.31342095590302,Medium
5.552941861373927,4.0201074603577505,6.263500219494583,5,15,2.5945209499469044,1.9437397435325052,3.427763670378098,35.28575432887913,26.88580546286531,Low
9.442702832158481,8.66475366703922,6.724901737251221,4,15,8.765452990076597,1.6657534517558328,2.0718758343888317,45.16077915549644,59.398927585547604,Medium
6.573423025590236,7.24715489082361,5.97014925511408,3,8,2.8054188871845724,4.191861050937927,5.946003358038361,56.13432162201957,39.09569048637598,Medium
9.385873108926775,8.632135739459903,4.837113827314486,5,7,9.699772508277299,1.156793228158786,8.565740555124755,39.12715074688219,62.267467384897614,Low
8.018396935088917,9.167766044568003,2.073282713468959,2,7,9.88663666826009,4.600959790826,2.813010324101912,49.152655524354586,76.54744588842517,Medium
6.794506765836313,10.568209390357795,4.849382783196413,4,10,7.271234159679202,3.747606649215457,7.224087786860375,45.43128011854181,70.44233234127445,Medium
6.22090544226081,4.985548359232123,4.0550987246259895,2,9,5.518008947240536,1.6869853896849287,4.472929628800882,31.384815412952864,47.4367827873172,Low
6.48863818398088,6.8865642042856745,6.932133496557207,6,7,8.158769481435657,2.400412106375598,9.487792569066809,28.79549370590886,58.88114647003045,Low
7.642475038562856,8.857522517761527,7.818574793387388,3,11,8.858824441553402,4.799932527928608,1.7431583352692583,49.299646654105054,70.13615019357437,Medium
7.115734744326575,9.540927191374454,7.877142134119879,2,15,7.386326174801447,3.4753783288958764,1.3597151894960464,45.03777899762005,69.5274524928168,Medium
6.109282887896942,12.386899100576771,7.51390547225564,2,9,1.9184027989298653,3.4348705475534804,2.1187743572016755,71.57034833533163,57.49158620899401,High
6.7515528845235515,9.911407942227735,5.732948529095023,8,10,1.026890824822079,3.612284368450607,8.042003561319834,68.28990432166299,30.20813660714974,Medium
7.1178655445787244,7.8864228082274455,4.956088869048207,3,14,2.7271119016949643,2.8509510221127745,9.304927595446038,45.43693074362227,38.72647242621676,Medium
3.8068988583777816,6.219128494114677,4.505794492665867,4,12,2.696787060446942,1.6692136527551367,8.402289807065507,25.19208335292867,44.817523379491234,Low
7.687252172183048,6.871420294561961,2.985002166796499,3,10,2.642657469759576,1.6035644465405832,7.460488098386958,49.14645816486603,32.1318691425764,Medium
5.530418162924789,6.814594354085787,7.983707401015716,5,5,5.587950868567571,3.7492425775154503,1.5182619226687122,50.28666302674322,51.955645722632305,Medium
5.270001395191382,9.310467257027522,5.650577924140051,2,7,5.680760172810963,4.535765273980926,2.9243043151732655,50.14691925766549,68.23497881239439,Medium
4.468983479333934,8.513994891171661,3.5073194127582523,1,9,7.507198420378049,2.200843546606323,9.418411563358688,17.303797861269604,79.54547179712291,Low
4.309161253198164,5.352700858315642,4.34701724857953,5,5,2.813210316731899,3.01361427950417,6.605137543274495,40.18209359590947,38.20350092045618,Medium
4.966828745331567,7.128197061819134,4.266053087134896,10,10,1.8339396242050425,4.968951374277565,5.214917867132526,59.70913722193632,27.90810298845845,Medium
5.936468563554264,9.755095106902841,6.086048970030253,4,12,6.994821859381474,2.028644785385342,6.870808962506007,33.18463200037112,69.77760865387461,Low
9.929888706289852,8.703324709948118,8.134935702141371,4,15,5.3559732064230685,2.5608557142212143,2.607343840316349,61.8687941583115,40.7187970207809,Medium
6.211180486157194,9.137289232025541,5.304020900808833,8,13,6.996885850393033,2.454086384234079,9.035820659398595,34.05401180079105,58.97406343890683,Low
7.266625159402047,8.765843420114527,1.4949329704327017,6,12,4.426662202718346,1.1303433446383693,6.906732653953476,45.87578938494075,44.14355201977254,Medium
7.6007220797594925,11.252861469217718,5.62163932968216,1,12,7.757159810037589,3.03806789593639,5.241200272562286,45.31648613733479,77.40523824605364,Medium
7.196597779323773,8.47208612764874,5.687612199805608,3,5,7.143406998421325,1.8347115460066359,5.1163803120860765,44.04172681848687,62.21453661369385,Medium
6.8838348089110095,7.227954404258604,5.550159538128956,2,10,6.8530766978189375,1.5143903882145988,8.401397830636183,28.15253611922711,59.39418635629319,Low
5.2070593546011334,6.168489917732879,4.745077667048596,4,11,1.2481235498915604,3.8416639975282223,3.7708168576399874,52.1833447625039,31.510825532372728,Medium
9.176391322418818,8.499218916419423,6.434878161451684,1,12,8.723117428341602,4.0630417752343355,2.2341862111680597,50.62992216348812,65.24578536533247,Medium
9.710794965456827,3.118591970449832,6.132282230298004,1,11,4.389463211038436,4.555566140041762,2.671025899259472,56.97738430222111,21.884030514554446,Medium
4.476011958815971,7.631421996334576,5.950339371746706,0,6,2.2205398804227006,4.7365295714548825,1.730223936285506,55.601186107251706,52.16573944500327,Medium
5.46395711367043,7.588320280157312,6.825282722885931,5,12,7.800296699247169,4.476263840531075,5.570766342932277,32.87215708993162,65.94446858262124,Low
6.580284486434491,5.271058292765439,5.140334353704293,3,12,5.378274293066381,1.4899786827684398,7.0953237369605535,27.782241817092473,44.41869362551111,Low
5.553193307634713,6.143468322688008,5.026828660598693,2,8,1.288048435185143,1.8945153361840554,9.405866811106065,40.158335955857304,33.808728245348306,Medium
7.758948330183798,9.619315060296483,8.7602465791708,3,4,8.036843227741365,1.489901178843689,7.757334766091744,42.56685082238577,68.40618544043886,Medium
5.90759169639008,8.461423498149925,7.118710819430872,2,11,4.915337167469341,2.414098123778375,6.247996431795206,38.28485012252198,58.616796158755015,Low
10.0,8.203576667414655,7.653892121885599,4,11,7.794333426230769,1.4962873824734917,8.775585419212309,43.595517362198116,50.543585976349824,Medium
8.785822891515394,8.612695067864045,8.452209170668137,5,13,7.800319174805305,3.6131091864575655,9.029917541809283,43.49323889179066,55.45170457891883,Medium
7.3188610459483225,8.185255175897847,7.0518883612496,3,8,1.8994258938679076,3.8668619694838684,7.411470773491897,62.338353882192486,34.901801655814445,Medium
8.540479394979599,10.485725125716629,7.856777358272343,3,7,6.519032408510231,1.6383747715918173,1.506561347982415,61.175825757664626,60.79130393887322,Medium
8.658850636535963,8.246858363407297,2.8413096758594794,2,5,4.241233579888185,3.4863042015239585,3.6258608248734356,67.64723132709337,42.70646713717339,Medium
6.154078767912635,5.083573772362499,6.408307743992054,1,14,5.91761704605097,1.0919576264246347,4.0256736253185,22.593294240158965,51.88546450390059,Low
5.775674133187053,11.26025992974882,5.634563076371345,4,12,1.7969228116465916,2.7374810778426153,9.976432723577888,52.21475111273213,50.50132188252855,Medium
7.117214594454471,8.740680534657692,9.35536818179962,4,15,6.29365203241047,2.141356216330791,5.177463186412736,39.01022487980806,57.534007480803474,Low
8.292454186746916,6.821492538409864,7.8552910636066,2,5,7.997860206764001,4.993979507871133,7.85696721380357,46.831024349102826,57.46767737804419,Medium
7.208590597980127,5.493196563409963,4.73910961841364,3,15,9.881324236406439,4.691138475932373,8.324175465315404,20.317641598192374,64.63494174494483,Low
4.634505276713504,8.79182844191609,6.745588317058412,2,8,3.882515948521289,1.5902618244650664,6.8793410707968565,35.890127182313385,60.230868395793266,Low
5.795763334073737,7.765655990051249,6.3353626668984795,5,9,2.396122757732631,4.669483165594819,1.164488177271792,64.76613035784383,38.65421783034554,Medium
6.8890407046084325,11.148293572064818,6.908662866304457,3,5,4.293110825426922,2.67515934957339,1.1741453549585832,68.1246350665018,59.39778487326441,Medium
6.886501593511254,7.308185438666344,3.9623150612506963,7,11,1.1737223602647937,3.3065925103270306,8.369001249355799,58.32007048044756,22.60884702114027,Medium
9.958813265184713,6.325238420635066,6.72003293047645,6,15,4.678959899185709,3.135057704239208,7.653159760882312,54.43120914459566,24.840324183808654,Medium
4.921018086401503,9.791592436471857,5.543697301423531,2,10,9.231305364298363,3.9046262070230395,5.825048757943805,27.443689251634346,88.92653623250139,Low
7.758383862753812,9.850563785433662,6.564899528111201,3,9,2.7491598471204433,2.3398271747899537,3.239791448273687,66.49115677164077,43.31303891649691,Medium
9.233669662492435,8.33730273522039,4.55122966975566,6,9,5.299476835806354,1.2787303449094485,1.7804232960419561,63.09074211796681,38.4035740564832,Medium
10.0,9.352714095349818,4.829873657206801,7,9,6.153553482200797,2.670507759182787,2.4784152998327826,70.76553525540612,41.20103136491775,High
6.393403865224058,7.924625758515524,8.347684040733405,3,13,2.61916407896712,3.1780222021250024,6.222913969645318,48.96835001541233,41.44793140614751,Medium
7.7371441790803,8.467730202018494,3.896904883319678,4,7,3.9709497133059113,3.2196558315233044,5.912439723197267,60.145248980903055,42.4702600442831,Medium
7.85464053579797,10.329981765127846,4.044491197915903,5,16,9.202218017427985,4.170390522166536,9.471402353153424,36.073478403796024,72.64898761769561,Low
7.293222597329936,9.250636668043006,5.896837485568844,5,12,3.661558645108808,1.1769033977270391,9.61549046267811,44.95531187742207,43.89927516940706,Medium
6.851732198141041,7.661451123334751,4.456219249628091,4,13,6.7182671708466195,4.9523774479562,6.1840616178153995,42.496957525023234,56.78564294383668,Medium
7.653963084250069,10.704725091852302,4.229942735474403,3,3,2.2325672684498343,4.962260011567108,8.572893401849736,75.98494663816192,44.36998829938925,High
3.201630872170472,3.2702892544169755,6.21015194241659,7,11,7.0288010140834345,1.3960672884233443,8.310245644999737,2.4599150923845183,52.300657337393964,Low
8.023104235093946,12.10414662284387,2.9898682861925905,7,7,3.5122996896621403,2.3760699414571027,7.77138910241081,70.16837168734129,46.854398835454866,High
7.189266855492951,4.5880818102185295,3.984075530172724,5,10,3.0813650355919258,3.3612427027722025,4.936042138893001,50.501642473368754,24.33927505656566,Medium
6.666287654832602,6.745814350455408,10.108191165847288,4,14,2.1174866354637754,2.4933033185598004,4.504656819815796,49.68019428881508,31.63610913104203,Medium
10.0,7.918164929609862,6.918950117938018,3,11,1.4214194654605432,2.95049875122234,3.377205765624097,77.37599931263087,20.06148311085836,High
5.9875989718141716,7.707038658543677,4.506873295460178,4,11,9.710737402866064,2.303713426889248,9.43385507716601,16.43377726021497,75.34770300486547,Low
6.395386016402454,10.012822080053109,6.836430156532394,0,8,4.725142444920324,3.848533294489407,8.509828149237745,47.37461412437726,64.97887948750426,Medium
9.987329953307102,5.884326762779532,7.134660953973259,2,7,7.998539520634992,2.4560689780828984,2.594041978839777,51.33797756513179,46.744862167321074,Medium
5.751908042725216,8.521533634966126,7.988828840180477,5,9,9.280803698670086,2.7195456736566768,3.2721678184976217,32.63581629218801,75.40740682775152,Low
6.174827075595192,6.843575803560492,5.745687941086539,0,14,2.83618392650017,3.3036309438479288,6.23194840967558,40.59596284709494,44.99316994651251,Medium
6.779461864853725,8.590281958674833,7.952995405545779,5,10,8.828637365000333,4.876805050931162,4.722397961899665,43.0490741244005,69.02971680302895,Medium
8.261101723194324,7.870455480404247,1.9231069502356544,6,11,7.372220930904839,3.5672178735744082,2.925078812290332,52.73121535719066,51.03223706577074,Medium
7.31170376102997,8.185871305365955,3.8873837390484938,5,14,6.201793503781294,1.387684597522179,8.120408965541614,34.136600093386576,52.366240517744956,Low
5.0610619792716065,6.9001503350713085,6.327742803472911,4,10,8.281700275195709,2.2756024830191928,1.01397815852018,28.59325081417179,69.34407881457876,Low
6.201747155309215,6.979872099807835,6.659267065615583,5,9,1.9959812156276557,2.678858177058519,4.089488801241374,55.676659065503245,32.05571011653024,Medium
6.088968350181683,8.574545028054853,4.176435424662716,2,8,3.3724030263708666,3.9606952807539426,9.364149213094151,48.05101472839097,50.68318286345658,Medium
6.884168432165431,9.887431011512088,6.518839982526318,6,11,2.1794578630934405,2.7875022070951863,7.846911983318629,59.487487266051744,38.88637701410757,Medium
7.6387654879447435,6.803441331604304,4.752319502625479,5,17,9.063735131746466,3.636416879640273,4.611564802257471,31.246157431947392,59.917808003423275,Low
7.627308633831958,6.262464910854181,5.446081811545668,2,13,1.8891789378382544,4.357979025339192,9.358555767241155,51.42685482426598,28.290947994171177,Medium
4.335982368927397,9.226920331343674,8.049547601330023,5,11,9.819553793693535,1.417350334867646,9.107228851586308,10.292939830422242,86.72648917053829,Low
8.595911481341284,7.934992213884621,7.817874993777199,4,8,1.9890209322837498,4.0629583197748484,1.4732535152201378,78.6314046265608,27.097125726611328,High
7.378853268994935,9.660996267971903,4.005879345273475,4,9,6.956377107851559,3.9823191913400033,2.151469875585272,56.744048306553964,63.049604456800914,Medium
9.07679807139086,6.188405573257705,3.885497075959793,7,10,6.9444464377159925,4.278849517589311,4.485072681142942,55.96646812524764,37.40038546095152,Medium
7.6662974909360075,4.441122149153138,5.177653208893368,3,9,9.381215598739361,4.824265878678236,9.364578864014382,26.702869910932282,56.34380295534015,Low
8.651984436603643,6.933991836347332,5.94650739765415,6,16,3.90819258729581,2.2383919016485723,8.597846527898355,46.846001768466564,28.909560332193912,Medium
7.69981796717519,6.467294781469968,4.684203022850518,11,8,3.9881071894863047,2.716081970853747,1.429855427808317,66.24213640155274,22.47177023566235,Medium
9.019338634304123,7.8424231998394,8.081284885599336,4,20,8.616639756985844,2.0507279963043716,5.610978439698343,32.07295773762146,57.4600894733872,Low
7.783375954026668,6.726309571459221,6.69477968341711,2,6,9.807179974640169,2.3084225081003114,7.4822796587183635,28.83220156785201,68.18148670081374,Low
6.853127130335644,9.482033902672898,6.812170219748858,5,18,1.2712490085785806,2.3193038360332467,3.4833041752935436,58.61961653146203,34.9112443576253,Medium
10.0,7.423699475154968,3.4669223421100566,4,16,6.717852286875739,4.479100075343496,7.502720498093224,51.440450645271326,42.39116268938016,Medium
8.333555683419839,8.300948997547803,8.33458143476756,4,13,3.192756853475611,1.2515932707259996,4.327529395497012,55.8137811849328,35.47711470264293,Medium
7.86061663150662,8.315269116881888,1.0,8,7,7.551660592855939,1.8107944234993014,3.4665085061264427,51.09610265087209,51.58905480694295,Medium
5.085543375192496,8.389910184824375,7.668110903698738,5,9,7.954471082844677,3.4422328572214482,4.533083443276661,33.921517803801784,71.2758119117584,Low
5.067538573804693,7.951741779090053,7.8686234753415425,3,20,7.862730012467356,4.06077912828232,9.557209002558434,13.945761312569417,72.97062242922678,Low
7.43907322321278,9.021201380820628,5.135197625444077,4,7,4.919600586899614,3.789508215934354,9.147649383389025,53.43020034085559,50.44199467551629,Medium
7.218281796652361,6.408689732348385,8.545820434494848,6,10,2.4202124776750646,1.1863027027274966,9.225561578636203,45.44408568995697,25.83058516023864,Medium
6.0788161524875255,10.798835853307766,5.8738048940913075,5,7,6.262881678559523,2.8151775251694664,9.256411976117157,44.08378930217145,67.57589633205178,Medium
7.21147404941809,7.526925233262929,6.124863406654886,8,11,8.1013426576454,1.737894352630354,2.604466820145106,40.808103999740744,54.17221291589435,Medium
9.382940392065393,5.376901724202637,6.679057574808432,5,9,9.209754992047104,4.9525688264606424,9.064552591500311,41.37710119496958,47.89549082463987,Medium
8.043103711825449,8.376146713983546,12.0,7,9,5.073798914013516,4.995567852793399,2.9104879218730035,68.59912044854094,40.71084318252712,Medium
5.2884872353708925,6.29763903510503,8.68886781616601,3,14,3.2110785741467645,1.2035941716703986,8.543220559583224,26.4143905792136,43.10883302249745,Low
6.832736759285584,9.33066906901775,7.402262401425836,3,11,2.069402258090796,3.670896513744829,5.87708997387865,60.85809718626087,42.03850942725686,Medium
5.7925502787211585,12.419211152084756,4.17439102679761,3,15,8.178409969924768,4.252259761898144,3.159660497922412,43.441571129259444,87.84811658126588,Medium
6.418450125387158,6.4268558168842995,6.287179650958985,3,10,5.817676304203847,2.299119475843388,4.586683716934218,36.70754850634121,51.52330812247493,Low
6.379576501555536,8.66474466644797,4.373751812307227,2,8,7.067656832321935,3.7745457449816273,4.9004036509211275,42.820519818545186,67.89996126249534,Medium
6.283531626093993,4.488988822590745,7.644221694565626,5,12,2.433163605831098,1.7506741392620064,7.598541261564085,36.87456296489837,24.682750562239782,Low
5.117296942039908,8.907810458882695,6.280933951469714,5,13,1.059209354849592,1.5118366130912833,6.454193243930156,47.12028216036159,39.210477142215346,Medium
6.8085179777227145,6.22857240040062,3.7509566407722095,3,12,9.708234461941704,4.701207267139551,8.351039429341128,23.82713882714523,68.2097133807477,Low
6.159088544729035,6.750330763131036,6.162249166837006,5,14,8.297993727793768,3.5701428979287626,4.571244886577038,29.212893816612574,62.31802894061429,Low
3.0,5.7974270203203435,4.301165060567389,2,10,4.600237685402573,4.2677889608899084,7.692314821169921,22.238235249924106,59.75053659387986,Low
10.0,9.464302452109472,6.302432442675094,6,14,5.114330064516691,3.1308526939738712,8.13524050765395,61.37504221618455,38.35236454224425,Medium
8.633154481325008,10.014608714946526,4.2818453672694865,5,11,9.361588239945618,1.6189014274800169,1.568298549990032,48.07895339581747,68.92772448965168,Medium
6.435548912612506,8.046770429317016,6.054975266721626,3,11,2.8688525537455183,2.5066207398789313,4.380743494794892,51.41229180213621,42.94171832033864,Medium
7.028228574610898,6.271146589328561,7.500939723870189,4,7,8.225458169284382,4.526627811798446,8.973905432510842,35.00489926830795,58.306949287431145,Low
5.242518479023657,11.179046072207726,5.893896016149788,1,11,1.161365752645374,1.0624263103899532,7.344783265811075,48.41064734145933,54.893294698147386,Medium
9.543584316716299,6.499179744490688,5.218223465655223,2,8,8.881415077548361,1.8287105281804634,4.766017126781604,41.20778183451891,55.2452093272549,Medium
9.845933042159668,3.6759354001451223,6.406552442114926,4,11,6.303556057537261,2.013146392296538,2.6467682726968187,47.552960763618316,27.227031721016143,Medium
7.235040592369787,8.916778019914137,7.394365241585706,6,8,5.29820163454904,2.051983101592442,1.8694975324484617,57.61887273197149,49.11127762008308,Medium
8.535295966278017,5.790450652716967,3.785633460236479,3,7,7.358119319587738,1.3943467795319182,3.06415728084825,43.01472485598988,47.6511957023053,Medium
7.262930168400886,9.97721758699835,6.521312309410405,5,6,1.6088601815254875,4.3928787738820585,3.2022319797042944,79.82465491976471,36.63075888937017,High
4.994911841686104,7.237724606653162,8.6350816380348,2,12,2.759895611944171,1.6380556800172346,4.335957512661059,37.734305452650176,47.45524903008824,Low
6.382264946554514,9.207426481088392,7.14731392655343,7,6,4.662865739241744,4.318697543235416,2.5922947830696232,65.18441948563981,48.884717566268215,Medium
7.197891950157936,10.803000693104316,6.115508293334456,4,13,6.560795590571185,2.42024711066122,2.314427806455698,51.02477637217121,66.0883230456719,Medium
6.318178421884833,5.582282270758556,7.279475013397789,2,12,2.300934612009273,2.8292723665903865,8.596060806046916,39.02983430424386,33.42909712766604,Low
6.672020083847446,6.8681257382151895,6.904992912205365,4,18,4.415430710066411,2.851403358419847,3.245844179522587,40.74155279073823,43.33762605959952,Medium
6.862900663736328,7.848657854685873,7.5072022183196285,6,7,3.34803542181096,3.852595288881188,6.054448322861468,60.091190035050246,37.20871062018242,Medium
6.878682253201808,11.075102638068687,1.9521367780341112,3,4,6.810124304964188,3.9251993363564885,2.7936959323117643,61.25289633984787,71.52386549721585,Medium
7.078387735746225,6.683234564119109,2.8930877326734694,3,10,9.273506046058433,3.562752112148107,5.425781555260606,30.96108542198247,66.59105445394829,Low
5.409092400405099,6.810992608101985,8.009658298966475,5,10,2.4938121998746707,4.095073934204672,3.4904081219562695,53.65238498149657,37.28040213935805,Medium
5.924475776308096,8.956281151111616,2.989441647677119,3,6,2.703350295349258,1.0332127161256084,1.781197103076058,56.294357273499884,47.671174599118466,Medium
5.073123601450046,6.845542548578858,6.8030772714384105,2,11,6.404756317402392,3.0192417247964114,9.83958246616534,20.91320418801916,63.56141543373275,Low
8.466723324529301,8.305051765795232,5.295900687935417,5,10,5.0820625789722,3.0961013760784653,5.120255048824525,58.27482417147084,42.35112948841193,Medium
3.8415295872395134,4.8969251580637465,4.007621508808006,2,13,7.462941450102716,1.9573593635633961,4.53742658459586,8.683855449788897,66.870528422448,Low
8.730385514975389,12.428659885113193,6.699299514294947,8,11,3.590967944558976,3.225483632394826,2.7920991738715983,81.50236032172486,43.55779344615047,High
9.079524095894264,5.304581539381193,6.402067007433141,1,6,5.903376545864093,2.8686294788555013,5.458292923524105,49.586176236587875,40.068203417808526,Medium
6.546729119526068,7.356494592019583,10.220685304192756,1,15,4.481453346191443,2.8884492347982107,6.716970869181943,35.90507072953296,51.51723328295401,Low
3.095294368259052,7.93503792831581,4.750377590928221,5,10,3.531377369399751,1.4738021240985337,3.741850703068738,32.56624525737676,56.44305343821563,Low
6.458034157049064,11.82537626871359,8.880220240138348,4,9,7.563667703588167,2.7410501532023015,5.323765603704927,46.72707966298623,77.94866765609,Medium
6.903723758066771,5.35030843813452,6.7048458287686294,5,9,8.16304373733317,4.065722914207404,3.133729405123421,38.75721306071782,53.3062268474738,Low
5.48410267010663,11.967408270957502,4.677956236914575,3,15,3.960563093375847,2.639959964880177,5.749417735512126,46.885026347917744,66.81278553924881,Medium
6.227172409287636,9.514353642204044,7.59849291503449,2,10,6.6067465395402465,2.949993694187312,8.084930321383252,36.40692733690765,69.41941154235425,Low
9.295292798295026,8.834190648846493,7.131477008907902,4,10,2.60732250891374,4.870081646820463,1.5419210155353869,82.6165764016662,30.43752029239733,High
7.997390743452612,6.030732625964089,6.071686589716099,5,9,8.118710945111442,4.487137136997334,5.66055070808708,43.661565579375036,50.897024796469836,Medium
5.61315382843285,9.142282484076148,6.532590712881247,6,8,3.531256795969831,4.714800629406837,4.594267740805565,60.214795555922564,48.2345670240432,Medium
4.603601245606852,6.5530267551604,4.806025937908936,4,15,2.5385927106036643,1.310706202893964,1.666372073754793,36.84368806115964,41.84935611676477,Low
6.509474023585343,10.533322506396825,4.348425749490986,2,6,9.459652560997121,3.4743227065153257,9.464581584193615,33.82858454165751,85.95655852018047,Low
6.679814830974343,6.057875941784534,7.518884347645166,5,6,4.802358528547268,1.8936474984024683,3.3385868598767914,47.53479605753162,40.38077093692266,Medium
7.744298781044974,7.773683011087832,5.552121151373452,5,9,6.7914992201449005,2.616974611796753,6.081503814863403,45.189767205438045,51.88557045394801,Medium
6.197024931148512,6.889453823973657,5.8398340035018155,2,12,8.282920236185454,3.71900068889053,4.353582259708232,29.584216977852023,68.11355231597291,Low
7.767249363042792,6.0249540751460104,6.559643191888554,5,16,7.175280854830896,3.315659595428094,3.440194363230101,38.50326038595856,47.2344933221344,Low
9.902731060090343,9.482639633815829,6.530576689567616,5,12,6.081940486198651,3.022929258863873,5.744625855599969,61.81964528006393,45.425664627038756,Medium
8.223251533666394,9.070917494819266,3.1413470580518705,2,12,4.344521131885833,4.257793745885186,7.20125736817125,56.88716797577239,48.11633354323293,Medium
6.927867239003841,10.418020397801994,8.572504172909717,4,10,9.266707328552815,3.730394517559103,8.069816807777629,37.24158093844728,79.10877277803341,Low
6.725274293420058,4.440249783583665,6.242364303801357,3,8,2.201878070838273,4.284180425616679,6.705320275397092,51.01630056102358,25.152032502632032,Medium
6.464990298730193,10.128341404682088,5.594693474355701,1,7,8.955277487855291,4.727728986340454,5.736663908456247,41.884887096867935,84.02228278322697,Medium
8.770961368678217,13.010897810713788,6.861692010339493,5,10,7.388639472311111,3.8478832078300167,7.9953548456356796,61.49986689821251,69.68186555997839,Medium
6.059029831073046,7.096717821646106,6.473084387229726,1,9,6.142696086470084,2.581581657934412,5.657103098077934,33.62275457947856,60.80689133536136,Low
7.067834063499974,11.79029722421794,7.534125378979404,3,3,3.922729853363251,1.851113397773322,9.768041532085334,58.346048627501666,59.17538809508572,Medium
7.076796852821628,7.473677455880347,7.0759673443018825,6,13,2.3143974017286326,2.0836612836555966,5.74066633835772,52.84860929897221,29.838248700514715,Medium
6.247323710782702,5.255180524877386,7.435692457992533,5,8,4.988444999080651,2.586520300194839,3.8552243010209346,41.89634618123294,40.19673241240387,Medium
4.941301678173849,7.3887351151864085,8.701987811455032,3,13,8.053835685314912,3.9603644150813797,5.01725791180577,24.984976882485494,72.37838750470405,Low
7.484461755426502,10.096407935350552,7.767249097941944,3,13,7.707787525733545,1.1606186920173132,5.409910704602095,36.951005961134406,69.7258705277093,Low
6.908494042216924,6.323647035336937,5.679027559342875,0,12,6.80897982408629,4.257125900311039,3.5513747893384786,37.88250912499447,59.424098255210275,Low
7.750360704154855,6.799322681987026,3.7541976878463346,7,10,9.932497047859272,4.032539726323378,2.4286854274230443,42.4576782918436,60.006266917524556,Medium
6.19959954034125,9.187078864586383,9.33559586600903,5,9,9.753712935907638,2.9976666123285884,4.882450727760271,33.316576239663604,78.25512144328026,Low
8.831231948219571,8.006120233477146,5.524553253305775,4,15,4.600043869805112,2.5986673070571236,9.073295376739901,47.38025708908605,39.16078754155656,Medium
5.684839328182233,9.169245904973481,5.053785173278955,4,11,2.732809083981511,1.4507882086069581,3.2997805521807466,50.37260663700853,47.78827627248879,Medium
9.56806042602684,8.475659081516671,2.5265463644711215,4,9,5.1745444283938165,2.158806303660674,4.256367984165539,62.45852482085795,40.544214799782424,Medium
4.378545235257608,8.959250639103146,6.676946210624223,5,5,8.601189485613787,1.4385122934229786,7.819507136844262,22.356113197704598,79.58014627226237,Low
7.652155096835337,7.135397628380918,6.29777320790754,5,11,5.127067789306578,4.275538061070351,1.7404596292643926,58.738329961482414,41.764801836375966,Medium
7.713146023789935,8.463461884060784,2.9697701275010386,3,6,4.0238376854788545,3.037351452232514,8.425634958983373,55.410653354446474,44.657233518994765,Medium
5.806664398088676,6.1452539886081325,6.906548084266351,7,8,7.671083505457251,1.9871471197134172,7.48250936574544,26.967962097097665,54.84788544452539,Low
7.636590906791519,10.576867245006778,5.003616158597122,5,9,6.851236706216961,1.0723573940838635,5.947877266806878,47.05696892967522,62.95756104752259,Medium
8.919278004640239,6.731450566365373,11.380630014577388,4,7,9.718279030681988,3.095683874690968,2.885309148904272,45.45141615008317,59.20679645491741,Medium
3.6747717409689034,10.25769497509878,4.861277615818263,8,6,5.94333983200568,4.008348384712523,1.8341070505011885,50.68445068132378,68.81805902522501,Medium
7.754117211236222,7.5327860780342695,5.129613335604414,4,8,9.707249719600112,4.0659751425052075,3.085471977975139,43.23027548362787,67.10454184994089,Medium
3.2600937695048837,8.403998021514642,4.2504475514912645,1,8,3.6184268019177854,1.8577048168010792,7.853457153773866,27.12490397644013,65.24899483862752,Low
5.551502794715188,7.010070898218599,8.555753042083944,2,14,8.783417442944671,4.980248046819591,9.401451571269835,18.887632994471318,73.78501424450405,Low
9.443749547351418,5.968009137663942,5.254448411070494,6,11,4.158326355016968,3.2751196650283587,7.640993726574553,57.28502340604228,23.182375352318406,Medium
6.127326949911919,4.510479224789397,4.550171692469006,2,8,8.287081681524747,2.3280281468298636,5.748553195550692,20.81930164099918,59.678021396004446,Low
5.239180053386541,5.8893516828150805,7.413910019841085,5,7,9.333875660398217,2.5712309882859232,9.556144636035961,15.055879901808542,68.18221628389524,Low
6.703093406522977,7.3521822935681564,3.2392941291736297,3,7,6.608719760917345,1.4977473969515507,8.457106054355696,32.37216978284781,57.588230173875786,Low
10.0,8.423758357657768,7.2502210924978945,4,12,7.556941789404929,2.973423393385626,6.9025358878791545,51.385853868065865,50.18902943232624,Medium
4.25247662919096,10.020758626566527,9.562799433201715,1,4,9.627757283475407,4.013181751229163,1.3411422749471762,35.51186397547965,96.42589430196568,Low
5.423035132540983,7.108485080406302,7.133215665670178,4,8,4.376408164553004,2.6376403899637095,3.5896015730966235,44.15071222392637,49.3933884751458,Medium
9.24614752476944,6.236078471465651,7.2757966325198495,3,8,5.6042535303031045,4.467410630068132,3.7738908222850807,61.372123133005516,37.63288363893478,Medium
9.786553515306599,5.114570427994575,7.740120433814967,4,18,9.08462728688667,2.9070095120803803,4.125207365161499,34.29691336032651,46.423208319940116,Low
6.844853163564574,8.960127235808208,9.419416057351038,4,9,7.055343073081776,4.602439297598855,4.504470913919983,50.16443792722385,63.24865308514575,Medium
5.141420946210037,10.766389030658686,8.419787920038209,2,13,8.862319942329977,3.812815059977754,9.454323449031605,23.46907025697403,89.75709140979137,Low
10.0,10.532660535912576,6.879339444546048,2,9,6.564290553364266,1.2200388063574406,7.676851672894248,54.78405680194827,56.759616822279725,Medium
9.391663587623796,9.419865496294475,7.807782801272003,3,9,7.65758873999344,1.2680698588279395,7.2274148835144745,46.77944082887025,58.800907327977136,Medium
8.01842048164335,9.277086634535198,4.228130149069779,2,11,1.1175618979372892,4.200425602999513,4.838634629305615,72.3787596168399,33.91988840106948,High
5.78139647659387,11.395247559418682,7.552587181494644,4,19,4.057058168310359,2.427294849827603,4.037946474713024,45.502758343653745,62.064006691554894,Medium
6.926455988742945,8.66416292283362,3.9888880576325048,7,8,7.93378663325473,1.7569802950831597,2.076203716977613,45.769212284357295,60.59921016939999,Medium
6.759459878432754,9.292259352048344,5.265955162736747,3,7,4.636071553312188,4.461281923975689,5.081459262363242,58.935479447112435,54.806401854485344,Medium
7.496276956923366,7.358432276296002,1.0,5,14,4.265620539003598,4.93322666490978,2.848081379281048,58.84553678062596,39.02778998459868,Medium
9.176502157197003,5.275913258290485,6.802859318734924,4,8,9.563970122049707,4.23499294096505,4.519093633687085,43.565344752874935,51.98844865565777,Medium
8.319125561706105,6.632302199000847,4.712255977783295,5,13,5.972936426750376,3.9005180549948553,2.4075213447497816,53.618828726861686,41.20024210363346,Medium
5.383935884522863,7.981681922930689,8.222290430408925,3,18,2.7324287653274784,1.0038342391062454,4.095963191921619,35.03454922639567,46.547971184493555,Low
9.064744675029306,8.121570745002606,6.780385221210805,5,5,5.2500401998351345,1.4238957049306848,1.386814329315547,65.96777958037302,39.93246399421236,Medium
7.469698210019733,11.852571709710787,8.24819178940325,3,8,5.668041493494308,3.683775167413617,1.0542088085994292,68.18337993647654,66.2433530311613,Medium
8.030598693788374,8.162554335182138,3.8328069106549245,2,8,9.898584706518688,2.638258016790952,8.829183005932563,30.340698790422067,72.85426049610987,Low
9.199811288917903,10.357686888051287,8.076772074319265,3,9,7.46397585084891,1.0779012972785376,6.771376962025816,49.00390851173751,62.12600270382336,Medium
5.332629625729673,7.129845516847368,10.211712688726653,2,6,5.674619175198661,3.9634786661282146,6.288999887195934,39.02623511372945,59.9107226098255,Low
6.946261631940305,7.376648228469532,7.528316599863789,3,13,4.8879168490649345,2.675060303843167,5.624146146951709,41.65355404658384,48.19023251161865,Medium
6.2028181729611775,5.341984725553104,7.580698017384577,7,11,9.239454598581498,3.6353001141435524,7.540562595667297,23.227970510101223,57.88671020730616,Low
4.648210861951816,6.515343974246856,6.33919535278987,4,9,6.813469686491818,2.8733429806682964,7.625490445254872,23.471263667337922,62.495926253722764,Low
7.5200649664073795,9.053962782727506,4.950662438869271,1,13,4.204781096877001,1.1059908575725097,9.41726231148811,38.645059646933404,52.227569632222206,Low
10.0,8.015120360788266,7.522384745403017,5,12,5.18167325630927,3.5436982722616515,3.1996945000076726,67.28572874609229,35.18959512006363,Medium
4.239883383241371,9.885877239794468,2.9878341791958634,4,9,3.503123050249962,4.15234393551001,8.066789288814997,45.08337742941508,60.4096686811741,Medium
6.951579083425795,8.3625078966901,5.164489750158367,1,18,9.643858133165223,1.623907155464805,9.920419662032234,10.22320731859587,78.81321758648863,Low
7.96081440261216,7.295092536724517,2.4578863953256356,1,12,7.317505765168369,4.56432862767224,1.26119673577034,49.398138961249884,59.136203795690435,Medium
7.184617302484272,12.296593727573917,4.592687245369834,5,11,4.530684360339541,1.726247052469677,4.365868831578855,59.8285002155595,59.84024409703118,Medium
6.83030792122639,7.812192862573905,7.284090183787122,5,8,2.648918822191941,2.6913465395743765,4.924322808489451,58.46023603203889,35.62401366149025,Medium
5.051175454831263,10.326001939410608,7.010786752440927,4,15,2.5931717640842282,3.1087480936361116,8.396490985013873,43.77133971871722,54.08093258437816,Medium
7.349180114410245,7.197581586910645,6.1018273910709455,0,14,5.299679971192892,2.255463031560873,1.123690738283698,43.306860269696955,53.34213024886763,Medium
5.86485403447611,9.419198958767133,6.340801988124022,2,5,5.20810344979259,3.001828795817511,6.38757578921562,47.186745820221034,63.761744923372035,Medium
3.7151174425321702,9.856031318303373,2.2282707642715813,5,14,4.760097748907032,3.8734255571456884,9.03320929013763,31.404088721165085,66.88081615569448,Low
8.791888330770597,8.41698394115116,5.25487543885817,4,10,8.66625425790213,3.857820802509399,2.328643526072696,52.994493240783534,60.79465611218423,Medium
8.437578729763064,3.2910341546067956,4.63729678712958,10,5,9.812648051923397,4.689130908404803,2.0401625517668176,48.219349529709035,38.03579177417446,Medium
7.07749146527662,8.036504921712226,4.681880618970919,1,4,4.193408556758193,4.448363723825862,9.998077948360026,52.38050538831749,50.32751289374844,Medium
7.343612032308554,10.46092009551995,7.199157255627506,1,7,3.6514957073638596,4.940422326855794,8.433630412290906,62.71458324445395,55.448170588081865,Medium
8.611477019073343,9.05496166605546,4.278985346989379,6,17,7.930997038916886,3.3815190524975356,7.276766638726936,42.17635569205087,56.62904146849932,Medium
7.336509485167124,8.891677750458493,4.790638299745178,4,8,5.048136501315193,2.602058657246546,4.59083109335907,54.43831968874802,51.03641037063943,Medium
8.356026332141973,4.555486132084962,1.8258615085809673,3,10,2.9581173355711385,1.960392457522644,8.685666767519955,44.73392647078664,22.285163890284963,Medium
6.553776698689225,6.559089858649882,5.411753639247661,3,9,2.628453361495052,1.9758774815134377,9.304957049869097,41.94283021836622,35.7794284439047,Medium
8.96797560786092,8.822715262302879,3.8243249045727605,4,9,3.5251098255205657,1.6036959946182519,7.591676932588591,59.36371623294444,36.30423849567801,Medium
7.481178588899025,8.820766553573783,6.158405857379287,2,9,1.0119126580475042,3.906667896202079,4.582853017718426,70.38082834792533,34.02881065501644,High
7.2910779154088114,10.429333560265805,4.097783906515071,4,10,9.472869447233133,3.6169691890204083,6.251833970516922,40.82841219325836,78.6025559087111,Medium
5.094908366931952,7.710266489707811,6.209084491098432,6,6,4.872239888989205,2.1691767844262104,1.8866553667578083,47.5003985253725,51.76974036040591,Medium
7.430433781452563,8.811648173347628,5.710628478515313,3,7,1.7456245481568127,4.568549935088001,2.4221842759686205,75.88161199055695,35.97332812546431,High
5.7520676237583235,8.032748483862587,9.344083546084642,3,9,2.4846141550983223,3.2091453812275863,8.047336086029267,47.83519579380441,43.93926702819372,Medium
6.042575910207258,6.026114526996887,6.9944359609063875,6,11,3.9100402846746984,1.2760761170213786,1.2638392493780084,44.58816332722067,36.781220936384784,Medium
5.7769365575258185,3.488417337810505,2.320724254875394,7,8,5.965245488176473,1.2458036997309403,1.442763975721462,33.11585563738021,36.827183483516606,Low
5.400647602151162,8.862019384260153,3.470222311794583,5,6,7.333444714195433,1.572747800324295,5.572211424273575,34.70056019598019,68.61298016396991,Low
10.0,8.347894416825623,6.110416017984666,1,12,3.770660699873571,1.8450534722518643,2.5347634863283677,64.90634928551928,36.85094563714739,Medium
8.997008592982604,6.763649915799662,4.1403041032146986,7,6,9.618548339977501,4.549749365713053,3.6433366988571727,53.67209119436522,52.98180831192276,Medium
9.880551253216392,4.76165388696827,1.0,2,14,7.842807125491068,4.113793516734539,4.589482823083378,43.350189568761785,42.30744106238017,Medium
5.165657470666654,9.259479028817477,8.699092627667486,7,15,8.432188929011213,1.8068965560688208,5.700298605870134,23.952137415951903,72.79597186956599,Low
7.1068806248663385,7.468159851608896,7.440448033810815,4,12,3.912811199515148,1.9939694090026308,3.5518124914956815,49.329078489449216,41.212422887563164,Medium
5.059738562193856,9.11374944473629,7.041953746983543,1,11,4.4286508529897874,3.5471520916491897,5.351918221832405,41.18564773752013,64.10982883424668,Medium
5.956457684204404,11.728097060823517,4.78535390905817,2,10,5.842556059143287,4.486092291670832,4.336161212396185,53.87049894640462,74.97899692162882,Medium
5.622809524875137,3.7171382393605903,6.855353542019859,5,8,5.065272655710212,2.2669164942928313,1.7292799862021506,36.77951318219135,37.5947793772616,Low
8.859376009662341,6.600798382595272,4.591279351558237,3,8,3.3390261187761046,3.1019862940868217,8.804146447317306,56.53231535569101,29.52033766859261,Medium
6.40565548284736,7.581248773376173,6.4097146004353815,4,7,9.97543825803352,4.561510195072809,3.532293128847259,37.3602264510943,74.38867548316846,Low
8.602569000541024,10.909652348293301,4.1588335483270455,7,15,8.635218205661708,4.082527068826165,6.484359395325774,50.78099601909679,65.10848959796166,Medium
7.906181334382777,4.72719396158703,9.032576901112028,6,5,3.1418861001212823,4.566037833151251,6.1282019374469625,62.30285677720292,20.229938887796102,Medium
10.0,11.871722051361209,2.8595266918363107,4,10,9.03158690215969,2.112295402587863,2.792501041146971,60.62546196429292,70.11445034255527,Medium
4.780833665290414,8.27171180313258,8.464567659021663,5,14,6.281973697072679,3.763736591926421,1.2696235338736064,38.923809292716584,63.942188298783584,Low
8.888849859680198,7.807998676532284,6.077831656034661,4,12,1.1130584397642327,1.4560503754381848,8.712382733307855,59.757984258529895,21.073651649251183,Medium
8.719661305601091,7.603880473562187,5.021066009316018,2,3,4.115362428698028,3.464831431881034,5.479208699295403,65.90231283178395,39.461404865698164,Medium
5.539931742959448,7.127473935639943,6.334005843391477,3,14,1.231594834731922,2.2161021460658543,4.7302076327744285,45.85065622007482,35.36990983845494,Medium
8.51070000470974,10.096233518538309,7.466696014356362,4,7,1.7899347809980797,3.8059212577699584,7.866194635282142,74.86345860499704,34.4399729806356,High
7.504217444539343,5.862958491835123,8.733493473388794,6,9,2.610795758180798,1.5674982919284348,1.2984302954555567,59.172791532004496,23.529653058244413,Medium
6.658785610069888,8.690828363287707,6.626286046267064,3,13,5.359587792995832,3.6623210762083027,7.88693755346538,41.41318671165775,56.57553444559472,Medium
5.764096769542,7.231636668586049,4.218607829475445,8,6,4.431598366377013,3.8340765410576734,4.680230170363511,54.139547722570846,41.29255727701012,Medium
5.921335822826221,6.475733102971804,6.111260247531577,3,8,2.3409655472222206,4.428625261969152,5.964613347882997,53.1897849723152,36.77741444004871,Medium
10.0,13.17195035136779,9.633586473324746,5,9,4.550998826614215,3.748306364128008,7.771953164918875,79.40193408781727,51.07327452119822,High
7.001024228436224,8.83810146950692,8.695356171025248,2,13,3.7390554202215,3.0914571271003277,5.921295328210186,49.5763684587952,49.5362756202316,Medium
8.173195002297188,9.226531089322288,7.8175269562487175,7,11,4.691403450172322,4.136638609421265,1.555950011153599,70.20354685936418,41.40549143955463,High
5.813650927498671,10.275553561337325,7.591374040244773,2,16,2.550797976403882,2.1377327076894095,7.557408021067468,42.93340942204028,54.09380799343629,Medium
5.830220580667541,5.157300109362906,7.398900181213084,5,8,6.48739934635947,3.709865941810528,8.07707470597107,31.12471810339366,48.98274773461244,Low
8.622977213874913,11.504583818244063,8.31750966901974,6,7,1.400781030987564,3.8981109058147965,5.157038422347156,86.90784634291347,33.55115187231857,High
4.975635682672702,2.9820856430098486,5.08674242855619,4,5,4.49089490632238,2.5701648043417364,4.951534656854394,31.682766148065916,36.68997864111107,Low
6.377179348142093,6.4624671799229585,3.2898278684499878,0,6,9.053971062248813,4.955866071013224,3.267330036719841,36.20154778635071,73.23240763937012,Low
7.051041116608348,7.081936653642199,6.138007001474123,3,9,4.777032481324931,2.4243588583858333,6.797464816880224,43.353348219972865,46.11163006925681,Medium
7.167058902760079,9.163446729941011,4.364836826444618,4,8,4.9697194293282205,1.3379646775796181,8.937896625902166,44.00707801970941,52.379350749860706,Medium
6.731360072475765,8.437436532282975,3.889958489245631,3,16,1.6120778895545707,2.2138975180960356,6.903718667784857,48.54218666226689,36.94238112369288,Medium
7.593729671643885,7.666370518603213,4.559442846824137,4,12,6.448278654006218,1.3977485524396296,7.941924001085243,34.695248411587244,52.29306199296022,Low
8.039283633726717,7.9760053107445525,10.970627849067373,1,8,9.427625196143087,2.357216629941766,8.537100802041964,30.157149396623183,71.65955211750362,Low
8.101956318188995,6.043953952954864,6.272249268151688,2,11,3.624493568894591,1.5114915330037202,3.0352977393758724,50.09695468457143,33.96399393417064,Medium
5.52129428699826,5.0055352110316536,6.723815672721976,5,9,4.539264837388592,2.7581394554368366,4.618939007053806,37.488427665017305,40.191146286099276,Low
6.573767353106804,9.45302324467212,3.555274385991492,3,8,6.2934229182455885,4.1119018821146724,4.9236365367431905,50.61737819520212,64.32795555346755,Medium
8.792144292815406,9.38741222507237,2.3124940824147404,3,6,1.8389004414774597,1.2697722124020099,6.030103283929715,69.35410605235919,32.70331938534463,Medium
8.341970781360809,11.168988750314117,4.361894713762388,5,11,9.552551040553903,3.2524317018754543,1.4426390920233783,54.05867130863036,75.36340966500377,Medium
4.940710822778405,6.419965806369584,8.876391170417497,3,13,5.2083700639013575,1.175310335609662,6.295664539203875,22.186087786317216,54.852938666046356,Low
7.527219850528303,9.385630420601846,6.6685509321530425,2,8,2.0358667394750136,4.538436676874262,1.7966933504508962,75.62705640655768,40.93449890887742,High
4.032662125937785,7.432586543270537,7.197190182888784,6,20,4.017045316116896,4.68553058432715,8.259129021525325,28.059172946120214,51.11225700922751,Low
7.070402353090555,10.380949970386965,7.477132078404123,7,9,4.364478263998242,2.969431374396052,9.667197889552945,54.71735485590046,48.784786230284126,Medium
9.846650525118966,10.043925553356283,4.817301240403444,3,11,4.108397793173838,4.07692465432172,3.6078310530621485,75.51237269698964,41.72820768498893,High
5.578160924096521,8.422418798448913,8.775931167946736,4,13,7.239012846728013,3.37164374109632,5.559536123298475,32.18099328921944,67.60971386042628,Low
5.748515431762627,7.3209396866680265,4.734384801555636,8,7,4.10968656385011,2.3626515119665306,8.408687905060916,44.190027698933676,40.10849576037905,Medium
8.14604467235929,9.921864357216522,8.812464718525106,5,8,3.9146856989268093,1.980563190640455,3.831886054425726,65.54196485219812,43.949957064717594,Medium
4.685797727185531,9.293809046513132,6.884604312270682,1,14,3.8987967123975467,4.03438326577926,2.419999240139323,44.552779482336085,63.77806115037323,Medium
6.050867455172441,6.631119195827635,2.4219096915073557,4,9,8.000636643022233,2.7199208706038465,7.651562713316868,26.177904963506947,62.7249544967702,Low
7.894661706372629,5.344402653041138,4.50398102679893,4,8,3.775433695201065,4.680953832734632,7.285254590402089,55.023014392584315,29.339935993928336,Medium
6.048571228465895,7.4229341986364075,2.430122934255791,5,5,1.1259828355944552,4.902767785914654,6.12950914604954,66.91758199601173,30.074890429732566,Medium
6.646045019183543,11.030827630696418,8.326564265588416,4,11,4.289816234656675,1.8415706824900928,9.499931158905051,46.164419803907016,58.1525235754586,Medium
8.116278565472552,10.292974317466076,5.950529158395198,2,6,3.5041346172283507,3.2442532202203025,9.596100731196715,61.82235814169299,48.94933205018761,Medium
7.632319125304842,5.775345060658839,1.5433151201004396,4,9,9.181155253867015,3.1477369641742863,8.753944873429338,27.47169351330933,58.57814259237607,Low
7.400227594443103,5.664485168200158,6.751493763439317,2,11,5.301155581512567,4.4723954467411655,3.637180768767341,47.69949869689133,43.80777909085537,Medium
6.491316581094942,10.549367699358973,4.92567147522336,3,11,3.111178007208559,3.7639398393263566,3.0282933767709315,63.153358961889595,53.10153163999393,Medium
7.555091672903433,5.7287281904843415,3.0323882899333534,4,10,9.834250101367623,3.429510025939642,8.52166624864441,24.819718979390927,61.94289775096724,Low
6.814400979850365,9.018590647284016,9.355931673937395,3,7,3.2206980736502953,3.7160994876428135,6.862248022137813,58.56510126133742,46.618111209038275,Medium
7.6867084148886775,6.767857569327353,6.214571732193157,7,12,7.867217305712764,2.557830078423965,4.565134273489206,39.59876729789171,50.02945434532139,Low
6.254601962323033,11.234089849043364,5.413137195373375,5,9,6.845955573973126,4.841165976215899,4.687808289105269,55.18030557143193,71.28411932985718,Medium
6.726146538430688,6.4591504017242425,5.201150438027966,5,13,5.160052834970098,1.2305025584118234,8.679989645996624,30.141006240575503,43.41383152710064,Low
5.515063311171979,10.286723060411656,2.9734410616844555,7,9,4.6525159226408235,1.1165159431662328,2.469225369015456,50.8517971093556,56.529438964270796,Medium
6.947488584990646,8.369717308120729,3.390902200831781,6,8,8.851442313764707,2.662358945044939,9.4957606881662,32.2210474225782,65.76832398608956,Low
5.783498704556733,8.504389708468574,8.569833569750166,5,4,5.275741497481557,1.6183037895150534,6.698937641604729,43.56037821190712,55.55586514233468,Medium
5.32893032475701,4.059382837297198,5.052234260428562,10,13,4.3782142530693315,3.1792012909286265,8.122219600369819,31.606297324385046,27.5441272155759,Low
7.387991721783083,3.594173293588563,6.044135401873727,5,15,4.188251844050419,1.036039615321806,4.337798989792244,33.69566008978213,25.259685319412057,Low
7.319109663786491,7.558868119465372,1.911339047597851,3,9,3.4828120432231042,2.838731899064139,6.282067242328513,52.63214025211056,40.365140543164415,Medium
8.174310602422858,8.493812126833223,3.3638159284089886,2,14,4.680693564440835,2.1796982535544545,7.74991444565248,44.703025375354635,47.85217405669424,Medium
6.353311645637351,5.7496043445245535,7.219625039749506,1,9,2.0792618894066424,1.8094413863018808,4.916169749870565,44.9885263915825,34.64641035554572,Medium
7.612079270255133,5.822613179047316,6.755423520227668,5,14,1.5861072946475838,2.7785981512513036,5.391427074456169,54.59266293808373,19.730038618279497,Medium
7.8261963584104945,9.122945259652266,9.50675039744863,9,10,5.87320776992955,4.418195847264363,6.238718459777175,60.68856501115404,44.633010511166695,Medium
7.6671607117473926,9.125708960914261,8.685912663262453,3,11,5.088353759289081,3.6215787369389925,1.5706629183835363,60.25005894271891,52.51548014082883,Medium
5.761519475796787,7.724517879224146,5.538578055030354,5,5,2.5605305191620977,1.639766599437884,8.768678692221863,47.03884456983045,39.456597219276105,Medium
7.224045223406783,9.56040344237215,6.945907129426542,5,15,1.96119288295349,2.995492234577,8.800101421772855,55.23570935514791,36.99263200770504,Medium
7.546210444081992,5.651595408559707,5.366793114193852,3,7,2.289405115614407,4.726684475264778,3.5327590552628583,65.23605968631541,26.514788344743607,Medium
7.010767700361913,7.288130165826058,10.109619637277298,7,8,3.8372004943198412,2.756899290558535,8.9184028309498,49.914610556215386,35.071154329024324,Medium
3.8702835124433728,11.295755211567347,8.2980293921048,2,4,5.063362007506815,2.8821849274589053,7.7067532689287574,40.93943321812248,78.52160967871514,Medium
7.24073443596022,8.136644259879635,6.339370181715503,9,6,2.7401509837577063,4.765430639072903,5.348722670683621,72.9013156724758,28.143046243502006,High
10.0,8.252625029173998,6.400789569752702,6,10,7.80062485705633,1.5432327319357095,4.129876222552789,54.0305914838328,47.07472366491583,Medium
6.459941096864526,12.61189317193548,8.889700574519615,3,10,2.7399194119114507,3.9401659416907413,4.594410282280821,68.7524700897071,59.005080449661605,Medium
5.907884353217018,5.201315668302458,7.159155694227694,0,7,2.1171380495867638,2.1966456002828387,5.809770238881421,42.0151817241586,36.5670490391387,Medium
7.560022839567098,9.59286073328422,9.117256034140173,9,10,9.950993823076013,4.46356663517226,4.712686317024321,48.42079277401062,67.51492672290009,Medium
7.4685673156998575,11.3279725596162,1.612704147482253,7,8,5.029404069046502,1.2174499403150105,4.78214491698237,59.932618639685984,53.82327815261755,Medium
8.789102748124622,7.350284147002908,6.922456522997597,4,13,2.530063154443434,4.96160627262655,2.8281103626119206,71.757335283715,26.77065770336935,High
5.113197766136668,9.719261573709693,4.96913027063723,1,11,9.051012532212939,4.074435279675281,7.370308046405717,24.993475195871792,88.79062138211656,Low
8.097070378862488,6.035961005578191,9.512755975255985,5,7,3.0798246213204954,2.1373319301576794,6.486324156555137,55.78249655549493,25.762503532183157,Medium
7.885633091877195,6.626535208865297,9.092797374379659,5,15,9.330219598231366,4.043423574732474,9.927113383194605,26.245370094643246,59.51443223473903,Low
6.786780194589181,8.769932832095268,6.065671618202614,2,11,2.070647682814807,4.691879059373308,2.271197837822232,66.8225474339175,42.018416476841026,Medium
7.508030976882535,9.597133346221181,9.071261957622063,5,7,8.576332263445893,1.4516695646994613,2.023645138615188,46.94895504305563,68.36891896454094,Medium
8.544186222397535,10.241873024812492,9.566229039985013,5,9,2.658403977603388,4.65431346835058,5.643390692222203,77.28700205602787,37.25363447652077,High
8.308473070042675,11.139257173878987,6.148813343852295,5,10,9.445038837177286,2.4406976926984267,2.3679168715906673,51.31075828258459,74.87025502790317,Medium
5.285471031889407,7.865106882889636,10.943867544863714,2,7,6.168192784432916,1.0258372218047982,6.495590359600137,28.552367775826987,65.24110696598736,Low
8.230237280133228,10.387223510345176,5.937317694660555,2,9,2.7092232617289294,1.4496838818863171,2.7650359780210723,67.39300647944127,44.90627293329158,Medium
6.902967092451222,7.315390313101702,5.570958099328182,5,15,8.603380488598518,4.539175718354679,5.34698648083935,34.12552810150661,62.70218605672074,Low
7.1093111470232735,9.804182623176537,7.731745177168687,6,5,4.515183929537806,4.930665872628314,6.501803048581785,66.83568581469981,49.07471567948517,Medium
7.1097954865025415,8.414977595704364,5.292418537715372,4,10,7.595320791359423,4.581488053970881,5.122367101314311,46.160290235008844,62.754474574298094,Medium
6.7746355168026104,8.891355814163848,6.170679551589788,1,5,6.79096649400673,2.7661465273613426,3.8798677413746647,46.92489207696856,67.52011777618188,Medium
8.787561245660598,8.847015748044075,8.81886884810182,3,9,7.428650701931704,4.845640414234159,8.040844743515141,52.769861725987276,58.16306800091119,Medium
6.8744230602261815,4.790589980404375,6.038437704434541,4,9,4.093434050280205,2.627400876753575,8.691922218932572,37.78175235526859,33.24271072475851,Low
5.320680807425247,5.751756282278453,2.6099644140493847,6,12,9.44942938490321,1.454784277052656,3.5024485082191563,16.476809115454945,66.052797579578,Low
6.409705216045407,8.205082879635045,6.734638775698393,3,6,6.03831831693167,2.363765985521062,8.320543612034296,38.97929336382182,59.18785404739617,Low
7.268042075215713,4.625441840717663,4.6074128418952105,4,12,1.6980454899386452,4.993684654357044,4.524706178544843,58.51776606064792,19.190722066437342,Medium
8.843822176445576,9.662422206399512,7.730542314589092,10,7,1.6006060662408945,3.5037823951051954,5.388612746432722,85.13877552002616,19.443374574402732,High
7.90464202742325,9.743111932576284,7.392379431652492,3,17,7.6440666506548025,2.3599948425010733,3.0857471905089895,41.57581630954142,66.3088833824597,Medium
5.724197081879434,8.65434110575558,8.942800696333045,2,14,8.649769925349982,3.496716388678535,6.631513981854606,24.147303126549573,78.43903954772391,Low
10.0,5.757731974484155,7.8150646015853935,10,14,7.2575167158205565,2.7165433181998,1.9083404509925848,56.601933860927936,27.867391774449462,Medium
7.397162966466969,10.76027787773703,8.180488567316129,7,13,3.4974758032818167,1.1981943681670373,6.324737733736656,56.062989416141406,44.523445786707114,Medium
8.913086106998522,12.074421279436717,4.661806479724573,4,14,3.033135653461768,1.8045105212502706,9.907462736503787,61.1068048027882,46.09287198637175,Medium
6.772428349634156,8.294153654891948,7.607972991781005,4,7,6.088929305580648,1.0769413521954494,7.7811967650036,37.76071034862975,56.36648717028802,Low
7.800038867058174,9.021070756902473,9.93690257872058,5,7,2.7710154823200575,2.0191688913210935,9.055353777709826,58.69574751871636,36.50845243317759,Medium
8.259202756777608,8.403477309592088,4.622700182726465,4,8,4.411897808232682,3.9582601305978176,5.177759861751389,63.440499012249454,42.15600236765289,Medium
8.827292067631383,9.060738377997598,9.599476583454196,1,7,6.65822108030592,1.7732743775814237,2.278948062720982,55.68801442859383,58.67878250256406,Medium
8.586052458067337,7.7608824867472075,4.901299817597339,6,9,3.564202029176153,3.112225515724055,3.596157044422222,67.35390402792933,30.547847618690295,Medium
8.308295500109466,7.930871520312393,4.296057509900051,4,14,4.378950295374083,3.80641487518774,1.4412670679631698,61.73212006958855,40.04423892588688,Medium
6.527369903208837,9.811435200994731,6.592400886709676,4,11,4.2446610539054594,3.1947296695959047,5.5162987518425375,52.85994721539298,53.95283110163004,Medium
6.142380937065908,12.69124832379288,7.431820832257619,2,1,5.144711633739204,1.061482152948774,6.847001847040184,54.62666722957512,74.30102809135407,Medium
7.498911265486297,5.199857531196523,7.82350024794453,2,7,7.069238415734243,2.4533678835629535,4.82034975381003,36.77560517972024,50.350094827942826,Low
8.399692108511605,7.792375031194066,4.076475158453596,2,10,8.041142520343747,2.7665220033984896,6.068844090852386,40.50632731672799,60.79270938294521,Medium
6.665918948835089,5.639079029535836,6.86908019450858,6,14,6.985742315324554,2.3710134027538636,3.886320234899266,32.053054157965555,47.7728850331121,Low
8.59775794857158,11.184049797152166,4.62889085703299,1,11,1.2355104744773355,3.185055102195092,1.7727228456896253,80.35482623453113,40.869419587259124,High
9.17892511822927,6.824524061360203,3.022155487858847,7,11,9.071557256332351,3.052614725094587,4.8879909319796955,45.10516323755483,49.74067884731816,Medium
5.625518621389871,5.113598412428412,4.142527368934431,3,9,6.230699069972594,1.7498009639015826,5.930180158249387,25.100618538940168,52.121444868366595,Low
5.74461894430558,9.276373997697148,4.498199268088364,2,10,9.282218444708832,4.007896134122133,9.843713137797605,24.309667376308365,83.74400889911517,Low
6.7894374116419955,11.488622229486221,7.043190320705015,4,3,9.674850622788039,1.6446548566293684,4.125460641331566,44.61580422264926,85.64596989710948,Medium
7.461419002283795,9.327195737121526,8.304427326137336,10,4,5.210621043275104,2.835861480954853,7.099926917292971,62.69890302181664,41.85948675975138,Medium
6.213149479349424,8.409595754563835,3.0535867402494667,3,22,9.247290421926317,4.0252088020810275,8.403619970460221,15.632544013162466,76.53084828088441,Low
9.028304018300716,8.818281845551988,6.703922148416112,4,9,4.288470752178801,3.7890491457099262,4.018516549381449,69.10849599926976,39.774701502884064,Medium
7.636100292277677,10.829681325651109,3.646603628458187,6,6,3.3434042930393164,2.7287435388493755,9.369381152234418,64.1699763680209,44.8370561610254,Medium
7.05917057236111,6.251601459971701,7.258170818028001,5,7,1.6626724538833932,4.1556816373754195,4.0494815845295475,66.02332799976033,24.058503840201396,Medium
4.846135714197208,7.776305791827374,4.754538837992504,4,15,5.066474088386095,3.855031583254086,9.728238787730378,27.607944130672003,57.714265938594544,Low
5.0262762753587396,7.094619702980934,3.8973419639534423,3,9,7.198185535633417,2.5381436691129973,1.0194122608538283,33.584934993548316,66.73245371540929,Low
7.4215138754227095,5.6642693854165795,7.5993290306951495,4,8,9.791521014485511,4.582053519084575,6.707559910498109,32.48434249706896,62.06953437770707,Low
3.801106560767746,7.343249481166395,4.82615478910981,4,8,5.691783500844165,1.5678380864000006,8.109336229751374,21.54763357643807,63.67585774954668,Low
8.518956114466107,10.215442191964897,5.368072097294603,5,12,7.610273486290886,2.433928486108842,3.520543770624811,52.757266442738405,61.563476832929766,Medium
6.76276923344152,9.13320429678545,1.5600218248872473,3,11,9.06532437306851,3.7912386849645348,2.053452463332356,41.20137861959392,75.94114101869143,Medium
10.0,9.2886210002164,7.8931027228469475,3,16,5.888667712358719,4.491909803599261,1.2193159679580117,67.82176384400293,47.02584920445497,Medium
10.0,8.292951223306636,7.641817042338214,5,13,2.5008875473250223,2.290318918442591,1.669662427261968,75.06577316380027,23.05748557847305,High
6.727826396128725,9.046647565457178,6.010915688562628,3,14,8.633875736800011,3.24496959815188,5.88730638486731,31.726389309104135,73.65550715069688,Low
6.840494496203028,6.398819315303789,2.944838117288482,5,12,6.167563356190967,1.0473589993234382,8.552506631910536,27.62311716001854,47.644678332506615,Low
8.493372271003045,7.380980228145542,8.418738356669525,4,7,7.82660124548964,2.4833711830544942,1.5681777873893976,51.84320693905185,54.143452494515934,Medium
9.554758914877056,8.384008473937353,4.667473227278418,1,5,6.926301349116714,2.323740026695451,2.0186234013859186,60.84843157870614,54.3802540068727,Medium
4.542956413845975,8.55503171776378,5.0932930997988235,4,16,1.5493375556847084,4.369883625655922,1.0459270190268377,54.496828550370836,44.62334167937608,Medium
4.32043680196797,8.640375709843745,10.624088112719061,7,9,2.522034672668808,1.2959067622784812,3.5404965888722044,47.06915872744739,45.14549361435861,Medium
6.066947791668428,7.723329435967244,4.5927271117815405,4,11,3.576247772056988,1.2484582884424165,9.291217474999462,35.80803500505627,44.965069776552056,Low
7.874106374760797,7.245153197739341,7.484419924853,3,7,3.562370379789323,2.7708081527770525,3.4865919807696866,60.503603006151806,37.218041109721376,Medium
7.745310385761396,14.0,7.124184524165235,8,7,8.552779346017417,2.6295560164064837,4.967330023091393,61.66039599933939,77.91781612311574,Medium
8.604657182475776,9.813574545864798,6.78034438576017,4,8,6.3841542505753495,1.6462397221733496,2.610616561764865,58.600374093063024,55.54010247439486,Medium
5.200453707452038,8.826294951905245,6.564001085109021,8,11,1.7503780237971445,2.053376780036579,2.0465608278409197,58.39238315938605,36.42462972936589,Medium
3.5257842055466853,7.5335830035872124,6.752777123778399,2,11,4.484787163285159,4.896777946501942,2.6415500194718966,38.42384347098161,63.31598317511844,Low
8.287021292953218,7.097562346112247,6.543881181881081,9,8,6.006976168914899,3.05273025742835,2.893895506729679,60.37511998995683,35.85690079015636,Medium
5.757705590552148,7.738398812546088,5.896163282447878,1,8,3.2635254697054314,1.351412310488986,2.172599432022392,46.61388525582848,50.33413719336573,Medium
3.972268203417043,8.585657687173367,9.022566248221484,3,7,1.3585050651217285,1.1989872896061966,8.123977103529455,39.9442177625436,48.09007863877703,Low
7.217595618939073,4.239128911873838,3.3746788784014434,1,8,4.422373653494642,1.1677514788818066,5.295210745513565,35.63754461645879,36.87421782534416,Low
8.189763532328016,4.861220809250632,8.042916208030753,4,14,5.150700105192701,2.5560761631785214,5.857924848053403,39.917692453442925,33.04307594055834,Low
6.816914301818084,6.726235222122085,7.644684597375103,6,7,9.142884477238004,4.462469492172781,4.371855177633017,40.708682328660416,61.71064906329454,Medium
6.313227420726266,8.414278873557137,7.396798242658802,4,10,9.17529549160215,4.331666373348742,2.8966855676774466,39.08218168161218,73.924986115087,Low
6.76095665178114,7.521453705696297,8.233958855280257,6,3,5.503622251503837,2.471545585833761,1.8451149808808736,57.330205112583535,47.01967619799559,Medium
6.444125856398825,10.956242452198968,5.814801209463214,5,9,5.243451017638621,4.097694339484967,1.683331327581298,63.49777187625478,61.584352171251986,Medium
4.977929332089749,5.035206426008463,2.2620518483462466,1,4,6.764518538928189,4.008993828063476,2.6662782317112175,34.67833659627724,60.913136760205255,Low
5.927978984514352,6.49730906079326,5.8554146805710285,3,19,3.3231165979476525,2.931981776509976,8.651585739687363,29.814850634616896,41.647703732204555,Low
7.781919857520721,11.040183481982202,4.017611564750891,4,11,3.571427609510539,2.6175506476540136,2.9489067062057566,66.985100180922,49.78481489685783,Medium
7.48251781206475,8.262238649350294,4.536281580283872,3,8,1.0230206713088974,1.7221944840600432,4.193376325309377,64.8641322273171,30.181926227567423,Medium
7.252089708950231,9.769685165602317,3.5151606523351764,4,6,1.703906889246809,2.115083949700675,6.154764793751477,66.36649631957148,38.22004928206947,Medium
5.507277277219931,12.102493886538927,5.0453102831123315,0,7,2.606532681939048,2.3547817444949226,5.602717945078409,56.65291785366955,66.08658020596033,Medium
6.727745256796499,6.612391164196355,4.806752612033102,3,11,6.765154640584296,4.250871358941034,6.992385667583662,36.64708698739422,55.52739723447164,Low
3.734402430335718,7.8013713244159355,1.2448603401457952,5,13,2.913915310660508,3.211811879693317,2.7488334659594917,41.4846518727414,50.177160005580305,Medium
7.267714995828085,7.455146198138257,7.400443822564578,3,18,2.116711043199697,1.8036581076442433,5.716440358352697,45.48630657546751,33.500640460502154,Medium
9.143286561720352,4.090813991033449,10.440643716009763,1,6,6.546742513725609,1.383310443453245,7.909742434962557,36.19686430410541,38.48446255227535,Low
4.788801801936842,7.3792063924880615,7.212474386992577,5,7,6.865750212270363,2.9866553103213476,4.487562592789274,34.43417970736022,63.48792513832214,Low
6.121108490023367,9.762124374761331,5.594152086931545,5,17,1.537058154027822,3.665266405880083,9.747049585492556,50.1898664061526,40.38937779437561,Medium
7.493660168065194,9.081179083624482,5.890507208647569,2,7,7.956082788395699,4.275534451444531,6.20154489603461,46.963139472216525,69.00859098301152,Medium
8.879263951641226,9.23816633877602,5.158028263973648,3,10,6.4554136263362585,4.189258676617005,7.073439020367842,56.16783552774947,54.43319441230909,Medium
6.327663075549776,7.248982038721001,6.180083167733916,5,12,4.5735889920513255,4.296622874191453,5.131789656894589,48.083451748437106,45.15376717962208,Medium
5.961624506101155,6.687805527988717,5.925983811853532,5,11,9.848640626475468,2.791389399738432,8.720657595574611,16.814190060570628,70.54476849223002,Low
4.046615286375875,10.538511343797241,4.317903139203411,2,14,1.0917941758236407,4.46263003137389,5.06338231597019,52.790475878265944,55.48921295360182,Medium
7.155157193962159,7.0053657072846605,9.365776777895663,3,9,5.903665550085908,2.778433003897185,9.480522822261582,36.63194750817388,50.91117544249523,Low
10.0,8.588164077586429,3.025691528580458,3,13,2.437330678611,1.6724851623390085,3.7674148868967636,68.89298392412233,27.512312190482753,Medium
7.416037692947014,8.326669361355076,7.436663086388492,3,7,3.9639949141329147,2.589514198557167,8.792374651768796,50.79950117507157,45.13582536972983,Medium
6.96658153122443,10.923434032514237,5.797604745364937,3,12,2.198820551614104,2.3601003099538045,6.754178563087401,58.76306022696208,47.960649765466094,Medium
7.483123466150478,9.94282471534472,9.80166363013149,3,12,7.013930604476178,2.5687073342774234,8.19149202465086,40.108861193850935,65.76164225783641,Medium
6.983361994077097,5.409482758665758,6.681729198496443,4,15,4.614144340617765,3.6344770522169063,1.3393115613362938,46.28473776257865,37.60776653646585,Medium
5.780478441609805,5.624893666449919,5.280188925633503,5,8,9.876695506061559,3.627666067395803,3.4955168657792717,26.713036630686105,67.5484303470773,Low
8.234919873516558,9.157819636138269,5.504585603131005,5,14,6.884624055708344,1.899606077529227,8.623709684274367,39.69331020351143,55.32995448223097,Low
7.338642284667632,7.871324705241667,6.079813389039522,3,15,9.256013354895986,2.2637222756768085,3.865003240802038,28.68887679218896,69.76024618538439,Low
7.026419877900486,7.089656432092472,3.7144186100071983,2,10,3.1674446904958247,3.3814195877382027,7.413898180242451,48.95035227124889,40.18764208932717,Medium
5.536950959082625,10.031255767988942,4.466260949764177,9,3,3.869056568387383,1.336513842146033,9.929699331232808,50.52695102903265,47.97060639155428,Medium
8.955261897902139,8.374918764177822,2.430112061616285,1,8,4.264140155232437,3.754656784867372,2.594518747018326,67.72297009308959,43.857608396877204,Medium
7.997054117999665,8.104914773778887,4.154046203251812,5,15,8.546635128679286,1.7155692211205338,4.757913464533674,34.182399835864196,60.63178779240705,Low
6.170618743949047,9.559657281510098,6.1878129633209,2,8,2.905081930026474,4.402844549987395,2.486140396895334,64.55715191521136,51.664919913085896,Medium
8.502737280522906,7.249782010112871,6.6003500985690415,1,8,9.5204870024765,2.6063506297350463,2.3885780905981893,40.52771104003589,67.45265208873566,Medium
6.253643742422189,11.137037970945109,2.0413406100071962,3,8,1.3922118011013356,1.8832234658939973,6.697385438532324,61.26401380271932,47.8498242072113,Medium
5.826994761233444,6.423904753533984,5.725576593911599,3,11,9.008722129345335,3.6712816344005144,2.7223843309073095,28.305955830834257,69.71036853984465,Low
5.860445323779569,9.313858132684176,7.126819901644264,3,8,5.062724904527795,3.216123222686612,5.343885540434385,47.62811359429568,60.83950072959418,Medium
4.343397170367863,10.867665677319689,5.674175613247529,4,15,5.733082306760709,1.6877425121367815,9.801473262597723,23.79557470660715,74.52083428204048,Low
7.707313570627308,5.2454090214558,4.7324227084444,2,8,9.976576982417235,4.3086441619212135,3.998165338348829,33.483917730251015,63.88922360666491,Low
4.2532826824924745,7.313329648295102,5.175677709903573,3,11,8.830431822955823,2.8131562986810583,8.862668620169163,11.129697800740642,78.86571923630042,Low
5.1573342531013555,10.284414785771116,4.918473290045556,6,6,9.136194317799605,1.6089794590796167,4.567285552762867,33.31659139953549,81.89839372623622,Low
3.8866179863822,10.31448909546205,4.726538881783886,4,8,6.269815057539267,4.184727816907985,3.365784195511976,42.80466801950428,77.07998831166401,Medium
6.87089546081366,7.657008799223521,6.347647050489697,3,9,9.6070760429493,1.533737926913977,4.026265328041687,28.14199159406264,72.7024995553726,Low
6.774519309592192,6.530657812646281,10.615376455470901,7,13,7.190248893733086,4.872154007189094,2.149178296094119,46.53063044397834,49.75121432391031,Medium
6.509955680220454,9.911871644661524,4.5126001661896336,4,7,8.37394329165292,2.7672392332696356,7.1108664035838665,38.589355192597736,74.65958814818589,Low
5.436133457994136,10.36709820516321,5.3637147346771465,5,11,7.488405168685468,3.912889067737242,5.581179502175921,40.22444081573167,74.76006491044468,Medium
5.24164936984504,5.67067330297521,5.896604121249537,4,10,8.028229877404879,2.807870918825991,6.524474168303889,20.465393691673693,62.800152385178784,Low
7.696554795319861,5.59217270206724,4.625291131283413,1,13,6.741738594281245,1.7502506720871054,3.727834999571095,32.324270093858,51.17838762049105,Low
6.174172102437268,8.450513363967199,8.196471607046853,2,15,7.53767754772671,4.032456126531372,6.881184688687321,30.141943323771976,70.29985388640347,Low
7.474537482304217,9.258721266857783,1.2582292533871238,4,10,4.923446300421349,2.1574280851811154,2.4813899946248275,56.35407489001868,51.18272676892778,Medium
5.672126970813666,7.40186182953989,4.937881659242649,8,8,7.361806540947913,3.7296713318332526,6.872254444010787,37.897967477141165,56.69241977385104,Low
7.271594114156623,9.358587639964698,7.636627472639924,8,13,3.4912949720302344,2.029490873585912,1.7302434236584654,62.4765163637627,38.03357662426132,Medium
8.954917055974096,6.579726786325236,5.411811383222733,3,15,6.714467113958307,1.96443311168944,4.602458399977094,40.69150122851737,45.59583542079269,Medium
7.879248700589175,3.770612801852529,4.358322082299417,2,11,5.7137718926668315,2.829782470167705,6.4877774383643265,34.42573133139329,36.80583746488602,Low
6.38137927267528,7.152197855334808,6.8815135088775286,2,13,9.08683855471491,4.264957466536005,8.697857901482893,22.31377588537957,72.23378839786069,Low
7.385798455533891,8.126464293026203,7.812686470794304,2,10,7.059005590266976,3.4545322080149394,8.311735234853547,38.36302665797151,61.55617341928213,Low
6.6390022382046805,7.448320080207087,6.421270890430117,6,8,6.369584847629544,1.2586754379906928,5.742550693158291,38.61837165940326,51.52342413458165,Low
7.0118202770420925,5.68279347268103,4.397559280374233,3,15,3.817666933481059,3.935458785431675,8.950336276313287,38.2102264464162,36.42324130507686,Low
6.511583421777244,4.3687020482423655,6.912406638303486,6,12,8.765235264451965,3.3190840050366424,5.553126687271964,24.048562557949055,52.49220357421299,Low
6.753497191171913,6.9718223912642046,5.19590139945042,2,7,1.48741921145933,3.4942621195482175,5.654500440594055,59.37368729912579,32.681937698877725,Medium
7.318140029611262,9.795311543299487,7.490373763787655,4,11,9.097759286308017,2.4143126429708937,7.484982820096126,34.088487407654064,74.31234293474098,Low
5.5099619506270745,10.512394878827365,8.966517769713182,4,17,6.876798256347087,3.2246466041696062,8.900040904940244,28.80819342216501,73.8167724827268,Low
5.476181759515033,10.37542676827691,1.0,4,12,2.7054333685912435,2.4875547943027287,6.424448466628769,49.85266935034792,52.98888001049,Medium
4.917186169253183,6.368180929702894,6.222134946391265,4,8,9.126959521559307,1.326022684645268,9.497725803276882,9.601549349429844,72.15172993312888,Low
4.599593343244435,5.692587352739272,2.5285321261047455,4,8,3.937185824768218,4.377721121978314,3.093274594473524,43.99235419835594,45.562823061781025,Medium
5.174075961669281,8.993269229959791,10.883577170659542,3,13,2.514453369258508,3.7121068910695945,9.318784861291556,42.73378141682129,50.10231437662838,Medium
7.239193760206193,9.270200023195851,5.063750932407619,7,14,3.872314554444978,3.6817560485225855,2.9948765971709728,61.80534635943468,41.55718566885726,Medium
5.660818726762174,8.800339210400995,7.492746483650745,2,9,9.649650955341526,1.7747150584178315,5.737739474304877,21.82028958633081,84.15487927179805,Low
7.770421696346644,3.9718734515244734,5.929366280810209,2,6,7.774826493760543,3.654386260967805,8.164286166015698,32.07949939949566,48.127366606690074,Low
7.052070623128842,6.2662308302330665,4.393830838561881,2,11,9.25113818954085,1.9281224953814071,8.21425750567127,18.510121273749142,66.89973772214658,Low
4.04724367984292,7.940622419428043,4.155893905645146,3,8,3.689848271607037,3.7501387484176125,3.5034333595251796,44.223372534154656,56.83415850651077,Medium
7.982463376332535,8.974436389260854,9.171358346201519,2,11,1.7419535124495278,2.3341219384836442,9.873056982669773,55.747719566469314,36.02433253608703,Medium
8.216197968387565,9.534614725204973,7.911876120356622,5,8,6.0647970424596584,1.630055146942221,1.725430799075363,59.37434739354508,52.7741522763508,Medium
5.50920598774772,8.28850704456408,9.887168174755127,2,8,5.34700695974615,4.625057399599974,1.3130447235901714,51.67387857771102,61.80913791606876,Medium
7.630287314342487,8.661567613076471,6.110906670315399,2,9,7.485443054414461,1.4186012979238227,8.573765131393603,33.83213404765299,64.56826788052521,Low
5.715252643886202,8.169730916722209,6.575839242492001,8,13,5.8840766251991035,4.047151266462292,8.37117019517842,38.931685637199145,52.081990999914694,Low
7.146505565122503,9.371238748436966,5.465616868689423,7,11,4.568200979288239,1.407102675660611,7.41535701772018,48.415412414756645,45.741709956678115,Medium
5.103252389567551,8.625731302981823,5.425835593769982,6,7,1.0421726867060082,3.738878572259259,8.656966217034345,56.99443109023324,36.308937960047224,Medium
4.310340321198135,8.131475320094575,3.9162261350452634,1,9,5.20971902565147,1.4415423786340722,2.2380333060461837,32.414036585614106,67.54514568090048,Low
6.425774215580547,7.463262401725238,6.168020381848702,3,8,2.0857853829511046,3.0352978824822947,1.8611879043678337,61.22234040950383,36.9937304446192,Medium
6.814406580587746,8.162582850084963,4.421506810227606,3,12,9.298009927949385,1.7519827674052473,9.724623697998366,19.11776783998756,73.28909218425824,Low
6.403480459578094,8.96918275767855,6.883817844328405,5,8,9.295356974772139,4.466326330864585,6.618141935132909,38.30553528478987,74.32867449969369,Low
5.2239541626661605,8.534950777796123,6.340020437960419,2,12,8.232841066396892,2.6059382772474002,9.278620724738191,18.031968034671745,78.10163941201101,Low
6.400151406803294,8.761652836690507,6.575364087351445,3,10,2.4208000081906977,1.0617053980005244,9.157989017910083,43.928666092677545,43.526053164582315,Medium
7.403942128871101,10.68544372270237,9.350259879380452,2,13,2.326949323636609,3.512645008760203,6.8782585543255,61.23118567276011,47.67577685982816,Medium
6.932660454816195,8.530327845493176,5.924564100468817,6,15,6.06979210379875,2.7805565556358856,6.656270616366911,40.067271445048405,52.773540010944096,Medium
7.27375154589882,6.702002959053685,7.513454005706857,5,9,7.547155921886778,4.4389571883786285,4.2395122357613095,45.754140469262964,53.66987797062869,Medium
5.99482719931865,9.767213571988338,10.103018928171164,7,11,9.140853426131333,2.7325767111272707,2.341990503567931,39.026640188735975,74.58183195106434,Low
8.757576872074239,5.267603324662165,8.613234138590094,1,7,9.046309379218195,2.6445619204990116,7.179444574082879,32.25600629317748,56.73678043725767,Low
5.23573999516783,5.837173238521426,8.306339396909689,2,11,2.397948226990787,2.8163728608525282,8.360745129517568,35.14582296712914,39.49078066690642,Low
7.731340445630078,8.671694529440138,5.386623568959,6,11,9.959265550685988,4.43941607290075,5.901613750337533,40.928061209772856,68.95019337625115,Medium
8.772836639439943,9.032793335573157,6.459286111135594,6,10,2.4111773341950746,3.3472902461061604,1.4578222610381224,78.65973963056656,28.768926882444273,High
7.721362139123343,5.50989755299201,3.3634474159401164,1,8,8.561064254399236,3.677449680942415,2.3042593512439233,38.93451554937829,59.696498815403366,Low
6.696213659402755,7.2343650380265,6.997828801928829,2,11,6.282510004930611,3.8816435446231745,1.9176430457368783,45.42743306831782,57.4235862572695,Medium
6.207554430005532,6.787832335560683,6.548920355227684,5,4,7.104578268166442,4.750062089762629,6.92048483766103,44.06211064785905,56.39186933785021,Medium
8.554131476569385,7.026647354236807,6.046770250312362,2,7,6.4357459943726445,4.350082370549471,6.083101784231811,52.98146268661754,49.43387231113678,Medium
4.865537612107491,9.887195552545892,8.05438957648572,3,9,8.827138381605597,4.709137046572776,5.198502645493126,34.32157953005745,85.69322460497581,Low
5.544813609430534,9.413010927094506,3.584450355151207,4,7,6.733879141492533,2.3732197607370793,5.890677003108682,38.91190020413565,68.9198282731894,Low
6.403663351762418,7.961755640292585,9.269725702320695,4,8,8.637974393326296,1.8593601685328656,3.4835935811883214,33.87406291452498,69.23466218928544,Low
8.856480636267998,6.908076145770144,7.803529375880568,6,8,2.3893118086453833,1.813558047723292,8.242544543694942,60.676537535962225,20.483019263532942,Medium
7.5696514540613435,5.300700659559719,5.858732040696052,1,5,8.800360576716386,4.431204368602624,3.956907262352551,39.61234501488975,60.75221614740687,Low
5.547931362234632,10.840369877563898,5.7025408243652125,8,10,9.936579883797643,4.322364923523963,6.798710744976047,36.72464179870217,82.51461095245186,Low
6.534538441922645,9.184227800569836,6.961222430497188,2,7,6.9535611549521255,3.601646445586817,4.517868219687797,46.426249199229446,68.58657204711407,Medium
6.078515283855558,6.586661791853719,9.041702464127559,7,8,9.787249938695004,1.2517695359742178,1.6494987247569612,28.60279839746425,65.68916255129258,Low
5.935316511649697,9.439198995249782,6.203215437380021,4,13,2.9789518470640184,2.2721926295311086,3.312562819790763,51.916720350988555,48.91413682058051,Medium
8.468334337835168,7.859552758850748,6.288061803958453,4,8,8.463548083118022,3.9368051510739637,9.685884946559217,41.64899764847533,59.137712898126516,Medium
4.942385306104741,7.425780990275314,6.036236955251742,1,8,2.521422850328139,1.9942750949421684,2.7148340839734137,45.443081844516755,49.042809467739126,Medium
9.41317128360156,8.870423056579204,9.564048225402946,3,9,5.643484870134231,3.4962356830896977,1.944358242049966,67.6213570172483,46.803286809764785,Medium
8.242344535276935,6.51700350017455,5.262233794125953,6,10,6.976314923212664,3.170964887498158,3.6203697300428517,49.334511900502726,44.18903162778556,Medium
8.636292505905548,7.31248696097978,5.940984802761857,7,13,6.942360267041939,2.050689496241054,8.901333171681905,39.92661203372746,43.41840548175235,Low
6.305590731962113,8.242922128399092,8.926871308521989,6,7,7.037748476668551,4.737352123337036,3.7542378189372307,51.29108273055708,59.15796933476846,Medium
6.775088921381336,7.0010976142295736,6.294021667225727,8,15,3.888322237220693,2.0269561970392083,4.75642125666292,45.80419499819941,33.4374510159725,Medium
4.850272278212932,9.338170420535048,8.274117720091045,4,9,9.763489873072768,4.579164620577262,3.790692291721309,32.27307399081232,86.49276900515522,Low
6.213006389399796,11.738133007356522,4.177439886194083,2,8,1.0589769459420282,3.163727676633114,9.900762064342121,61.77740767154014,50.44142329811655,Medium
7.740482271464726,6.491403734785715,5.589414956742972,2,11,6.588986038378664,1.3673120520864583,9.998875892271641,27.67087300765,51.709491899669466,Low
8.944094592672094,4.669749407391912,8.968868076880458,6,9,8.79498747481895,4.334499021352462,5.3449547792528636,43.64068816796009,43.301850755509975,Medium
5.339264774796322,3.996519665047477,4.647320568472909,5,15,9.020018846362557,4.165728176871407,8.06343138611668,10.854668111798482,59.24631352331172,Low
6.451741094522101,7.699063717010036,5.697401920460585,5,4,7.481848612607491,4.323898120380004,2.9805385380975413,51.02222599951391,60.54824176695438,Medium
6.773051169651216,6.673670819747635,6.513370461782957,7,9,6.173309840720682,3.552594182556867,4.368656320247476,47.16591484206311,45.29372859683371,Medium
4.9063161967112725,8.41572100213416,4.021690964014026,2,10,5.116015501745135,3.8464625052992862,7.1140570428586445,36.41961327946194,63.73242168176041,Low
7.887023862637601,8.265195344052202,5.172379762756206,1,14,5.0456439542374145,4.62823192065798,3.5769556050867095,54.2282106708306,51.875238965174375,Medium
5.914014502386086,4.793566306771808,6.225273363651281,2,16,4.825892182879583,1.5107933884848936,3.0222886856786,26.33119856139534,44.65170282662626,Low
6.706914473234464,4.3702323410371875,6.093363468323923,6,10,7.299033826190218,1.3321513774203892,9.300140937959682,20.50295434747687,44.46451919723619,Low
6.322075942132184,8.59186648069219,8.56070404167427,9,8,7.58087595597344,1.5003025559426586,3.198682683114861,43.294632614489764,57.51614457552632,Medium
5.8159922414204885,8.270857669439915,9.082914389664507,4,11,5.6328611393071615,4.480286570741027,1.5335003704678642,50.37007926703192,58.14940083545211,Medium
6.989432521779168,7.148364003266898,4.287830255998177,6,9,7.667305886097392,3.2517367832998425,7.759792125773355,36.99695900140807,55.28280583513148,Low
6.676585632147966,4.68571282973539,6.222537038334979,2,17,5.756096635762685,1.7042611250772994,3.1894145913592125,25.939981142718064,45.545092459224925,Low
6.442213176582001,8.942782525529982,7.348496616849531,4,11,1.8761653273614076,1.5668482733595392,5.051657326408337,54.398775771118956,39.49941712993413,Medium
5.907307567479486,10.543799090847887,9.032694931598394,3,8,8.664535625136956,2.7816942214585727,2.004013305693262,41.914218430519966,82.83883297304241,Medium
7.479287006174433,8.555964880437845,7.436980594634258,1,11,8.834324068644317,4.26293622364239,1.6166402056602738,44.286217687890506,73.28703267575332,Medium
9.480425902738428,6.3050522188698706,6.581826803184663,5,13,3.3981509565513766,4.220706878246398,5.1440110456105295,64.7140996664622,22.37524921267903,Medium
7.209830849258691,8.089104331142302,7.333085063965261,3,8,8.077900731320044,4.405012275776011,4.0337950798338245,46.262386911205574,65.33380590502651,Medium
8.494177322366694,5.26777183813263,7.347537668672519,2,8,5.6005389886405,4.075778933644157,5.553327042388028,50.11771139676606,39.11984663942455,Medium
4.914667112269806,10.115921427677584,4.144571415431264,3,6,2.1162446211121857,1.2464792386587127,9.692049297341816,44.72322892507607,53.39374399341034,Medium
7.236642158940654,8.163688669059077,6.385597585012538,5,11,4.581988261631487,3.8806676169379064,4.666494576231495,55.49566669110052,44.65851692637978,Medium
5.3539475215434,4.463686176493536,8.918321988377382,1,11,1.6889676244907539,3.0758451615802427,6.4239139336857525,37.51943502049777,32.289634518640966,Low
4.784612608702147,7.398651279112634,5.5852864626119905,2,14,8.078202962010636,3.905648852984928,1.8783584407155913,26.72272026190829,75.04733664169436,Low
5.890942888811446,8.926603020468463,6.258893285094889,0,7,2.7661011649608094,2.9371309585362306,8.973258444953586,46.54627650998543,53.534213686052844,Medium
8.787849001620359,7.333904758048956,5.514967100947956,1,9,2.479527110005212,2.934156204388852,8.252749930999563,58.37913113008718,31.98814707612156,Medium
8.425023743004468,7.448208557119652,1.37228100878625,2,7,2.8768386839245887,1.5045386439618738,5.701663050340946,57.98954858713235,34.07612887403195,Medium
7.3645070830816,5.5511955859054565,6.0411803544693585,4,7,3.0351791146584586,4.620900966559881,2.6503918684896766,63.433658722103026,28.744842529903636,Medium
4.700949160165104,9.133081974163312,6.603583861305745,6,13,7.065569629329037,2.4984870256768787,4.833549274489261,30.61436326357,69.46021162209223,Low
6.705579022918095,6.703061599961725,4.975013218238196,3,11,6.747408838985676,3.3294963694013706,3.6764559631778324,39.08744777157272,55.86918142072336,Low
7.452550013352603,3.6871092459899346,3.6907261022305438,2,13,2.1640296170044158,1.8286250657515635,9.950650798538641,34.30723896328661,20.91204706866736,Low
7.263304344367897,7.257485258659212,4.238787080436701,6,5,7.519772674921601,2.475555594639413,5.417544596800795,44.50219513104242,53.78455329791434,Medium
4.234309624778882,9.962299431140707,7.528375232271128,2,7,4.141513927382041,4.482309692737919,4.800097944865021,48.986312465124215,67.527676024499,Medium
5.664523227970192,7.226141106800105,9.94504954609381,5,6,5.117254576331932,1.8383974608676996,2.521524844989697,45.28825214956517,50.58473922913838,Medium
6.903883353776925,11.475969970247041,8.764866681810865,8,8,2.1237396383755955,1.8244224533691713,3.151980544325732,73.20137483374225,40.69428689145471,High
7.804436364275785,8.857935897097034,3.3113079903388964,3,12,7.3776345048850205,2.0419964410699607,7.404289427690224,37.269672951198054,62.17408372063027,Low
3.70580826835008,8.677516324560733,7.7092546211014055,4,6,4.385999324842072,3.2986443517691617,5.814183993172513,40.01042361302527,62.58798717388166,Medium
6.756814036780212,7.743203468164782,4.67367524838142,4,5,6.68916642946778,3.0827528841061396,4.222281814342339,47.77626520582389,57.35125678235459,Medium
7.214573154818429,7.8634275844714185,4.835465874982446,6,7,4.844988501937498,1.7012880075516401,3.6731231728971343,53.62575438748224,43.098656706937966,Medium
8.27441798277432,7.473152729760992,5.076048804057432,4,9,1.4398192058927566,3.7678760836041127,2.8066622161927706,73.80202004861496,24.082885312434072,High
8.039286376356156,7.395461215834947,7.412133899710861,6,8,7.331406092706158,4.630160116389217,1.3050810357072553,59.33884785033605,50.036254482757805,Medium
7.873856978213208,9.061734324134298,7.918506752898076,5,7,5.972573442220414,1.7953155093291562,9.794349717466464,45.9051097075738,52.05117793419548,Medium
5.8000892399470985,6.128337540418869,5.803937857440424,4,9,4.908204297915928,3.6918153018504545,7.7779931581956685,37.45995227011675,46.77679925199135,Low
4.137996794315039,5.848212342551481,5.837858517983951,7,10,2.8139679163705704,3.345538363673735,9.350837336025986,34.3130315900162,37.08549234325956,Low
6.410420864407898,5.753609898249245,6.9285274864715864,9,5,6.619088933375043,2.3157558421598208,4.7129577975485955,43.17943279911935,41.97186611762368,Medium
8.50244773781284,12.091309095354308,7.135989079048484,6,5,3.4767770175468895,3.4713224746466835,8.824444752836808,75.47802234104344,46.414848210756325,High
9.090181791286646,9.06068580334116,8.352451413517059,4,14,4.862568687633365,1.8396355528318713,3.306249297188325,57.995005997966665,43.21822192011648,Medium
8.065823653446678,8.608984403360289,3.4312560489816026,3,10,1.5083663237987648,4.335819333767808,5.588513325168003,70.82556685007955,31.335130065750892,High
7.644011234202601,5.884970659413137,6.04005467960806,4,8,7.990718564515837,1.088848346075117,2.8223149586864995,35.87272678251354,53.08992638657054,Low
7.569459472578949,9.246684601349656,3.863951248217645,5,5,1.810333741763352,3.2682519070962552,7.933034488022265,69.12494587911132,33.614728444045674,Medium
6.165821879858829,7.766857307093343,5.898115441873194,3,10,9.017556470198915,2.2751207275176792,5.478418062397509,25.953274477918608,73.24131769757683,Low
6.80490955966957,8.4283378822635,5.547649424638478,5,7,8.80817157143104,4.525442879696193,5.8264564455530365,43.13475652341295,68.22403486328973,Medium
9.503604288739496,6.0467593682728875,5.9065010921945955,2,8,9.739809323358058,2.9974650721633203,8.735091667332092,34.2755825957653,57.96398481390944,Low
5.586162991312186,8.320537714835153,4.400514223778936,5,12,9.175971185244494,4.209952157083546,7.652956757198405,26.437867961225752,74.8649263908136,Low
9.422168186064777,7.152332923587034,3.0254204135851426,3,7,9.742668887947032,4.695281379404614,9.696393610593873,42.45013995573071,60.556330822023654,Medium
6.516957768261912,6.468777685939624,1.8111249465701942,2,14,8.985486197572392,2.3373982058547202,4.6480239926437985,20.899418086894535,68.63917768487615,Low
8.988148163642618,9.468212671614497,5.737639691470319,0,11,2.0125774453822607,4.521367426285672,5.153092502240704,73.07889861282533,38.53171708695163,High
4.889777485753693,4.924584382939996,5.137997788334122,4,14,4.9391367682870495,3.90511571229827,6.538048171838043,27.066387602791913,46.40701020798378,Low
7.878856301746974,9.1295525286283,4.648124670392345,6,11,1.6854072563011107,1.4326975884318527,5.079812063447676,64.48953231308512,29.402086471487515,Medium
5.8948447960785675,9.368972267105992,8.64509692566332,3,12,5.907683860114029,1.4156797950851732,4.776538417014645,36.18337968677063,65.04084313834113,Low
4.877099212113719,6.240712648897519,4.281123626409379,3,6,5.767810853312673,4.269381563255639,4.065145677369555,39.46247932938449,57.21153891427825,Low
7.327801063616419,6.3593430777350655,8.833668164277606,4,13,9.299605241046635,2.8732643584198367,8.486957973943833,22.46356587056831,62.616115453670815,Low
8.514207682893954,7.553948637467196,9.247687488538514,5,10,9.72725270603485,2.980601083880331,5.801404272784289,38.58337448828225,62.17691923910038,Low
5.732587842109755,8.564072420924441,2.098199066421238,2,8,3.3367964214262766,4.564986154858698,6.4666281625981075,52.62537197617383,52.00008164797567,Medium
4.751476059312398,7.694290016371549,6.184762917997939,1,9,6.2408156478588115,4.615213347394662,2.8366798052579076,38.676021305792105,69.10171173351033,Low
6.862232853497567,8.867124920383759,5.200607018328018,2,10,5.1799761068765395,1.4508239387465536,3.265988323700361,45.89337042342788,57.30959299190822,Medium
6.868847006834228,11.525959305074798,1.0,9,20,5.920616572668574,2.494593291778235,4.058138875787204,48.9911842823551,57.81981651281165,Medium
7.8224794413317476,6.984566461700572,3.1107174938631714,4,11,5.785552855800856,4.580907077076594,5.188320786773481,51.496288256760515,45.54970189635432,Medium
8.424391857046732,4.5696400585931585,7.549872214216949,1,10,9.227119682823703,4.279417393375856,1.3953457324987237,38.93715694091946,56.485909188079205,Low
6.910877228091259,9.651847166061307,10.038398505422528,5,11,9.065131977270726,3.8840352841435064,8.995522254286492,34.97008185971756,73.53276591564344,Low
9.783254972191394,11.36662915185506,7.805356285398497,3,7,2.104630137435085,1.407868815091355,9.133410290077316,73.16926604750759,37.03580375788811,High
7.336352116802938,8.785536726102249,6.647264945025955,2,11,4.105991605751752,3.4847782648234666,6.955119280471111,51.50821473434512,49.70360762033847,Medium
6.480360240989651,5.824502649292664,5.957335236737825,5,14,7.7749756623351,3.3274056066479214,3.844475507403296,30.72990780566032,54.96489164604961,Low
4.582648961345758,7.752215273529598,9.365325829296228,5,10,7.1558839524705675,1.6686682442742518,4.467864741960339,26.21885952977226,67.16951459057282,Low
6.606010719525749,5.762953031576735,10.29647840391528,1,5,6.680733000485718,4.095435158935745,7.606458989839774,36.82675129324658,56.1899269793687,Low
6.495419581883295,9.285710987925896,4.826314640951628,3,13,9.944293890668472,2.247907939714989,3.5766190493224608,27.96936120794266,81.963396957224,Low
8.440457194422205,5.2974191946031315,2.000026879379418,7,16,4.032415515684538,3.4825028919122025,6.4802622035173165,49.22211334512274,22.56422931761995,Medium
7.693725436100281,7.3997424263436,1.8036250734575967,8,8,5.637238352037334,2.447341943225574,9.156439703259329,46.958816723894735,39.54220474505522,Medium
5.230946317551075,5.991324347412187,8.643761984319603,4,12,9.81235335926147,1.3375808524196824,4.6940304885200455,11.101908827021264,72.78086166089824,Low
7.2583815796165565,8.253649370269924,5.905882918451227,5,15,7.259970507510217,3.0991795698556865,6.283438875665679,37.29385346382054,58.037091914958104,Low
8.00729675759358,7.267316645724485,6.366483820917437,4,10,6.838122449687578,2.22657254222262,9.357308083619179,36.81000475094389,50.96170757741282,Low
9.29204703908175,8.353524206500527,2.4186980140865737,1,14,2.3927251604589896,1.2852520133903589,4.0652340931807185,60.12519875580695,33.149825276488656,Medium
8.33125595112109,8.044701109932731,4.493622174423067,7,11,3.2199121310085346,1.7940356643703756,7.836757709617454,56.4436905128978,29.15681839558164,Medium
8.141269981467216,6.026681944551779,5.409038372198435,3,10,4.397258704480315,3.475423076763648,7.796096703062414,48.25656597619998,35.683461339313325,Medium
7.090128991922746,9.253754127058043,6.415676766728141,4,15,5.18362390326974,1.4055279975362467,9.35645674424857,35.490691743673686,54.09163932257649,Low
7.582468008135175,7.902468696313769,5.202815922172482,3,9,5.474892157346418,1.3498653642084792,8.727303872648339,39.416143560914776,50.274036277792334,Low
8.874257351059239,6.022941984268199,3.9253476033973147,4,5,9.119234632866812,4.776086276123404,7.739453652265249,45.30860702862087,53.85310702981899,Medium
5.000833903780525,12.481853112411585,4.430866014794955,6,16,1.9649078713805128,1.4300935164856594,6.7286388529383245,49.70191413057366,55.46800852352267,Medium
6.475841009174566,8.95286033343425,8.416646571894466,5,12,3.2351731304559643,2.5042389132382294,3.1706946189834198,55.492794946640615,44.22063961435165,Medium
5.841146876865639,7.693478893201389,6.4895692392069995,4,7,2.2927042319359763,1.5336435619339492,7.035838054011633,47.589546000746644,39.526377090922985,Medium
7.568729678089186,10.830409053403647,7.224313613911104,4,9,7.617796531777999,4.757076368969,3.4879911953665172,58.66287083356438,69.78365238562341,Medium
8.845333263476181,11.683631218773215,4.2022523782453405,2,7,9.735218209982149,2.9246455980137727,4.9601764482057025,51.91689462034521,81.51288609239361,Medium
6.10453856991839,7.70930115537223,1.0,6,13,9.045647230489395,1.4444769684550804,7.387287731509369,19.91926702351947,67.91009888809869,Low
3.4145434487958433,8.694794972869524,4.953791386231007,5,7,7.509706919249908,4.075265769702563,7.074048228912604,27.84192598400083,77.39004393581558,Low
6.381668882463295,6.0239943639941185,4.266858891149007,6,10,1.1937052375162527,4.123146350827756,4.610791835978497,60.65277883253093,21.98844711274495,Medium
8.37021059802611,7.705614498463977,6.698024537256159,8,5,4.123277829977037,4.6047978533669,2.644081173784509,76.2780750927996,30.334326898304294,High
7.80644485442482,7.60187489248026,12.0,3,8,8.772562450024711,3.8226215476346934,5.3572820867839805,41.76669741875803,64.38774948300409,Medium
7.642279371715864,8.369654067243308,7.390332035236511,7,13,6.877632285648428,1.218865095364233,3.4297562842502876,43.61751297533947,51.2593319477876,Medium
6.5800100471882805,8.66552095727402,11.471920318766976,4,10,2.8864118912490526,3.201246188411926,3.2989103082399973,59.501109377970785,42.8446518322592,Medium
5.08145389567032,9.11965689765612,7.1375393906788975,5,8,5.198384212017313,2.5361594349348437,3.941142269019083,44.77554242641021,60.45491952588781,Medium
7.772941482436702,8.475285312599919,4.7402275248545696,3,11,1.7912631848055172,3.9943242011734643,7.356139826370624,63.196288740639694,33.48878174026921,Medium
5.7485772849480625,5.578514746741671,6.695832156241766,4,4,5.687213829153297,3.3637160340232652,5.475572487710565,40.63920850864018,48.79708355572469,Medium
10.0,6.12306578851783,9.561277198955416,5,8,9.10925602916647,3.900802083168898,4.35853879141729,51.808265282255384,47.498990770069746,Medium
7.8557608125317735,6.907184761072654,9.659125192642477,9,7,1.3484696170327009,1.721775671492359,9.105353327756587,61.76763104066345,14.14867663221759,Medium
6.129027546169073,7.435518816153542,4.849325263913842,4,12,6.525023725713655,2.748283975737813,7.361026068685838,31.377391318704966,58.10893068483891,Low
6.082922128917057,10.101548580944227,6.506367391398598,6,11,3.0979242819899078,2.7284173079300635,5.451875445981488,56.14512616359766,47.62153546681775,Medium
6.8605836900796175,5.6741220262941745,3.1414662406577096,4,6,9.913465649609703,4.9238984463294795,4.791595265462905,35.23635670020472,65.11259601010966,Low
6.6407471169673755,7.2851699036586,7.649337249382859,5,11,1.5859154863318143,1.0764406512130904,8.370071480958755,46.64725219544128,29.282192935984863,Medium
8.675250663294932,9.906018996428099,9.10670939811179,4,6,6.55562244775501,4.264171768323819,2.556320445347231,68.73821666175007,56.41861230442854,Medium
7.27962425461607,7.400245051006776,6.0795989082320325,5,7,3.307336189832273,1.3884465719493337,6.97738532893438,51.228206563476995,35.409601243064245,Medium
5.902552391637208,8.920831299685648,4.665231891279744,3,11,8.942167562931395,1.3215122229363954,1.1891376900826236,30.455935825211732,78.24866977126536,Low
9.835661027733675,7.720915914144193,6.720261902555126,2,7,2.097368194051585,2.312705972602772,1.0626464175678259,78.27317312787999,25.198164750248413,High
7.073962497280334,8.513566514649446,6.834918062726332,3,14,4.863273515236838,3.8030675756285324,9.38605323842327,41.96856130473542,51.705146091408814,Medium
8.153259513953346,7.543054912380919,6.1622876636992405,5,15,2.6682539046646303,3.7137852950282038,5.625897204170543,59.369032777633834,29.048148182203715,Medium
6.087660238832861,9.334130945456709,6.357430248671906,1,12,8.19499350148014,3.511522576498581,3.8360568300726916,34.72148916211017,78.98879783961212,Low
7.544673441616785,4.909887185187129,5.652370299061258,2,5,4.162992096892696,4.098204410897071,8.152265838745414,48.64397581970796,34.82551933773217,Medium
7.466664986714793,7.27337598322291,7.991909856452812,4,7,2.6804187861057382,1.929512212798937,9.86345205378204,50.31484507290983,32.90345379723597,Medium
4.16552606185577,8.593145353388616,7.472454890330254,5,9,7.533109612689679,3.5353777793891346,1.3097241227758074,36.4738082243737,73.9063526456727,Low
10.0,9.067390496012386,4.033793705711702,1,4,8.354955860481667,3.552150183082564,1.3416462482187592,65.58567473395976,61.993968265366696,Medium
8.93596669138382,10.985905245507656,3.9788187936828106,2,4,5.161559386326782,3.617342051180456,8.693038471273574,66.42527936731238,56.11302985013899,Medium
6.404207025781019,7.217950666268847,5.491251165946876,4,7,4.409644620330596,3.37781454022147,6.010433197880598,48.905744020430554,45.74656199729484,Medium
5.346595389316217,10.958963523721746,7.473674248210358,1,18,6.689297731393806,1.886091571350374,8.944675675678738,21.52431126735654,80.76199059400751,Low
7.521342420705328,6.681952346680659,6.296114827781629,6,13,6.862569300452563,4.657195592381755,7.25178769276422,42.402021903684776,47.33364265444426,Medium
7.1300465491215945,10.657292823089287,4.713699179754689,3,8,6.946708560725989,4.9040185141295085,5.235270863954704,56.15120551106428,69.57717887633531,Medium
7.533503422844844,9.634934253396745,6.52303719345166,8,14,3.48181877772347,3.756746849679758,2.4521133233363317,67.72220304774471,37.879561447305086,Medium
7.2873660942911345,6.173082840735555,5.338378960955456,4,10,9.47172225353927,2.7763188692288825,4.508750322747014,30.033072044638505,62.948821473601335,Low
7.759361483958889,8.614078474503645,7.760972920448262,3,13,2.9209982296936166,3.1487630992287077,8.084305833028319,53.68726726284698,39.60148303761905,Medium
9.17095854908771,7.897528328935617,6.666116870134095,4,10,4.367424482993773,1.433486072317626,3.1052579465454797,60.35800680016558,36.16102490046174,Medium
7.852154807692969,9.251169187350001,5.3694436250957125,4,11,3.553245481021228,2.4535835924504426,7.4112984459183355,55.494037954629974,42.81002366263368,Medium
5.425516751635088,7.553456823133381,6.4630375440929235,4,4,9.380111573522774,4.904537415860049,3.2261012121400126,38.99737744764093,75.57347243139945,Low
9.043844279068677,7.385507548676537,8.630096119048403,6,12,8.455331282304732,3.1908890504286136,5.1718094034673125,45.99734739542794,51.20152666414685,Medium
9.46092184523243,10.738189165525704,4.860739846907245,5,8,8.301447435572788,3.2425101743606684,1.7688880387981212,65.6869620684646,62.83445736068126,Medium
10.0,7.802558211088654,6.805313963294322,3,10,1.042390736876078,4.815919476080992,5.0949861286410565,82.54465711398014,17.776131074206354,High
5.314758950140603,9.652844648383532,5.859079319068009,3,9,7.173104501874888,4.545416721376704,6.514322898781378,39.41591555983245,74.78563946750677,Low
7.364323019725412,7.5492970299116005,6.8539673677241995,5,6,3.072463256158205,3.2748655112161114,6.06986237449177,61.0794066982939,34.44196507502774,Medium
3.876851945216519,11.333326518455046,4.690870116808539,6,14,9.709698314739695,2.075963395928615,4.658198629566767,20.517719426067078,94.07072712934666,Low
7.829723734568814,6.643330741329013,6.220670866318752,4,9,5.776762672319187,1.4677256609290072,4.327257481635662,44.511584181210914,44.21963349967574,Medium
6.177699552749841,6.77171293750563,8.215646564833602,6,6,6.082327012599504,4.454605702779016,3.4785888172829225,50.87381316430651,49.60443023359859,Medium
9.88516869223743,11.049034362231806,4.1259860375077855,6,10,4.208345423409705,4.680366066070333,7.903936591366665,77.27203889349298,40.23194716615052,High
5.838077544972127,7.110107218209494,3.3411897933498365,3,10,5.830575600721701,2.9771396853868226,8.04374287923022,32.22035448179656,56.593035262672345,Low
4.466225443049107,11.202148612328784,3.4170888710260714,4,6,7.747634688617299,1.378194264825515,5.347247949404014,33.14943607869249,85.10982860249412,Low
6.293104388946221,9.783681159189626,3.658674939599622,6,9,6.057281386848896,3.424898922133392,4.443055884050762,51.547119136828435,60.07080600051374,Medium
4.036768343174294,7.690700586878333,7.190646575785328,2,17,6.771366009025211,2.469845595767498,6.7368067507243765,13.405225185330321,72.92046832632451,Low
8.126649181760966,4.373413055965683,3.188280628269069,2,7,5.252212701594014,1.631442642589549,6.019590898856543,40.012962464198246,35.6971789856993,Medium
3.9023754306155194,7.961363391456329,5.404209310512939,4,5,7.4475973965054685,4.676573558555706,7.005299197686929,31.654163056574518,74.13162341356512,Low
7.042686371774738,8.20326010706685,7.236578606621416,3,9,9.096031153795389,1.9577962081908296,3.754139789896056,33.961106768574915,71.4675398338531,Low
3.883282270215705,10.334435466608745,6.833318121097188,5,7,1.4594607991986868,3.8446460633846504,8.095146033583864,53.79689788802487,51.723224416023974,Medium
6.519553293195037,11.176894352480224,5.22888204007503,4,11,1.965668776135084,2.7175114372107245,3.850685297668811,65.55149357347415,47.82861816994631,Medium
9.465067233706801,6.630025641712505,6.381847463510212,5,15,7.170482030530793,4.311683469153072,4.768509446871942,50.78226860337438,42.147974793506926,Medium
7.540971837153693,9.602363527976365,6.214290659475137,5,9,4.399339737435376,3.803339614037758,2.1918045538455977,66.9810505273326,47.75026143643398,Medium
5.704759592552599,9.5308043120267,5.551518088903627,5,9,3.534565941942332,1.4926401184742297,8.698323900636272,43.448346805963034,51.12746215483567,Medium
6.953194766591374,10.146825404820891,5.57833056269084,4,10,2.607339551161205,2.798446938626889,6.798463717338879,59.591263958991505,45.324495448337345,Medium
7.02702530806667,8.99737982427109,10.470854869513921,6,12,6.1537264909415486,2.0391542211033653,3.11758352911372,47.6605579954952,54.49910411225757,Medium
7.708945518765108,4.11500461807646,7.618621807862602,5,8,4.127791560315522,3.8543378860456396,8.665462484220804,46.04385530595273,25.50174056540671,Medium
4.94971245507876,7.689155134944481,10.961301835024287,3,11,5.571647435002463,3.1787553069093466,7.3431370718381075,30.756580951237645,61.26781512530643,Low
7.888850910770996,5.688584850166169,5.006073734158997,4,14,9.62705105392433,2.360724871071408,4.979622299520244,25.228889309208526,59.34540153590696,Low
3.0,7.594788454163853,5.830066806223705,2,12,7.824408810992337,2.3178405879791923,9.908585481620682,3.8767512246046527,82.1862487714583,Low
6.0551731714542845,9.960008472267788,3.3357484694467052,2,13,8.16355782346022,1.4579479714187813,4.034887750549317,29.66575555584682,79.43729032158183,Low
6.267589236322683,8.610301671749946,4.380866395820855,4,12,2.1177811275672234,1.855287333471705,1.8959461006289202,56.49284958485493,40.21118180605791,Medium
7.9499902391068575,10.296181732794865,9.803826297325003,2,12,3.9248228691720244,3.8538649903843396,7.601131435440356,58.271221196845225,51.73942876133959,Medium
7.033946279015304,8.683507841427078,4.955931420316487,7,8,1.956119248205821,3.4396179219301124,7.81344135799498,64.1146088710083,30.876513755032818,Medium
4.89165541921557,5.403348120662194,9.838562600288919,5,11,9.716688371386578,2.422383783911323,1.5306859543199225,18.427777979678574,69.76420163991953,Low
5.522510311274477,2.9583059868545307,3.513275478640219,5,7,7.139688536198815,4.344462422494383,8.374772098034988,24.111648227460826,45.41188073826869,Low
7.298020014321111,8.29761752335918,3.8930619318534463,4,6,1.173104537538322,2.9376514038567496,7.983473624861437,64.45724559259739,30.000630499504037,Medium
6.881398987203165,7.572147067297669,5.317537557953158,6,9,5.279543396390221,4.177736617421295,9.366367346430264,46.445345969710985,45.58955350554807,Medium
6.13131383554638,6.046108521236236,5.872500156641644,3,11,3.3717307289574583,4.124720603982304,2.066942102975996,51.45531773676625,39.35268246301588,Medium
6.278749315732031,4.598745500697245,7.846174584900259,2,9,5.859629661403656,4.3919958025982435,6.407286024528106,34.79848089078605,47.44122450344003,Low
8.044251995738934,6.530513573054582,6.901540834372532,2,14,2.6079191782467728,4.399086828861233,2.9748028746103223,60.56209249796724,31.014089758268753,Medium
6.223461140696178,7.611017030270448,5.167369485311944,4,8,1.5116994156849186,3.7162503945084437,4.594977577459302,61.538453744669994,33.74900110606136,Medium
6.86786313395639,9.33175564741278,5.733368386963788,4,11,3.908597790504844,3.997693973582401,3.385817461921882,60.30462447552731,49.0764853400432,Medium
10.0,8.37726216313596,5.3618741604306,2,11,3.6595639963425013,4.107628784190593,5.043679318036443,70.51390835002185,34.57375330891668,High
4.864476044674115,11.216134494345457,4.170692529348541,7,10,7.452672262582359,1.676637600889407,2.0158869557884977,41.275667905853055,76.48361921960083,Medium
4.222235902638012,5.928791887909211,4.224074126796757,3,13,5.270939731985815,2.2009793133421107,3.7316395707335905,24.111354888140763,56.43718462481422,Low
8.17538449719791,9.762117784114867,8.05576778286682,5,12,3.621950230002253,1.4169589530621955,1.6382685581187664,63.87758635351016,41.79962593762529,Medium
5.982035408058845,8.094597486257456,2.34367014414572,3,8,6.133874665856147,1.7574854496273313,5.426487892460452,36.70343782235746,61.08638600418432,Low
6.522643708386069,9.38933824823717,9.23471739489011,3,9,1.641856494081167,4.113149009204747,3.6701488868335246,67.73623831430912,41.487883743572,Medium
5.828265432803329,7.126970273468913,5.314011548795536,4,10,6.961173505783751,4.788441735501261,6.312776966332859,37.39839878543899,60.4049380334782,Low
6.610299788848732,10.14336074778118,4.4549827872156795,8,7,2.325604300898295,3.694541866923457,5.108015632781514,71.33137944266916,38.04104356692586,High
9.397807168144512,8.590449516690486,7.479518581394538,2,10,3.5172943238880183,4.544190828162602,3.1946778061091186,73.68545162239896,37.2458048189884,High
8.20319268792718,6.641110030164501,8.970433168294235,3,10,3.539105984545481,2.2719067277640206,1.9264619673633745,58.521081923300514,33.4678854757905,Medium
8.293335267830466,7.975951942173624,8.235264883207915,7,10,5.192667278589766,4.383182321226009,7.779850195663336,58.06534985868694,38.74691603349912,Medium
4.875659416311032,7.520888282125801,7.003704098719782,2,19,9.57841629786954,2.3551437433028775,6.698192986771964,4.880417896276601,82.4678138014131,Low
5.273269395170696,8.978356701275587,8.173726979443671,5,12,3.9219332539188567,4.576666899647849,1.2963699668760416,56.18369017214982,52.84778265388449,Medium
3.0,5.640446501250983,2.567004845712268,3,9,3.531896816238457,4.1921833527090335,9.90429003973553,24.079920522388836,52.09034732739439,Low
5.785928768375869,7.941296595768611,4.956338917023704,4,13,2.5192178676694357,4.9343887418133106,6.782412471378584,51.81368608439367,41.786992930591346,Medium
8.435054779578488,8.790614505298661,4.177659879950311,3,10,4.527720100775536,4.309090845505297,2.864627080628167,66.46975317865235,45.23418158476634,Medium
7.7754197736225565,8.066046614386066,8.44927746243035,4,17,2.638370006853136,2.592838634408198,8.56447185766578,47.8732533511646,34.28866709782118,Medium
6.667730105571814,10.69388248877799,5.233043962152227,4,9,2.2399240268406744,1.440319120543068,8.938906496259815,54.42097242076316,46.76057027163895,Medium
6.96654957442292,9.548045548142104,7.690813113564111,0,7,8.716227452333069,4.497092399569182,6.163168571121906,41.43729819026725,80.4002536305507,Medium
5.966671686136891,7.985038406518507,7.071713884977276,3,9,1.473748610707318,3.2847638941335475,8.970149780885746,51.243110384902224,37.88194485909276,Medium
7.307138323602676,8.433378194995345,4.275386127672638,5,15,7.397426075139869,4.432566197379536,1.2625458708095127,49.296242843322446,59.16368846249054,Medium
8.148817419220922,8.591331102963998,4.826083580047431,3,8,2.8231381091806402,2.5485156583026853,9.506500400506363,57.05887676699811,37.365393155717776,Medium
4.57616981888429,8.806599208333648,8.587635381629452,4,7,1.1054352095916573,1.1157969338745337,1.5148325267824196,55.39931995002819,43.22834039133192,Medium
7.449471531756022,4.348684008670784,4.449034702631173,6,11,8.156304629172636,1.2096663491789514,6.7815105756439396,23.639564788051267,45.40358076392095,Low
8.398652306432002,7.396947408461306,6.249735220390958,2,6,7.320569673011712,3.6819939175964196,4.1130517324582,51.96174969711471,55.80605820143195,Medium
6.377349566554946,5.031121863613148,4.43491742734711,1,4,4.0086901573690685,1.4578502846846977,1.3538111630154877,45.867228086678566,41.36669942832585,Medium
8.051050918180875,10.556561894918973,5.372095626168279,7,7,1.713992805014262,3.9818479826322806,9.363594762416618,75.2723299300626,32.214638487653765,High
10.0,7.878300959994145,5.907676112060056,3,13,4.24604407328008,2.6777704316227298,2.218218933298667,66.0665150787889,33.775185322675675,Medium
6.843485810519662,7.613318100640755,4.434266979405018,4,12,2.6319482227164563,3.2524316705380882,8.683697686815812,48.926904998910544,36.59237266373638,Medium
7.589960575007986,9.79359466406647,4.079106092032237,5,11,9.392531980344003,4.20485350447772,3.973105081143726,46.314739882381836,72.74525595171384,Medium
5.892914374507913,8.84464959489975,6.572546673554885,3,11,5.766607920293153,2.0122857772124854,7.67047602463531,33.753181447369016,62.42723756530516,Low
7.271876743903076,5.742730971241586,4.310525182417647,2,8,9.674592739542318,2.651610192746039,3.287987108273247,29.617759871075688,66.10725502224982,Low
7.690407437473456,7.858189274945262,4.378684888602654,6,9,4.161827097103847,3.9182292649530055,6.250905439548907,59.289199772323286,37.68405986832064,Medium
7.292263510405207,7.32966605354723,4.121893712596059,6,16,6.008165368069586,4.67371102891947,8.19598426430445,41.4796829712588,46.5084111498021,Medium
5.470457020436715,4.510934222787892,5.844183907337364,5,13,2.7111108708569756,2.1611990459797648,6.095618472971187,34.322143966216544,29.618432115214887,Low
7.309542656988176,6.619447533525591,7.887403268799682,3,8,8.27586184633776,3.490891777585759,3.758973072786688,39.92716766982266,60.468379136374764,Low
9.193293908076456,7.6329193559670685,9.013057272624533,3,11,1.3699028113247782,4.804855835437703,3.1009216052010955,78.81826891351379,22.222605943737513,High
7.672953646771791,7.770098137016315,4.548163828012443,0,10,7.260538806425151,3.5954087561638253,2.573250371035792,45.38431968452953,63.68089034723986,Medium
8.442980783607762,5.035537152645382,10.300621586662423,4,8,4.5249408312301655,4.571156413897519,8.549312698389222,52.080218678852845,29.526788463500512,Medium
6.644482044981059,10.303331166094951,3.9905902785864082,5,9,6.205741966225695,4.758919405907395,6.498483626208758,54.0565663351243,63.04318048237463,Medium
8.124850359135566,7.795793882217122,8.167097046655739,9,6,6.330332214249126,4.717370489715032,5.578101322817062,63.206785980305455,40.70956913110281,Medium
7.418901757324789,8.075106153321126,4.556607091969115,2,10,7.397156027208852,4.0339083372440125,3.2462261544586237,46.73355667134482,62.884331586416934,Medium
5.573633905469152,8.801283276679673,4.2581534602599795,3,15,2.8383598290813357,3.208381945211354,4.903779236866038,46.306323144222475,49.269616391232205,Medium
7.477781507198312,6.423847492192658,4.510487686431222,6,10,5.782473290940681,1.3870113515726867,6.580565275191906,39.45194207220391,41.27076481765315,Low
5.512455004839534,8.912711946265393,5.895104600701762,6,13,4.842333427540563,1.8908245622595996,1.6469348816084222,45.17324788364804,54.255496689828064,Medium
6.050679587672812,7.265850707963634,7.15994434206722,4,7,3.5396299797432764,2.02306850600463,4.246434429219488,48.8842036232065,43.171602542356446,Medium
7.283992460938562,6.206828918705617,7.339736075809644,8,11,5.461550404880737,1.13303829134786,3.1555328657303345,44.549253494424654,36.049129239213734,Medium
7.445866410070186,9.146894986710798,4.112029969304223,5,8,9.568135407259765,1.4076935116321878,6.8186341563595985,33.42511894898214,71.8456131904857,Low
5.216151302384306,10.983347717603616,4.020681424977463,7,13,9.539964524611202,2.1790267931131813,6.45642107165794,26.67806608868587,84.35927486640337,Low
8.580978656774315,9.449658746971664,4.166722613272906,5,15,3.509355879655682,1.3629637690247915,3.694739451806538,59.17026603025105,38.35573423085561,Medium
7.85800941745071,9.845955130280862,5.777291195228978,6,7,8.957864484118062,1.6781400309345829,1.3746764989617861,50.719734979829376,67.81402362475174,Medium
5.942907346583674,6.9587387868754025,5.579688791618251,5,14,8.890793284484207,1.217670389503458,2.6453147572610414,22.259714467894078,66.92208381890987,Low
4.693622805326237,4.804760541663088,4.09964907586041,2,10,3.2462618284114795,2.6661305983963572,2.4405586803541865,36.34042688529357,42.18156240872994,Low
6.782643131377853,10.980275044199683,6.5392073881264885,1,13,6.39055671780746,4.285309166692275,6.115549014661394,46.78971277685262,73.20866144439935,Medium
6.33108442920826,12.10902977880952,10.525137616670637,5,14,8.829421833505824,4.248975376812872,2.523623107189329,47.10343228318066,83.90857924238145,Medium
7.169710685579534,11.085613547539364,4.990569076329697,0,12,5.634953217566229,4.619561718392384,5.341009188456083,53.95206062989437,70.0667940629371,Medium
6.45532500826665,7.328428122040501,5.132976357592933,1,8,4.327925202109065,3.982398010348192,6.530759535908635,46.70943439106814,51.05303475418231,Medium
3.9888147088824852,5.6907313225423115,7.119323140648738,1,12,6.857068872188855,1.9777678268358798,8.91609024699742,6.981870391785311,68.02665293790639,Low
6.417479592548262,5.868634604360867,4.88236741652641,4,5,2.551825570988533,3.809559585823289,3.205248066760511,59.84003720845418,31.607458088158637,Medium
6.54157133339753,4.632534864771903,7.337928963436365,2,11,2.455582434669312,4.01528758285413,2.6732164262433686,50.93015231033981,29.733486470274133,Medium
7.9504915371610885,7.785242763179909,4.562914586441919,1,10,8.493815185968135,3.1724301657644185,2.559284498197542,42.17622115949277,66.7565401359187,Medium
5.952700488083425,11.211355916164909,9.664239215154602,3,9,1.3768742434431318,4.228042385153014,4.243863785608741,69.89977725927045,49.34020658822141,Medium
9.51801201005885,7.716674736255514,6.689549945184589,8,2,8.232669813031745,1.2850633703066388,6.842630973866867,53.92265006312705,45.61156516113945,Medium
4.132539174022364,8.60464580069655,4.759954101846577,5,10,3.614447422836384,3.3791223476208634,7.046761786477579,40.05588125912367,54.861464797569646,Medium
8.966751246703936,10.751193928608417,4.822616601061452,4,6,5.348102418568291,2.91957352027396,2.898657105909618,72.05930969916862,52.35217870802282,High
6.663521543682843,7.1918093763352005,4.97240049458393,2,15,5.891635495431361,4.220847259996088,2.181101066747542,43.097820993920635,55.48932026396791,Medium
8.289377308515334,12.071062913439189,8.745499332497747,3,13,7.903623461146122,1.511842382543482,5.038101403557128,47.0561372897945,74.49804846968307,Medium
7.1197022260880996,11.984188814994907,3.4624979847974333,5,11,8.954721878890238,1.8504959065659623,2.2707215376066325,46.46603465816824,80.67795655286251,Medium
8.709333304038203,7.737777322639035,4.664116659080991,5,14,8.238017128568188,3.2347678578215593,8.316286704547673,38.213088837006744,54.70799116983173,Low
6.418957053170783,6.844931471961575,4.876678886149148,1,9,6.151093977524118,4.788821287816512,1.7549330273672565,47.538657322905905,58.376074341327076,Medium
5.352069362233282,9.394476092780625,5.968624066486124,4,9,4.132123033144295,1.332799608607727,7.768839899617837,39.0729572894064,56.91238845030219,Low
9.130756430906594,7.304950114962284,5.457780614706411,1,7,5.739020424627886,3.9735080960154248,1.383831239660176,64.15915776863159,46.40358207688186,Medium
6.8297790311767885,5.686889565865327,3.0175443372190744,7,12,1.270195161647247,1.8215968080399825,8.262857043954952,48.13000354422011,17.359018512058498,Medium
7.332337710436316,10.56247730704596,5.200354632809065,4,10,3.2048210371576205,1.4217954723395358,6.644365080308496,56.468767890811264,48.158137976488,Medium
8.852127871067193,10.43289477455416,5.800898633630063,1,10,4.295398292988214,2.5790644553741675,3.9013579527245756,64.69039122478456,52.02766439887233,Medium
5.452067136858348,8.311023207527121,4.743804329840433,1,13,3.8777907173635366,3.332211331373081,4.649666452881527,41.48346445295405,56.76802457564172,Medium
7.893236346458886,5.474270492543644,7.37355097809533,7,16,1.8563224665804112,4.308071764688432,7.062555165015807,56.30040129436581,14.886570789271303,Medium
6.1151578653056635,5.540947497565227,7.838816857507294,1,8,1.4567867327264012,3.5387674029600364,2.670653296011824,55.23197129628097,31.846562787652523,Medium
6.801745966533442,8.214458576838306,5.843226600541215,4,9,4.7864330161673765,2.9666685717046453,9.012886021804933,44.22793667525238,49.55597182437196,Medium
7.108418448076433,7.000257930989935,6.461083173701459,9,15,1.6731977796840087,2.142669465445216,5.345984207727052,55.9022792750012,19.293450104478268,Medium
4.749667207829596,7.317814135716784,1.6778880053014582,3,14,3.5758725268738045,2.170212173326417,7.841255449551992,29.00257540547331,50.966855261295606,Low
5.831744435769348,10.043926310120007,5.157794455676337,5,11,5.273430928779637,4.082307325060217,5.560264231969921,49.895191221075585,61.00324919578536,Medium
9.026609338619709,9.466358634845115,8.009643383515826,3,11,2.88965144222363,1.4562387001261357,5.070513056184712,63.92791650629787,37.14318517141438,Medium
8.329286782877194,10.756285360995225,5.153126833641445,1,12,1.715814337110165,1.5858950694865883,5.226540061218467,64.95155785994068,42.80470206886007,Medium
6.906040634009147,6.018753553245485,4.525476647216078,5,7,4.889199435812137,3.878945515984124,4.268122396960997,51.92035856310223,39.69159140856792,Medium
7.364685187769339,7.313616862626576,10.555377852061863,4,9,5.036288486427729,4.844168117130419,7.5947877610350325,51.83986144891995,45.04964700483568,Medium
6.558636241545313,9.517963390920226,9.63815438039161,7,12,9.240528666958483,1.480936813332269,8.61537199367409,26.437163128142434,71.73285521841728,Low
9.034875078741972,8.896156682025783,6.935149824964315,3,11,2.150538783188204,3.437704331444413,8.68956997875627,65.68433010324944,31.382392602969755,Medium
6.699471133308754,11.064760765175244,8.277821222960096,4,7,6.534958399098655,1.9567535490722818,2.090311425406694,54.293703791263056,69.06490989487502,Medium
7.347763138202272,8.84107341180814,1.5481291640838446,8,16,3.877323097288339,1.1030312594900682,7.852311148155657,44.87024869380031,37.69619419646971,Medium
8.719045216213097,11.696218208211105,4.424897118742587,3,7,2.1123804735722937,4.32907062425889,2.7995915773474995,87.21229023219968,42.85611332802052,High
5.83394277273114,9.080035603446282,5.060084253653697,5,12,4.538323960977275,3.0344184159472114,1.1096051052211544,52.66131481505848,53.83929285773226,Medium
9.33818377674534,10.12433489517732,5.5280398022661075,9,7,4.851438268277937,1.0955598067776728,3.47913131751322,71.73796578967708,36.81265697698313,High
4.704307885384935,7.352970106431085,5.020111958052075,4,15,4.272080628616867,4.581813208399835,3.6358173840876207,40.21166871466369,52.8671591381184,Medium
9.444463196669197,8.028574423767978,1.0,7,14,7.891594668417959,3.1427409625094884,8.288101486750852,45.757123560025114,47.24169173580351,Medium
6.440986624072038,9.82188880767895,6.77204923741712,4,10,8.552858229585425,3.9482695536243955,7.681566837184928,37.04712662756015,75.50249036336358,Low
6.635951878262078,11.225956341186109,7.087308256561213,5,10,2.338585855868957,2.6940192443872433,1.7621611325932052,70.11159793167705,47.49918630254866,High
4.1649847432255855,9.458473898621506,9.203797583179963,5,7,2.5111456446667026,1.739533090818484,3.933651770089475,49.16153196916001,52.450558478359795,Medium
6.317807923933461,7.833656456130761,4.423381470450073,1,8,4.790958383289949,2.862293223174968,3.2616986201214893,47.218562020787914,55.77494458572997,Medium
5.440290203459673,10.754670059056684,4.2596736844401955,5,6,3.8817006499138467,2.150689401810612,6.359096690074301,52.652198650853364,58.47050502337756,Medium
6.088530481939791,3.6160426874402383,1.0,4,11,8.376162448531037,2.186941755147731,5.87360775926257,16.37065163265484,53.30972805908527,Low
6.794033551316681,5.155530996986252,5.412866326818228,4,9,9.971300828034938,3.575512485223259,7.110215250194864,22.60926458410432,63.77359202061197,Low
8.436687421709358,9.363268447336779,7.802223562124343,6,10,2.6299933429101596,1.3763186202208182,9.196568487864914,59.096329246649795,32.50218093621974,Medium
7.311405027100939,8.02821671250625,4.776464275614561,3,14,7.862897357558226,2.588058128546338,4.789662018256889,34.5328951271573,63.6185839342981,Low
7.461514980101671,9.21102730224833,10.286889637087295,3,11,6.465221345949727,3.186581576476651,6.903316098095295,44.98282033496505,60.468715478460375,Medium
5.356720916731657,8.128815044863885,5.486810328420953,7,14,6.7998165997151325,3.8394298897063397,9.265172425651006,29.667664922027075,59.80446017362845,Low
5.678868865595905,9.141891389207746,6.293984568577111,3,14,3.379973221034979,3.5315970505822123,5.8751252598749755,46.3008802382814,52.72899146664597,Medium
9.698087527526969,6.371194358013619,3.2737938388368124,4,13,1.8747659992520975,4.5449862828422125,3.7745288204522107,73.51653106573134,16.04899629673115,High
5.89719844785513,9.140972172159382,6.574440690350559,2,12,5.889304953111932,4.969537130117558,4.626101389680609,45.78377160882937,65.9415783908901,Medium
9.484312378085944,9.988829056415168,2.0413604102946095,5,9,6.521552640134579,4.7496936960591265,7.791522909921316,64.62483557046886,51.242268940757604,Medium
6.6354082016787,10.441101207862465,7.38739591002629,6,15,9.667440458942231,4.056609491194067,7.480100422954012,33.210699520190325,78.73557341562172,Low
7.003431904215256,12.027108589297399,7.448856352470824,2,7,7.077079576799892,3.744061019411108,7.7357386151789616,51.14788271640823,77.64192216647079,Medium
8.605547740344894,8.488196887004774,8.71858284867302,5,8,4.993158701543693,1.141726736433177,7.689672012496082,51.8828553326156,41.99283857002682,Medium
8.907838632907985,8.547822173694358,3.9600625624646226,3,5,9.946010159100851,3.1339952507070894,9.284130088209654,40.549053360236,68.89820098415728,Medium
6.833781159581369,4.953655071652305,6.321124236594838,4,9,4.359150773897525,3.6548676045549184,7.8760463125552755,41.441344578428954,35.321200832190506,Medium
6.4176354197176915,6.93717719772315,7.127633118773009,6,7,2.4630265167880543,2.6517601917399816,8.698933775107498,50.916573203460736,31.423306231878236,Medium
6.9161193272166805,7.613835851986774,6.88456327666062,0,7,6.561820475061923,2.5391864512984417,6.163404855544208,37.94055382900595,62.92675915092123,Low
7.506936292348177,10.10063910455271,4.269401449730298,3,5,3.3962557007970164,3.170105932664645,6.797542480675984,64.71006521573001,48.48829147563333,Medium
8.336955530304634,6.777997751820742,1.2160362208877196,4,17,9.299843532105928,4.626559673578309,9.709475266173275,28.102884955412105,59.82511211327213,Low
7.006344788491227,9.592680039497665,6.693920593768962,6,10,4.850815280249795,2.0437134764986746,8.832707883862792,47.03305176939423,50.385373223123665,Medium
7.928329447034731,7.996756566073239,5.695000643380161,4,6,2.34654714892662,2.5962192842918768,7.996242165729646,61.645495615062494,31.945154488126143,Medium
9.457539598406411,7.645663769770477,4.86665881407712,3,9,2.2746751314863323,3.6123512265962785,7.16963178109949,69.11478236809839,25.574649223379502,Medium
7.571964418397177,8.497787938266512,7.527890727430933,5,7,6.846754654090633,1.7440290398642921,4.226664139985383,48.17272571061053,55.5615294276167,Medium
7.467479284007167,7.217687255494315,5.910160923691134,3,13,4.293075771807256,4.339614322070615,5.933130073799169,50.668819436093834,42.448427028525636,Medium
4.721633762364898,7.141925503814669,3.3616098944644013,4,11,4.273520923459572,3.664268818352599,1.496153696256428,44.31092448279411,52.023140262481306,Medium
3.053904794756405,4.5904281884197715,2.137095421807557,1,9,6.510915597568038,2.4090482388657586,4.74550074643766,11.413408467858437,66.29284349112868,Low
7.5825635938452525,7.504091585344221,3.7420734697336693,5,11,2.9936068881588094,3.8886680192992173,2.0070677596148285,65.36155402740295,32.95160867665635,Medium
6.857763653078692,7.040063707702547,10.786024589533573,3,5,2.308854324653894,2.1173861493777864,7.557755823203868,53.069105946188785,34.676055710004974,Medium
6.227825987627887,6.968038021301841,7.445553547865546,2,12,6.915362596553861,4.097843586939421,9.03085873407898,28.8253811991899,61.559918494296774,Low
7.365295306279517,8.833746125180081,6.377224683950024,4,14,1.0471333296721421,1.28275221222869,2.566746961202872,61.67523010824245,31.066720533059627,Medium
6.909394406204638,9.317263905581019,5.636678145628391,4,10,9.166284835771858,2.7070079495069668,3.211150454198623,39.00467208409072,74.64426289744786,Low
8.691670375950848,8.464389009284655,5.505214120105128,4,12,2.6467382871458613,2.04655543145218,8.712828482979774,56.75117611554222,31.86169713659751,Medium
7.129166302388467,9.990830380898949,8.33439196671819,1,12,5.030704541403455,4.266801549387063,6.272489578587395,51.62148198437044,61.406640928908175,Medium
5.879615072394749,9.15112385166073,5.018808516193137,2,8,2.9033068162918227,4.010988251731273,6.294779945426343,54.992178420971086,51.40216532340948,Medium
8.485249358438933,7.409887620388716,7.153840821368585,8,10,2.9639770185678946,4.367445522244756,6.065887281812711,69.1735003090462,23.063367003433125,Medium
6.6743033875806965,7.074287428571241,5.303144099416812,2,6,8.515012303121548,3.606252168408843,2.9643468465269933,39.58161170106417,67.88340760779235,Low
7.7898050255084605,8.625644473533693,9.880313263670125,9,13,6.265301618640443,4.181289670465216,3.1897271368037536,58.71114554312431,44.88307415583555,Medium
6.283883940710799,9.147534219803802,7.484577015156607,2,6,3.8030530956639774,2.755153076994009,9.546788039308918,47.03836376978848,54.06822650046732,Medium
6.025259671753846,10.795688614062996,8.491113629367252,1,8,3.2598885694936066,3.712229664407599,7.511231368961219,54.85997275556933,60.419089112813964,Medium
7.1262523452785445,10.38234608988019,4.831180450623522,1,10,2.915761958961225,1.1244706760787024,1.8139103835881945,59.41701805303406,52.48201870760626,Medium
7.019242965315527,6.917053986985662,8.116272225134843,2,7,5.990035177179623,4.522898434158101,3.00644444492751,51.69879295879316,53.43366779419607,Medium
7.71974055305025,7.795987439745477,5.374845149210619,6,10,7.577104714452621,3.7390946048121267,6.6440396906278885,44.889190964576024,54.08793787868921,Medium
6.597031370035387,9.34203560983554,6.2200696478656985,2,7,3.281746441180604,4.464385830873999,3.5511884823155455,64.41072859768194,50.88145582101756,Medium
4.245460324344404,10.135995556117944,9.270095341238918,5,9,3.990705353401831,4.083435470477559,3.265602904059516,52.1780996118287,61.858660425262244,Medium
6.350839174617417,9.877938937409585,3.9144498864871617,0,7,7.4832903643309825,2.145506723765054,2.8211319370282597,41.45749297606202,78.2079544663236,Medium
8.190727700715723,7.8722443343373065,6.406495462610801,4,9,7.635502149958724,2.091520918377634,2.6715417718298644,47.29836708474684,56.313142872497515,Medium
6.55393588113534,5.491954695142967,6.876010517037454,4,9,2.8659083660350153,4.198555110294085,6.519975235932137,50.47421413442932,31.17649466686571,Medium
6.6304248962281775,6.002127247508818,7.040008761601619,6,6,4.4398209704259,1.7388367672852172,9.152639414935365,40.07085587332988,36.7685724931309,Medium
8.479564758858906,8.545267028638829,5.0984310138130695,4,7,8.82961952557902,1.4426448033137378,4.2501867037260315,43.856873213610385,63.40939953634211,Medium
5.932040159111616,8.684451158848692,10.172528201616164,3,9,7.661730219937686,1.0601688199783315,2.0935774123855464,34.43917952253947,70.96902764121124,Low
4.68579517263565,5.80264125313123,3.4101362293194795,3,14,2.4624579162528226,2.193712183674618,2.11869408416886,37.6327192055862,40.20137410449426,Low
6.759053320711758,8.089139221778543,8.917770777264938,1,10,4.473666352249612,1.3970602022767884,9.403207344087807,35.309183325105224,53.26369468322396,Low
6.273739073126895,9.262448713943567,8.430131211183276,5,12,9.759644037240205,4.206746120387059,5.75861930306082,33.16464841290722,78.24327791261022,Low
5.5506305203701185,5.697546684985712,9.80177757920737,4,9,5.728398437681268,2.938175323926999,5.196569596099783,33.79721615551449,50.28715057617984,Low
6.736932316151964,10.209994403608828,2.8235458025843596,1,8,7.474115428175482,2.0100608965732016,9.016671195550963,34.39830410687247,75.88711963489536,Low
7.7372584708701755,7.24493770288035,4.26233702422058,1,13,1.8283151623692309,3.4083477527671726,5.564016436137903,56.6003102804394,32.97606927279593,Medium
6.986067157648276,10.515226225153302,8.983886118323282,9,9,8.49258965860171,1.2814096799878723,5.325390035637458,43.38724805327842,66.21742557543143,Medium
7.460471609029357,6.9330951084481995,2.245921690739382,5,9,6.443064298198328,3.904485005134006,9.339872802421313,41.7903394964502,48.3008796893015,Medium
9.720111547773135,5.946749034231642,2.7870821979191724,1,7,2.5804038890956282,3.0055721797658457,5.270132106585679,66.0736224303602,23.37529722177202,Medium
6.4856817076636535,7.083726020316561,5.0233844265770164,3,12,4.421905939392744,1.025905476912036,4.518649681966032,37.87874879568719,46.80304965976657,Low
7.417522951967005,7.809703753845359,6.383987577244535,1,9,1.747248357481459,2.2768686116590375,6.234959187700245,56.28973122184648,36.02957438057102,Medium
6.2361799561012985,7.223040186457038,9.18445014729755,7,9,7.993094753384062,4.000769493557187,9.795083783804289,32.371520480209064,58.55033278692151,Low
5.730460420169541,7.567997156853774,5.629468170139283,3,7,7.703910999795502,1.7524606819343265,9.674461383403091,22.950259001873746,67.93269142405471,Low
6.1226385198733455,8.667930299352381,4.783521703870921,5,13,5.412079181810317,4.847509031487688,7.980412636198934,43.96180852688054,55.370605518013186,Medium
6.2818621427174675,7.6576412604072015,6.622779875392855,4,10,5.068147557776595,4.58651657728454,5.49352773358688,48.48078418821572,51.12130189565717,Medium
7.539213696320688,7.867775212095986,6.939192966588802,6,8,5.1708215745179595,4.112954915183817,8.93315537532787,52.438760644494245,43.31963486138613,Medium
10.0,4.581547201594808,6.882479644340543,6,8,1.3372010080780878,1.314193434001261,4.774446805412483,68.12490589713524,1.8482891212878136,Medium
5.925934845586239,8.783396032020946,5.6440275840973095,4,11,4.314204703765286,2.4153491905335196,6.761287402662979,42.61262299972023,53.09297857872539,Medium
6.375062041576806,7.821593404616664,2.0898277721637006,3,12,2.1565358323524486,2.192789380435642,2.614841592721949,53.798857860772564,38.87738669678174,Medium
6.905315480333128,11.220585960965742,4.164768021787336,3,7,2.6631312598310597,1.5505012736350765,6.951588820857137,59.873562157506754,51.59566358014095,Medium
7.5936982730646205,6.1208696654920836,8.840542170534924,5,9,9.65905037816754,4.998475580347375,3.484953244255156,41.2220516311294,60.520486324979174,Medium
7.395326217932178,4.383409343000971,6.3741378759532,3,7,3.356066885810608,1.5887905398111672,7.945776834894052,41.02238568411637,27.729494276436107,Medium
8.926143690922176,9.236136987860084,5.354955761785886,3,7,5.352624770272413,2.261310186172,4.726361451825161,61.10007587054318,48.81306571192304,Medium
3.3604118941971874,8.693054036626,8.236337096747949,3,9,8.990132312754621,4.520565810270825,4.585688060920006,23.357135229635574,88.56073745442464,Low
3.4196051947064907,5.983133958937708,3.739766735262103,0,6,4.721422455415659,1.5775414431942072,7.71919882702823,18.177732616610047,62.907255949206295,Low
6.256182741984776,4.940502089991817,5.549303732573985,2,8,5.757563256572517,2.878111887814923,4.82786775252892,34.72312216885683,48.2950254177542,Low
8.645950281315564,11.07479346136858,6.2755168103480745,7,9,2.5190895489776226,4.9027605227978786,7.426192215246825,80.50629962443519,35.518190008066476,High
4.651527952591605,10.828220781213563,5.117244993410742,4,15,3.5657145325462993,1.9891539318629565,8.69559004491924,35.64197689063572,62.417414361166735,Low
3.0,3.0250864825877413,6.201525645803198,1,7,5.555027438960399,3.812232867878332,2.231907712112201,20.75762701758768,56.072914379964864,Low
7.856769109328813,7.083553941486998,5.624612137156469,2,18,4.284113374234565,1.3201585935031237,5.311206963975976,37.910640890098286,42.079465463319515,Low
7.365485835554072,11.328384109567798,3.20131390442825,4,8,1.3443013058686817,3.403487764993152,9.504203768533806,68.98640547482505,41.704980599698494,Medium
5.364687389800856,7.0478748844442665,6.362955763758112,5,9,4.607461300423912,2.356198132395294,8.309633062925723,34.7721014391803,48.71450492373025,Low
5.521690598918605,7.0187755319466945,3.343296416974265,1,10,8.335951876017283,3.798258128109074,9.762510393894742,19.246648678081822,73.58946362969458,Low
5.545384420547988,7.434481344741263,6.331230250193444,5,11,2.04453498687792,2.731560021741108,8.742776110768677,44.29409515179925,36.78520722467778,Medium
7.165802976210911,5.758206052463681,8.748271648300218,4,12,1.1685825494028772,2.1959945862186423,3.7919783612717484,55.328841211988454,21.200476127975517,Medium
6.060527085725489,4.5904485115439115,5.437953605447891,4,5,2.0683248107959242,3.184031541336734,2.6123734905267613,55.47054455328654,26.06350433383567,Medium
7.7410958784632795,10.105094621469497,3.6570337400580275,7,10,7.1818317518344,1.5587476516828795,2.8948762400038164,52.396826904622905,58.71460118970673,Medium
3.0,4.314126187504648,5.746024373590039,1,9,8.151801749006392,4.257727882594056,2.952034644906597,12.980056977036035,73.55924705142559,Low
5.714722202308301,8.494542904217512,4.3360577838429375,6,15,1.4385390003604501,4.002837567926431,1.6816275536903773,61.69274974678767,35.14568109410594,Medium
5.3109190586334245,9.773158985515298,7.189018005262939,3,10,8.987958131823763,3.179872686294004,9.161155836790916,23.944940348947373,84.15038553373093,Low
6.615488982441262,5.097547402197684,5.704022504954293,3,16,6.6459282542338896,2.4681932051895794,5.522937303593439,24.305941342854812,49.84934479337027,Low
6.192928362264793,6.151463194809857,9.419526503329147,2,13,5.663182136118809,4.660904642757155,1.9114407798690483,42.658769089482874,52.5601208072281,Medium
8.19676566984365,10.42635837678318,8.325979191354676,9,10,3.2823269921232723,3.5378335999896544,7.863774461230471,69.98997786076038,35.12537381093615,Medium
4.210994842509914,9.06578344045408,5.693838991037195,7,14,4.345302832620851,2.139200529646067,3.9307665889118804,37.95185552567827,56.127762899724175,Low
7.068237214496128,6.765428586242225,7.431218135946182,6,9,9.52275945411593,4.226834434756958,1.6393375704277464,42.15682398770106,62.63984916458969,Medium
7.8375046348175585,10.404498006722342,5.213527181674309,4,18,9.20391790281598,3.540078806930652,2.7078090188952957,41.54051284200846,74.84526406469088,Medium
9.784971154842932,10.413071446908605,6.067913770330336,3,8,6.629180981516032,1.5080504661873673,6.917948426471474,57.2381452661862,55.72104625169004,Medium
6.277351043359787,8.538105386031415,5.277131607299376,2,9,6.210200959010638,1.4569329784349203,8.146056660379669,31.937844406705857,63.66528546055038,Low
7.4866879065287755,6.199679544252675,7.532911919699417,7,10,2.8949019774134217,4.752420077734547,3.283090394916804,65.65005761162423,24.398118838836492,Medium
4.294205811156452,7.173102593056409,8.865976553419156,4,7,9.579506840664864,2.1516479244957774,6.193524437425009,15.47489566344455,80.00952437791274,Low
3.4120656935304643,8.57277348791078,7.597296414382287,5,10,7.798525417981412,3.6539303972857637,1.007853020313313,31.426214717637308,78.36884376615085,Low
8.26716156367255,7.622810341705024,7.843873202570712,4,8,4.440337281418273,1.145735492269642,3.5054872354620406,55.32487721810774,39.388337433498755,Medium
6.9916595595278945,9.877914356469702,7.846066874471458,3,8,8.342483653420407,3.2260077472217894,2.634704396573757,47.30155140379356,74.15211436531294,Medium
8.767769034697634,4.9404518397813275,7.1025118446694195,8,5,2.906871960401757,1.9245145511373782,1.688916021844374,68.841888405139,12.4819943911743,Medium
4.939895666545376,5.011472941867522,3.7214276815794642,3,13,2.9190578844820463,1.5585050774278266,5.355057685693449,29.389231069793592,38.43920348318905,Low
7.779853209293129,8.361742222964866,9.401943038833,3,12,8.118651111013275,4.094012502537045,6.679139633489822,40.628943618592636,64.08968330217675,Medium
9.803226760815779,7.016911172386191,9.60882165339685,6,9,6.033771827804383,4.2381706277582465,1.4173871829107827,69.63146770002108,34.70192970359967,Medium
7.629558412535899,6.745902770604518,5.532240793373263,5,13,6.0025175967430355,3.8608489354661772,2.2410206127583336,50.41305903278739,44.72421266929449,Medium
7.414872258386573,4.463886561651206,5.258604169567636,5,4,6.163037446334569,1.0447473805660827,9.390620608852918,32.51400005980576,38.03528567752762,Low
7.012834121236525,8.039091689596363,7.22482330583075,5,7,2.132261353147114,2.139636862573136,3.0080155885129547,64.0891568382868,33.140124683168494,Medium
4.643677814311132,7.894489783998469,7.10162567036701,2,12,4.146031669571988,2.4438450657459887,7.839889718986068,29.75800156611791,58.18212919817564,Low
9.033359403565523,9.306957963903482,5.596107862493962,5,8,6.15771702857767,3.763400895406527,7.7296149549320035,59.97245425123472,48.8836981462741,Medium
6.083713540292401,8.137812266241944,3.4999486888247917,3,5,3.228295839160596,4.022174726704446,3.8942425213853173,60.08616767474392,46.55120676946971,Medium
7.756724884574526,7.734791843519006,6.611402381499554,5,15,5.536044635729691,3.5114196881116517,2.83705209321964,51.22903418691993,45.5285824635611,Medium
4.655448540143119,10.354001273580675,7.1028730763510906,7,13,6.013317144286093,4.156353378952087,3.1955549825415384,45.88193785275442,67.14533813565025,Medium
5.230810503238329,5.375065393102901,7.451642296077594,3,12,9.485324905489877,2.7091995112778586,6.093090702852126,11.73510497628863,70.74885732303214,Low
9.152631098833353,9.072778437695153,6.698585544708415,4,8,3.2119822815252164,3.1673799593470844,4.430431183779545,72.72929988389495,34.89517740127983,High
6.479046566563236,4.657705670409302,5.457769703276181,7,13,4.954215624015937,1.2570007003089119,5.460088224118335,32.073349935406604,33.15474195987047,Low
9.179913214063816,6.323276239998385,7.988004079012557,4,10,9.833600894897454,2.7086529861816997,8.30451234847322,32.76704405979188,57.15143062900343,Low
6.882654011412224,5.5746857347533725,6.131696995131836,5,12,2.6811088859615015,2.730532453984617,5.52066746316703,48.01324375789225,27.322643148475873,Medium
4.237153340563214,9.563885070903837,5.070153971270559,2,9,8.020175373398347,3.4460804382730545,9.95706033164628,20.98100420952814,85.08176609414011,Low
8.33810139959758,7.869179532809212,5.638693235908558,2,11,2.5943946007326155,2.5115854107132654,6.992504234357583,56.65194647867311,34.61266530193081,Medium
6.115161523366588,7.972993510814047,2.508061935050036,1,12,8.650419154995124,1.953819948205945,2.8652289231268595,26.467261325198006,76.09616978118524,Low
8.048033220275565,5.786534024541098,5.635516351642922,8,12,5.391765436158045,1.9503851570426591,5.49566903910941,45.52586831990871,30.879407662042752,Medium
7.037816301310123,7.400613008134222,7.376873039749337,4,10,9.749453362389577,1.535491578938228,8.32075949767298,21.25219997016261,69.90072832281204,Low
4.685322658085695,6.473069393381777,6.67956604427846,5,9,2.5306747069650752,3.8040906003796717,2.964713814005526,49.8942417918963,39.32523722489445,Medium
7.246442148055854,8.766910029708432,9.041328345962372,3,8,7.1913371117060905,3.490273524221118,7.56479924779193,43.134747989135235,63.32074059408506,Medium
10.0,6.017817729336773,5.4740501719685914,6,9,7.257513253814344,3.3169996797617984,1.3010413077179097,61.060647854035196,36.18504242761445,Medium
7.739479687771689,10.659588730410151,6.974626326106632,4,6,7.4698789378283275,3.1240785170617476,9.483704482599633,48.49541706972036,67.69602600040541,Medium
6.913723370491805,4.648839100751811,7.585480352611544,1,13,1.9087188738606233,2.4701499954662953,6.970255744730016,40.438428554971786,27.35227806126633,Medium
8.613015102935346,6.3869603350868775,10.685714016574817,4,10,3.5970488940218144,4.074867466522921,2.4631327378142265,65.48612414519408,29.217134772885988,Medium
7.316002697804667,11.354401019932192,6.289530982235281,3,9,4.042151445218967,4.688096660290475,8.868652294405564,62.018418447941535,57.09164303429877,Medium
7.314301345394192,7.129722504075931,3.9116256422719533,3,5,3.9185884722941156,2.759956756793719,1.7363861280010955,60.76768843263562,40.94477654262118,Medium
5.362562241761346,5.370242671191177,7.6958575067105635,7,12,7.075186471002576,2.6363544237875782,4.653360672815991,27.089529676724116,50.97839744476834,Low
7.350772038684397,8.438143125075337,9.731454711936914,3,8,1.4934670355247612,1.6509102283378132,7.6325440563949005,57.466437553681175,33.70344044362543,Medium
8.553165124625417,7.049215515570916,5.354902579546757,3,6,7.570707561866849,3.6828352212560684,9.436659646269385,43.83124724812574,53.2502034059844,Medium
5.745906771849963,6.328259488763388,7.682163077212832,5,9,5.73925937095563,3.2323690535112535,4.139292401553043,39.91276906826346,49.983058450344856,Low
9.136743731870421,5.808258378402565,8.45745611045784,8,11,2.5569745225050484,4.951991984951232,8.474601078670606,66.94388610798687,12.374553860409046,Medium
6.862440963782311,13.536747211251885,8.034131087940306,5,13,3.0350682091336956,3.337292667079832,2.7707703189874353,72.04187274862805,58.44863705161358,High
5.668345732692189,7.496896199631728,6.251117044947156,0,7,1.8782228398081555,2.1544434647795567,1.3159933224830525,54.27104807376397,44.87147842726106,Medium
8.496448115380367,4.148865279334245,4.603052483573707,8,15,5.131529671481767,3.2517626469116885,1.2588488496329386,51.983237403407145,21.650089339588195,Medium
6.569808646392596,10.987419518011068,5.837440903972828,7,11,6.354292629336777,4.938780930884313,6.923534420929595,54.79134977643646,62.930104490575445,Medium
8.139272331229161,9.222141810221142,6.917200907755261,4,10,6.22874844330783,3.893340720096599,2.3878657534201606,60.45420262705476,54.59909535070921,Medium
6.562362051612194,6.4670671379604245,7.816445048183458,4,9,9.661310851652782,1.5143092350797747,1.4529187935075416,28.238463077390808,68.07395593270722,Low
6.9102607847051445,6.133761822627717,6.667890095998079,2,14,3.663694288040654,2.372650473327785,9.79072773248468,33.31413862325449,39.60355222447134,Low
7.740340306501437,9.346945592316462,5.240184066918846,7,10,7.858718610425919,2.194739844210278,3.17811041496711,49.5503012702632,59.24915035016546,Medium
7.436345586385009,7.506163345021091,7.110759312299537,2,15,7.507697887118099,4.427295115949665,5.16299034681596,38.13098813650301,61.25801399583669,Low
4.006702329322392,4.148044363109797,7.720170135485641,6,16,1.5519428255100027,3.4446513926448294,6.517730252079256,31.305354470479642,27.03956186387435,Low
5.318134389858413,11.574479929209337,6.759220112828961,3,7,9.370045690496118,4.240407984930663,2.3001043296188066,44.053925352599364,92.6236074602039,Medium
8.394114977186224,7.132019075568086,4.32762577092335,3,17,9.38173526961175,1.7049842137339106,4.214519746197716,27.450755585717573,63.12454047563838,Low
6.801795116647679,10.991143472964852,5.63718793056562,6,8,4.567016639241153,4.6321396198654,6.829361602916236,63.627990150772575,55.01772071074759,Medium
6.214403045842867,10.55686991593143,7.895641552824934,4,6,4.759100515051626,1.2332439883824078,6.757855457271639,48.517712136278554,60.56432367003459,Medium
4.9621389771137885,5.997980911034372,3.2339643825110524,1,13,8.376372366409608,2.4993487484829937,8.578515778630313,8.400761913595579,72.43353420543114,Low
5.380395518086227,10.066379728726297,1.8136439552176817,6,13,5.455275899246823,1.0565961771457277,4.936801894792789,37.65211274368812,62.075992985153405,Low
3.9673020400570786,6.697114900272638,9.016165700288042,5,13,8.19280628664206,1.7371179764278963,9.008448629976604,6.851894474257297,71.01672226702715,Low
6.8480789219477005,4.266598826392116,7.022830510043759,9,13,1.3251265219437776,4.848903463349725,7.139734619727111,56.4240128965529,8.642732413677022,Medium
6.10234362912843,7.150803667955715,7.213460005040213,6,7,3.252435511425311,1.3139813255619028,6.058946754113119,46.972830569590975,37.43687033147474,Medium
5.550118163522027,8.795275003552558,3.846366052745888,3,7,1.8195848666952683,1.5816263094864431,2.0542314345437287,57.37216937750892,44.349351146426024,Medium
6.897814862248071,7.074526704007324,7.475056126933076,1,6,5.087782470086286,4.69939610498208,6.172335209286389,50.39577078285953,51.94734678188036,Medium
7.545955946279107,7.385903318149797,6.550497375136729,4,14,8.68743500113806,3.8406982557582134,6.352048160256507,33.60838495828211,62.453519406461524,Low
10.0,10.287132089857225,2.8313448443032057,3,11,6.128089691194365,2.6278576345666926,7.829239445745724,58.77795769802605,51.87545573705074,Medium
4.73217487065518,8.212987960580184,8.848566828547714,7,14,5.683001847386877,1.2750632695533373,7.4722516073517,25.57216441798598,57.31559795150185,Low
8.739071564950784,6.313403377430095,6.317366647237458,4,7,4.294962045060489,4.140155836316976,5.769821614113594,61.642752412113744,31.82984336455697,Medium
8.459652341522608,9.404060647334653,5.207832067841462,3,8,1.5724888905385996,2.9709064219026233,6.335462542506997,71.35421165798093,32.8849037323977,High
5.831360890934949,8.395351133908491,5.244020508029565,3,8,7.897687034395879,2.2920674652959683,7.951084408312459,28.161210640318856,71.4951855660951,Low
7.304853931879046,2.956790397075914,1.9695561891352469,3,8,6.136894593844732,2.4430017019003203,4.162962359231209,34.36381690781693,36.51314184918032,Low
6.313550125993578,8.856705827542898,7.186673199262727,11,19,9.378689564111756,3.0211101518980157,2.214740040404748,34.46974770069621,63.66903802863458,Low
7.2785328706281085,8.783657415432204,6.523714414491451,6,13,4.887687018906512,3.2049312923126645,8.868694424523554,46.66410028232317,46.42022995562649,Medium
9.263696520106826,8.04024225916172,5.6118397353338105,5,8,4.613496728616484,4.272395083481733,9.685168976988145,61.99949423634222,35.655418068314866,Medium
7.90840934894697,9.78340116213915,8.556970414903343,2,10,9.769122913653124,4.086814888279944,4.863743548606852,42.7974949721405,78.70873911848025,Medium
7.762912559850163,6.655212831346995,3.2322819620083085,3,14,2.2704174545073776,4.068234766080835,9.912788103499238,50.0215165218184,29.184737130576348,Medium
6.3545360200680365,8.672999577641802,4.80645504726477,9,12,3.2712537947323437,3.9171919452811417,3.9042542335033117,61.324642164570655,36.52808000554083,Medium
4.7739150026134975,4.866081257665295,4.299983490479228,5,12,5.3934779390364636,4.031147660572046,1.599166846816574,35.72377161715899,47.078500214117575,Low
6.687297684189388,8.814180766797664,5.442410040456894,6,10,5.711898713707748,3.7104061007797546,6.152136230698764,49.55306539882555,53.1155020526883,Medium
8.809912232295872,11.906119391079793,6.134940050514446,6,6,5.938449579688526,4.472093893552586,8.81380616092253,69.8330323364302,56.49257812381021,Medium
4.709248215115529,6.010287295064918,6.86002704762271,5,8,2.908989368159952,3.2298171844243497,6.5573363641275435,41.23427267766029,39.37574600155726,Medium
5.417365947734957,6.48039573602445,5.306053093789766,2,13,9.341632436109487,3.0833770384257364,1.0848443341923382,22.80786133860861,75.15076939220452,Low
7.189401604351103,6.579969114216896,4.245288529690212,3,13,7.331518873519589,3.805183914555468,1.1064941327487574,42.51027647685915,56.20504498507176,Medium
5.5230178227291065,8.259996451603191,9.372013899540889,1,6,3.3259586460365775,1.6640238923190998,7.519159655779773,41.32994997768442,53.56776273021695,Medium
5.811214829327181,5.873927454292564,10.823280383577139,3,4,3.647736989620346,4.10780685534017,8.608086961427182,45.466721990820055,41.44775764412977,Medium
6.364602127407735,8.84249475738196,6.286573343764051,3,12,8.923226187462017,4.744623372869155,3.2773303821054314,38.957042139996226,75.8835617698777,Low
4.951573893714776,9.69367989093833,4.486439265958266,5,9,4.423198667399224,2.185039859258822,5.231179510863274,44.275141606012994,59.32128996895143,Medium
5.5388172306754475,9.06869442690757,8.950908262084589,3,10,6.007270254138639,3.444179828713907,9.649818104387258,34.03319833934431,65.95306348678565,Low
8.055141875180963,4.463169148723855,3.1064857873430696,5,12,2.0838410079714325,1.1304900544041652,5.14516675248907,48.971113272267736,15.266986332875618,Medium
5.038945326653554,9.990335330317212,5.330453350590345,4,12,3.2655951857351795,4.063291450690668,2.2223268946721175,55.90410760547642,56.19768556271123,Medium
4.603191798257743,9.87473482850736,4.607765897307397,3,9,4.749190216540287,3.238672692744157,9.204877060046947,36.88587158048499,66.76331841524657,Low
6.054962530699158,9.660322744692609,3.6809288990990225,0,13,6.905236400846188,3.694617138538781,5.456509022749888,36.03455683334941,75.84094871705855,Low
8.097933253764769,8.74568449731165,5.439951534156461,2,9,3.521985928877784,1.5719708797672176,4.098762478439884,57.94546741564969,43.42129157694292,Medium
6.704617288004665,8.440378628410265,4.27165584165207,5,11,9.5568536103592,4.237819221443205,1.8768945016541716,41.05972563972108,72.37274152597448,Medium
6.303128382826572,10.064778796252794,6.025308928297309,3,9,2.9819543671233983,2.0237453493745114,5.124414673682107,54.910677213417195,51.492034987664184,Medium
7.06653819627341,11.847026975206909,6.054354335344928,4,11,8.01016200963863,3.739168813173695,7.927054921545567,45.32007088365258,77.60660760593233,Medium
4.381438850710522,6.093919073270301,4.757336552956041,4,12,4.281389314603891,3.372567060120845,7.45465909094273,28.815307230881963,49.66549784233841,Low
7.742058480662549,10.156250791589544,5.25897328681226,2,11,8.500607891756385,3.6151657845134686,5.469288852786409,44.04122800393395,74.57057044850794,Medium
7.575152547105466,7.827565803985094,5.538302064192579,4,9,9.307951406998958,1.200949147224632,7.475818114235414,27.95998454767677,66.99845543773797,Low
6.386037288856418,7.740653895942799,7.619692122238854,4,14,2.6831400535407273,3.967402280924893,4.156845115430556,53.8195502821163,39.27630676577719,Medium
8.508886767694625,4.926938619235923,5.703141197871629,0,11,5.423293378589512,4.1809989141107025,7.617413822771761,42.004062252923674,40.612841808926625,Medium
5.308755851570442,7.43042118096921,7.649403481572195,1,17,2.3892928653197743,2.899263292609643,1.7716074242532263,42.8222663940815,46.83847039396868,Medium
8.691863489880355,6.00547008406317,7.171625967109311,3,12,7.352427077073542,2.6354441769483374,2.7931063007338652,43.49526735095327,47.74234675496869,Medium
7.231740498392877,7.072291140988108,7.143061393801484,3,8,8.490142731049925,2.3701788158193575,8.899509899196431,28.603090446812722,63.5204816623499,Low
6.49517111518274,5.8036272324437,8.775691940691946,0,11,4.505211444321039,4.711527625929081,3.6428986626783244,44.957554843427246,47.98037541686584,Medium
6.970189546947533,7.102183225373987,3.7612182405081804,2,10,4.570758126634049,4.02027301736614,2.8534725502086444,52.62538584857883,47.36122363044784,Medium
6.839102851283587,7.1877792859531935,5.053633787385773,5,4,2.8345580266995443,3.794474908946593,1.8010232932163106,68.50441612181935,34.19918726082072,Medium
8.830424344626575,8.1935098368776,9.526597600599139,2,14,3.758811916124516,4.702426498501943,4.536594949567444,63.24757418194296,39.40622009737804,Medium
5.3849813087934795,4.770500275417338,5.4853669988214655,1,11,3.9150375313382164,2.3950769224768544,1.6028386750835808,35.80267400271619,44.20884612538594,Low
5.856221141280103,5.108963704509353,1.0,3,7,2.400168490941067,3.520552343266314,5.472824139594556,48.144726305237626,32.31745517890906,Medium
8.55445433810872,8.723828541461053,5.594063313704229,3,14,3.789570070587959,3.7442273221073847,9.272842632699636,53.90539756415647,40.85364023817298,Medium
6.106697597224211,6.405123765859802,6.2698790603265,5,6,9.165312110599862,4.984910173271003,8.084209106755928,32.0892016231652,65.52845427379552,Low
8.350799615997387,10.149059580459863,1.0,5,14,3.9284724923250516,2.708744457628623,1.3660639269761372,67.00020349064492,43.9746030969899,Medium
9.549153974513064,8.450539444030094,8.667871279775897,5,6,3.4699346674270477,2.60072420775911,3.6978234769443787,74.69482194032474,30.32831628508632,High
6.39730745958755,9.213524300412814,4.572575072268796,2,6,4.46178054612686,1.3379516972424033,2.688798546711877,51.59865110639229,57.056459382445205,Medium
8.022043489862957,10.821384640841789,6.657126230375031,4,9,9.6424573419823,1.3938099389599006,1.60245869638248,46.29224430798312,77.73907897812992,Medium
5.269461577990212,7.380578376386855,5.548036909311875,9,8,7.8812121869661045,3.04719624212659,1.9777649318169224,40.360944905635385,59.05158037232147,Medium
8.132099947101715,6.851026589167448,3.423297161591917,2,13,2.8156448579297964,1.6847278377508261,9.173299353066092,44.28364452264773,32.83577869784375,Medium
7.299135978980151,9.743405171197626,3.85898373072916,2,5,7.772964355927758,1.2917233290278305,3.790748935574175,44.907419145271376,71.38239661689119,Medium
7.709557423240323,9.019027127859372,4.129834327144906,3,10,7.8961135793912645,4.859572020140947,4.530014886057363,50.431351431723115,65.71848561262563,Medium
6.031641891946908,7.625339380357398,8.171343818367276,2,16,9.551233672122564,4.805669591633279,5.371307814895268,23.765840876476965,77.75548689552093,Low
4.508374876649241,10.782915933911884,5.704923623799696,4,10,9.019855979757304,2.301107073395973,7.70436188332943,22.87069306953323,89.62875651149574,Low
7.754878097124257,7.575511380320139,4.9562689668965065,8,4,1.8567548481792562,4.159477627733217,8.185334266770235,72.07038964047481,21.375707591890293,High
3.904895271280818,8.065547275111562,4.1307821748195375,4,21,5.091188872309561,4.490196214476683,9.673565885847385,19.347682115071283,62.9413477056105,Low
6.523974261636198,8.042445301668517,8.392300443052253,2,10,7.326942202782598,2.858988271135962,2.8961026355270634,39.2622933753848,66.26207005716039,Low
8.411772799629954,6.130812210203057,8.928402545047174,2,9,9.76031920782911,1.8947884230414607,3.709595606279262,32.13890086524223,63.061869323956735,Low
7.287846603809554,8.155170778972781,8.369487797413361,3,4,1.766392463389876,1.5192193092431578,3.816646436933896,64.97997310979486,34.27145387682206,Medium
9.92251396718472,10.793520354796982,6.9848746783083335,6,8,4.314094740299966,1.5632894857004143,5.007329139786999,73.35914207988796,39.65015793849284,High
8.53766372887266,8.889936630752352,6.579660083741423,4,9,5.430014224156574,4.187732618948027,8.26663916281375,57.41058442867056,47.74657583642617,Medium
6.019152417511635,8.062126852797864,3.568124364048197,3,11,4.719197741750667,2.537663260105051,3.155104769779738,44.67884462569336,53.86571101818595,Medium
7.040970069777158,7.676465437668662,5.508361746577885,2,14,5.102005987255623,3.7740306018021945,8.04629589906684,39.74995494531773,51.7776470916355,Low
6.928943946183346,8.661734056812703,4.632279593307127,1,14,4.321919257524018,3.1547737375413667,2.8363601654066293,49.55184879791943,53.89691620775376,Medium
4.626734854980809,9.49953325697837,2.3489757820305806,1,8,9.73560352714007,2.5786735216938212,7.391328554775988,17.944925658986573,93.42993634589696,Low
5.58940162527347,9.218477661779506,8.114086838330731,4,11,8.229203010651608,1.495262956737042,8.191011878647101,22.98701818959493,75.34999721239444,Low
6.15885863953021,7.336270276356042,4.608340107215449,3,10,7.6299392058703095,2.333795950515752,8.68405366733016,25.046668873490557,64.87752243435693,Low
3.945669245716095,8.64956318822023,8.391883814870614,7,8,4.696312222958051,4.360695683415229,5.592569872965332,44.67289010352696,57.45757793864037,Medium
7.0712402023774645,8.959879482296557,7.763492801520024,8,11,8.933712227652084,4.245591747834207,3.958434879749859,46.38853082300866,64.13237630548569,Medium
6.626392233020439,5.985610024946043,7.113435953266838,3,4,1.8400535848398936,1.113474367862736,7.951458100012832,48.20981884599252,29.48842750902597,Medium
4.4906591480326385,8.33646108236739,7.225768143526367,5,9,2.290766736317365,1.561106233500512,3.888248114443072,46.2257002958744,45.841558037891645,Medium
7.606319297915999,3.677392227395276,4.769372235852584,5,6,9.586520679529794,4.023604866932999,2.3327989856326035,37.146020728444725,51.11779995282437,Low
8.07380911703644,8.96506741964237,9.715700302581329,1,7,6.102894730802976,2.342931585465501,8.512178038260634,45.77027616236029,58.836876048520594,Medium
7.340551718297333,9.320686109125363,6.086250861906098,3,7,2.4351199810231683,3.57436426783415,4.701168367813281,67.71437070528233,41.615980160413535,Medium
6.513897737186545,9.495092251572919,6.603863370237407,4,8,9.542311369756705,3.2507029559761995,6.137503897074646,35.31769749381592,78.84198571592917,Low
7.8871632276277825,7.209906295660865,4.701847332866722,4,9,9.773589472877148,3.6082692615795415,9.265996417617867,30.9472816382955,65.67054523208552,Low
8.020330540715037,8.61809367004807,4.13766947844608,1,12,8.933437613756888,1.214786203697149,2.222169591108045,35.558876376153755,71.67899677875076,Low
7.461105354579533,10.847907691082334,6.954592017618847,3,10,3.1470206948345716,4.7244768221209075,6.014655068010247,68.13267022889336,50.212208691437745,Medium
5.763081624347858,10.827539296582518,6.435026991877571,5,10,3.506445873262108,1.0838781990212611,6.028881324832865,48.977347397987444,55.511366141283006,Medium
7.414901148266771,7.941654601546879,4.421295268194846,2,14,4.662755672966856,1.0321299839389813,8.757021752184308,34.413057548619285,48.99269273158339,Low
8.793220976238219,8.27863926145912,3.123146562449192,3,8,6.213895532722085,1.9046120095555894,4.071330750912908,53.781876096482684,50.08620864308212,Medium
6.105056412082405,10.221822289468866,3.460153825344906,4,8,9.92963268612561,4.9739836777229325,4.610926806885376,41.323947542247694,85.17252110947794,Medium
10.0,4.99839596947565,8.392267434182214,3,10,9.605201921495071,1.2901297384014936,5.673638456602862,33.051551331934995,49.473778085675306,Low
6.211553599021923,7.353848514645951,4.773492370699857,4,5,9.290251528279665,4.4980006960428565,2.5047998402029794,41.66288511813124,71.0229803424304,Medium
7.048610520010205,10.671140911073513,5.322182908648332,6,6,1.8034866893219124,1.6363562817732236,5.235952549894086,69.25862594122812,39.219681643593866,Medium
5.991271605990496,9.950401083369533,8.900680517518124,3,5,7.81449710701686,1.4364131727607634,4.924736148072404,38.33147506786364,76.12334131481661,Low
7.3349062538803915,8.73852755529981,3.7556988770271706,5,10,8.891612752057222,4.115881590476377,2.776550275149651,46.69105089668887,67.49945035346344,Medium
4.386667461047088,4.988335189338759,4.546010348565886,5,5,3.9995157658497975,4.386714858214674,8.497202669179224,36.71302126020675,42.35095595303054,Low
6.180937301774918,7.900179533917676,4.4624663428786135,2,6,2.976166307807268,4.168731553836846,4.879303855487533,57.77284049976,45.86214299657953,Medium
5.361818199477149,6.820169207500134,9.236136962332079,3,7,7.735973444981852,1.9641155167509967,3.7545931946663256,28.76545378274607,66.92064106346889,Low
7.203007521838436,8.662077805634427,9.986767001164829,4,8,1.8175398075235614,4.519370904270604,2.1733681294197336,74.31065462353811,34.91211968459264,High
8.491671063263361,6.38130663041024,7.503126450804341,5,11,9.467723819330445,1.2875417287605533,1.807730149332547,36.309730528693464,56.684567595565824,Low
7.969009280671827,5.948553210050785,7.56676944830848,3,10,2.404698798306522,2.367909852956238,9.642042040510114,48.078604184585004,26.358073984043607,Medium
3.4425109587116616,3.870269444632717,4.839289994294537,4,6,5.1178406695318825,2.8527325029111186,9.956380942513007,16.046467295172043,49.61778243979602,Low
10.0,10.443609369953403,9.894656973808566,5,6,9.845180647003865,1.270941086428091,9.081328454228736,46.95545056882588,67.01082298789521,Medium
7.442919910931303,7.200458977113885,6.535392508717324,8,11,9.893981948833094,3.3193731141944647,5.127682889264036,35.72490312570584,60.77346445733125,Low
5.8352512892604995,8.31429156740507,7.70622052889948,2,7,7.983912580259831,3.237532068262361,8.271241838308773,30.073630825902995,73.44339290340278,Low
7.235691878486412,7.995523767051638,5.7889501224580915,1,8,8.552696363450325,4.9687302996327345,8.508539787320881,37.281280081786946,70.88843198572602,Low
7.264284733754039,5.865132134079001,5.463934825344779,3,7,9.704536679723503,3.4866560111518203,3.6982828957652387,33.760037199910315,64.89713094607959,Low
5.999726924572655,5.481870177103613,9.326084519192236,5,10,9.346865584729322,2.5901827072759844,6.274261451520011,19.878136608694035,63.48082829568862,Low
7.296875001013113,5.9893697480055295,7.079447359476614,5,8,6.598977690554629,4.160739390138511,9.611398150828986,39.376763053420504,46.29522705852446,Low
6.088791568569539,6.553663122341214,8.902750922140763,2,13,7.611552828358571,2.339868016694389,3.5206102017940557,26.60107625556975,64.04807852108783,Low
6.3934570109649655,8.73321249402761,6.510656343490089,5,11,6.34398898553675,3.1314746174901473,6.965977367787228,40.51666373015193,59.02094299117876,Medium
5.9705812963673734,6.408564672958777,4.303266927153818,7,11,5.558457465744169,1.221878427172883,6.962870126327051,31.419686143556557,44.74649665831517,Low
4.85099306539052,11.492981263189243,4.833314134243024,5,12,8.927461148760525,2.290663097864179,5.074035866546905,29.744752448046924,88.47739577693801,Low
7.218754705323076,10.054302071786303,6.205930484929221,3,8,7.642226009233179,3.112432059015976,5.4129596972746405,46.81019002084579,70.39004546014195,Medium
7.877949154774507,9.616719099331416,4.746999567913346,7,5,8.738345533312279,3.809247574900747,5.107442610610501,54.89897511871874,63.967465468131635,Medium
7.772325394114558,7.7606821950536995,3.785077182744619,2,10,1.8631986706486925,1.396131161481851,5.689692307134695,55.69829475823999,33.054621974551814,Medium
8.229887878952852,11.028561471440968,8.40283406357405,3,10,6.188366508620334,4.188746916575667,2.3390001639563964,65.63594796548735,62.50006066539395,Medium
7.4865103150223025,7.563988737757752,4.910259858352976,2,6,3.965651455134238,4.600635946605058,8.152724007955111,56.35196678405059,43.87464260426771,Medium
6.200911752674645,7.937477171691508,6.276385495582641,3,15,5.620545804755044,2.1241486622443766,6.949676015028304,30.89152038740357,57.049472589035744,Low
8.259495796646783,8.339949079498538,6.592267179771209,5,18,6.516689001728946,4.061386323137216,9.76440045962115,39.83668309002711,50.40901692465866,Low
4.963723690237098,9.403646081086688,4.8236937493588625,2,9,8.61182624919056,1.7213939646427772,3.2107887016580072,27.22244974307354,84.27565803759505,Low
5.64899292623128,9.273816158005971,8.901598932617478,2,6,1.2868995210275354,3.093663487026758,2.3137141876685074,65.24396847246267,44.912208208999175,Medium
5.553699892865133,7.049749443110794,3.7657164775907743,2,14,2.4758503541343613,4.190541460288298,4.082986592762426,47.29560696430173,42.97042399505348,Medium
8.620084088708966,6.9340125611480925,6.523250527161542,5,6,9.293011671522843,2.5459667423138352,5.587672628336553,42.176964275365016,57.309992737143254,Medium
8.414182771210113,9.27980591430417,6.492235412753168,5,13,9.705436389309286,1.1052010081552837,2.8450859899087733,38.275895433468264,68.85091188002357,Low
7.7309578555674925,9.430473167782466,5.8914907942717045,2,14,1.4988041478770282,3.1598695008567392,5.145409279647207,63.21099580834642,37.58939591166672,Medium
8.607894797817696,7.213297750354254,3.406174773456035,7,8,3.9860878862519966,4.378799491602955,6.783519229429325,65.5983669806302,28.668887904471745,Medium
5.681075826382018,4.825623860643092,7.741635103726928,7,11,1.0875697639051645,1.433309509258374,1.5055416561286217,50.90344346580533,18.225302021797955,Medium
7.522892679791471,7.585367807983511,7.487021340669193,3,10,7.8170321187526355,1.118565608570044,7.822268768662013,29.579512619744158,60.855684158147085,Low
6.812238357425254,9.247051597651717,4.648862942817567,6,8,7.137461622168856,4.236163103938345,9.457401525967265,44.78705089661836,61.16735117766052,Medium
8.27032315582737,11.610833692839561,7.4149744144107235,4,7,6.083246038587704,2.068530314685423,3.4142339343089385,63.64528971919366,62.11340354844873,Medium
6.827163651171704,5.604084075318676,6.749815372601551,4,4,7.224950559300085,2.457374822955536,7.986001344867803,34.088015974520225,51.80580913808033,Low
6.422585667384878,7.146857494338853,3.4387757092777833,9,8,5.84012091302038,1.3479281196183996,4.761408351101503,43.480089725674915,43.224736453223564,Medium
7.8113627778414845,7.221192876949247,4.292142170857285,7,7,3.149570580224192,1.386475937697869,6.979893957081866,56.08656308411174,28.013164339266556,Medium
8.314253750786849,10.711610678863003,8.276562889779159,5,10,7.7890036145994,3.4581734276640264,7.687144630721152,51.13649563517095,65.14543925235996,Medium
5.997482207729798,7.930116999082735,6.6188323702841005,3,11,8.049499939584464,3.2089185973859715,3.6547628436192707,33.60994584990658,69.81469354637801,Low
6.908386492971436,6.185346881255469,4.871394108378748,6,9,8.6878170376594,2.1696071056570094,8.08657835856941,26.652714352527884,57.09428872589433,Low
5.412339049537521,9.117390565843639,4.283048217654716,4,10,9.586690106155805,2.8109502251390994,1.9460020171759407,31.598090958748504,82.39938992471185,Low
3.252908473760591,7.190722959918107,4.969212403769158,1,12,7.727874505664907,2.5527910573721004,9.880523629823987,4.223421417383499,80.9797256340106,Low
7.300689447120593,5.551225453284092,5.111040940244591,3,15,1.490948123799454,3.7802116656851417,4.033224864652125,54.73552688646017,23.2815534856391,Medium
7.913358034381948,6.214453385447698,4.308073934741497,1,13,1.1875471439184935,4.448356099254349,3.014224887497469,64.25714751666739,25.283287193227626,Medium
7.393100213630088,11.468083908845237,2.5164717752333954,2,14,7.658836036340723,4.060409677784067,2.247886411234237,51.85867015949604,76.7661623025385,Medium
4.075657423368449,8.768418443298925,8.280026572801571,5,9,1.5044586843449006,1.017630598672802,8.309639127991353,39.576738848929864,45.35471804294028,Low
6.473725854885288,8.215520110905086,7.941267345222887,9,8,3.84350138466604,1.3982138444847703,6.273013360150601,51.45098898178583,37.14070271296562,Medium
3.672478359923378,7.500212528375908,3.453489096386281,4,8,2.2254389877157013,2.7175071202136496,9.565032673409018,34.98438476601655,47.79647447545768,Low
9.054551661481277,8.584297684237598,6.272622591127336,3,8,9.720099139619471,4.407195423524403,6.829105514190571,46.80149162957319,67.2939663811678,Medium
5.370918126822871,8.560471892004989,4.195523594570467,4,14,3.8475473982887474,1.94789675229618,4.0653368624659265,40.50974121081907,52.36570940657119,Medium
8.883105414189846,8.584337656414652,5.476865553546929,5,10,1.4963221735328938,4.515808346194035,8.527712806077046,73.0721372475928,23.995983263634553,High
8.418804465526218,8.229690180555506,5.310466840252687,4,11,9.546467882642947,1.4400546341645266,3.5311153711313357,37.18202759144925,66.02645056665325,Low
5.649114471195908,9.737596676611098,5.1443315685642546,6,13,6.478699407406011,1.290428495393897,3.6175661684231213,37.26374139020995,64.73414575596216,Low
5.300822573098382,8.046208692001462,10.005894168152572,4,10,1.3249816187407641,4.653678788582392,1.2545208041984186,64.55478165759655,38.395847770022215,Medium
7.525555324579507,6.044122328894723,5.119348630647619,3,10,8.500249358977605,1.6479077039867658,3.2682042021435667,31.815809471122698,58.52463371482964,Low
5.733513944225393,6.775154218198264,4.3834723498661505,7,11,2.3727583275256574,2.855102326528463,3.3529079647395315,53.08263172380763,31.48131113661598,Medium
7.153726963237311,4.0419626130205755,4.474837141005905,5,11,8.221926458451154,2.303828176705967,3.677693568390694,28.200957404702987,47.706713348805145,Low
6.275758613789622,12.053634232084786,8.08755391280351,2,11,6.424765715859911,1.5905457386594661,4.317657394173078,44.37951850080022,77.66299524648059,Medium
4.32826237830155,9.725509183905373,2.6957953366141303,4,4,2.5940369317278837,3.528444059840146,6.190065845381188,54.45160179209596,54.9791307574695,Medium
3.6542979713133112,6.339859009741526,4.4747541671289595,3,11,7.773382474777854,4.85469085652603,2.947519181183639,24.690592178691244,72.66798815323543,Low
7.340026372741896,7.4363103012058005,8.893645680223068,2,11,5.090544780432519,3.6324377874168956,6.730849153432819,45.354232793959426,49.55354385490025,Medium
6.1576633805040615,6.7262470515871335,6.487972375995294,6,10,6.7429084578050436,2.4147947311093216,2.199835533904511,39.91015516989686,52.764600445400646,Low
6.170365274628802,11.085094422748234,6.3838440100722265,3,10,8.825627487834328,3.8471878232396697,9.378198081563406,33.98306083630477,84.49193916529174,Low
8.043795758640679,5.160245671458142,10.264292920287403,2,9,3.342683038861164,1.5729926218789338,1.234992119376754,53.54249638201012,29.57860872479999,Medium
8.760163414948668,8.228952117637558,6.492695905896998,3,8,4.293742066349565,3.3200652427736412,9.173781001313198,56.8722478994799,40.62310598670111,Medium
6.591182917957286,7.782944314870305,4.583627677280835,5,13,9.975446066930308,2.877829784584792,5.9248023368247,24.88315298340362,72.49429653568762,Low
6.489101939635208,9.65367726141823,5.435845886247303,5,7,5.5730302314071425,2.4399342856945525,7.390408107215866,47.432301737989654,58.21472664399666,Medium
7.750214549670826,7.79198154455061,3.7291353819388626,7,12,6.0265240695699065,3.9582692097176992,3.6850845779956014,54.76760169863745,44.49354199182692,Medium
4.964596645450637,4.48358224668913,8.511874080031394,3,14,3.5689468584820925,1.4739485816897604,2.564189064140286,28.839166968472753,39.57938043084338,Low
7.334729582121546,7.4977643307151185,7.149123435073431,0,11,4.744245273429475,3.131161901932696,9.525652379618798,38.857267096007696,51.783407324861265,Low
7.827828957733231,6.05567556411335,8.248828299941778,3,6,5.513965724560633,4.417589306213377,4.969034359720453,54.04531976390351,42.615633871138066,Medium
8.020345312626443,8.159159093113121,8.42596785709874,0,5,3.326002537491627,1.8068406227833287,5.324616112206438,57.63631679976344,44.31442308896999,Medium
4.094870946246303,10.868354073040653,5.171578438144935,5,7,3.1433096002961345,2.058164967717955,9.871105638846979,42.018742068849626,61.04232748697884,Medium
5.857967095286589,4.521149511535444,4.11049429598222,4,14,6.404201342777065,3.6426871710871263,4.024619190841236,28.791080080155574,47.954295366773664,Low
5.6826051207648,6.399554529200192,5.896573777383908,5,13,2.652862998876559,4.090347833581979,1.9017244180045203,52.784810183635436,35.37231133884198,Medium
7.14983043161382,6.894614092433006,4.2544778584229235,7,7,5.981119613214317,2.1333424055270918,6.282228005767447,45.10221037357248,43.54603149385322,Medium
7.721116869651976,7.236737809173578,6.329913750818049,5,9,7.355926212575505,2.4395920341470667,5.993268229176462,41.27169723950373,52.778654169429814,Medium
9.245065611168972,9.480251328210489,8.264193761669379,9,10,2.7843185955723047,3.9596499315579248,7.957939311210867,75.8600522769376,24.698745551620792,High
6.2575517794478905,7.652911164877225,5.663720707901666,3,8,7.712902555804253,2.1412946605481333,9.595702859539395,26.11952783099394,66.02618810007775,Low
6.2536412525361795,8.83160545144089,6.299990179815478,2,9,4.237159373316471,3.6649900188259408,3.7690693905064157,53.104893795505234,55.16553820765249,Medium
8.72450802831812,6.748453912536448,5.812308767553267,3,13,9.932540840696845,1.6353390032231307,7.496168027684852,25.03241945895579,62.997144056010434,Low
7.444865407795458,8.459848690835875,7.605455144875395,7,8,9.811691290906335,2.6452418379536495,4.910527655856903,39.5571179921019,66.83629551355293,Low
8.90147726678196,9.55559526175543,4.66443521142342,1,13,8.187351701666955,3.7547088388929266,8.053955106490244,42.951198794279605,67.68488605172197,Medium
7.433092004514754,6.535400900525823,1.6071074767138018,8,6,4.084486988765669,2.839618224407832,2.4784926635911684,62.457464165419196,29.860938205225594,Medium
5.264325071930093,9.56271623961303,6.941737718750762,4,13,9.434891236078535,1.0769493934341168,5.5077077544773045,18.67942847440724,83.92893681185627,Low
5.00030746783329,8.104745537455138,7.975668842615987,1,5,9.989011046874287,2.625521428418056,1.694682350822923,27.326762308058072,87.93626738918479,Low
4.672731626411606,10.090920480964506,6.892748489517071,5,8,5.160507084476005,2.1533411635586965,6.050570762821144,40.896393335311906,65.59844140376718,Medium
7.99307775213771,7.597160199846053,4.719539009063972,4,12,6.531304428069523,1.4051287313174377,2.520762483023078,44.595799922727345,50.73110972193775,Medium
8.782895234630512,8.762489310324197,3.729975803627862,2,14,1.0538830268534751,1.0365520465946045,9.640405627448148,55.06990549316804,28.43121001775051,Medium
9.774043212079572,7.91878753664294,6.988995063560643,7,9,1.3917988929772214,1.1820616062654232,5.9889729844144375,73.0348476352318,13.528110203091847,High
8.26465799848486,7.807575475918842,6.282957905869347,6,8,5.505380298702896,4.796990630950964,5.764371294595692,61.75065821411051,41.62498129011662,Medium
8.74425786630248,8.51786085645138,5.74841474468334,3,18,6.483824865314842,3.9992768307130118,9.750976513168222,40.672124375016836,52.501372623399234,Medium
6.129975501019473,9.073614938449808,9.644926685987581,6,6,3.8115370230187273,4.758966851652563,5.485737580990797,62.490635600866106,47.138151617526475,Medium
5.265376274884215,5.50087017615199,4.106399811637337,4,3,1.8921683834474567,1.4591355864806324,7.090538176401521,44.25351800413141,31.96375428421035,Medium
8.27511899862633,10.867267217635757,9.55007404225493,9,8,8.040449338033355,3.282038866393329,1.4201337608224551,65.63472714884142,59.759676734792755,Medium
7.6265211283591015,4.280673918900403,6.06356780974128,4,2,4.768840345719328,1.3331542601927722,7.375049340342025,43.11104716220127,31.45108655451215,Medium
7.1611665615113385,6.630375780522208,2.3288590462582506,3,10,6.83963553281241,1.1072255648028109,1.9387933640673898,37.77219027574931,54.09811653408819,Low
7.581057220949485,7.8114618584701985,5.6415946913617185,1,5,6.851810758343287,2.8651245777610295,8.02211166532179,42.022131755096254,60.38193958193907,Medium
7.484778223687309,8.824711938171896,7.918992153198882,3,7,5.92154814765387,3.585374189191411,8.891612492907845,48.32216364425938,56.27929685823465,Medium
8.925725289780342,11.152345055482757,5.269889934390059,4,17,2.6064061364106608,1.2542494436991962,3.839210817079791,64.89159192083517,40.551179945225144,Medium
8.942478377225434,4.283417023549785,3.05044291752321,4,9,6.544732089905697,2.4602388669079813,8.903170126455572,37.44901881216666,34.52525092221657,Low
7.8163305285105205,6.9846117432205785,5.67097093640766,2,10,3.8987560833595887,1.3606680062980043,5.343730674005203,47.080366857923586,39.99801655608095,Medium
8.268704308844391,3.746333024401469,4.285655252216588,3,12,8.372126859363311,2.4484145676006253,6.1441847306751285,26.20197528207318,46.248713588451075,Low
7.771093828637164,8.063243947820496,6.983628802175925,3,11,2.7387716445408286,2.8871827931821197,4.6988458397765935,59.42381600676412,36.629718758740594,Medium
6.308245401948072,8.543367169000062,7.546799632135222,1,7,3.6203357258433746,2.350125541297019,5.288879147159913,49.51445153785162,52.68367475602525,Medium
8.13484701236971,11.181591484342505,3.8874591845037876,4,5,4.962753696688809,3.3049960972028285,9.174438073153508,62.868871302221244,55.617122865937795,Medium
4.908257396711107,8.241269521786908,4.588391889768701,1,12,7.660118171826786,3.3383602256947396,9.525649628560679,18.56196515621442,77.40607733626742,Low
8.580837328443824,10.08805025888476,7.513284930213875,8,8,7.4867551944001,2.331741331120728,5.012820478824016,57.74306859108441,54.70247937428548,Medium
5.208215590350948,9.167674163078118,4.282311443402081,2,13,4.033989583524143,2.55839366431105,5.629253254895807,39.015064119889686,59.89405931738207,Low
7.428704930192099,7.1295036059896635,3.83568372834401,5,13,5.596768277934606,2.7642624716490403,2.0455748519204566,48.75557542755081,45.00733682837702,Medium
5.7322690623607615,5.182078506415921,3.6426177364074905,1,6,3.1081114044333695,2.5026132263045087,3.9305902951215765,43.386864138683364,40.272853156269015,Medium
7.83008347461164,8.550004596583621,6.704077225916241,4,7,7.933287497444492,4.04259064223063,5.619134610261048,49.629395598045015,61.81716526833253,Medium
6.949112161108137,5.015795965709272,6.618315439034928,4,11,2.7703889635138994,1.5597900160622271,2.823244750880689,47.15114195364784,27.258665143184153,Medium
4.607866062755002,10.590414145339288,4.631907939241916,4,16,8.374122221294261,4.428141719902483,6.188799376318946,27.91010510805016,85.32451511295704,Low
7.631049446527719,7.675875795926352,6.010170792256468,3,8,9.4317769068007,2.325004069674041,7.167549104587005,31.33420130163391,68.64793211860555,Low
6.133118834750934,10.390354823022832,9.054264768310262,3,6,9.924544648174765,3.8958434169593374,6.84964040933542,36.2003984657023,87.48742783794205,Low
8.321720081220054,7.039571131735201,4.051879686163557,5,12,8.712659416184891,4.535103180356554,4.9826124368946445,43.89227047853623,56.131751146840145,Medium
7.001988533101611,8.537701572801984,2.096514781979101,7,12,2.9952909049640546,4.549810806684857,7.923872085042062,59.007991973258555,35.576332809589154,Medium
7.593131478082057,8.418697714669378,6.910151151440741,7,3,4.748622684147765,2.8094602800581288,3.875701697122066,65.52122325635345,41.203813006958754,Medium
5.563646567477182,7.909911763978152,5.7791976721968235,5,8,1.7995316140451956,2.02641263160731,5.223492409745349,52.77796511674926,37.254266933227235,Medium
6.116001652858957,7.134680973206816,4.5799498263697975,6,11,2.480962239092921,3.423041715028545,3.4313939943742757,56.16780650346909,33.53327908605437,Medium
6.312042045848373,8.78491203694104,7.304160474709816,2,14,1.4472737467448649,1.7358520423637884,6.432657310590919,48.155208698651,41.05299687909379,Medium
8.285053720363834,6.147673473033583,7.6784502893375794,1,7,6.769791203884169,4.16238748861634,4.96636329923758,48.28010070416603,50.833630328216884,Medium
9.516065631708233,5.581129342081883,1.5834439602398147,5,6,5.798684210647547,3.8453795965999533,2.9540147189459782,63.82036037497642,31.337411129781074,Medium
5.792242372385686,10.485653786653655,4.694804181337023,3,7,9.253115351079167,4.182562097216273,3.7736645937481863,41.67649950615377,86.00704629500548,Medium
8.61527221698652,9.4543359777842,10.63503246239371,6,6,5.16706909114904,2.733030033661077,3.5152126916253086,68.12404298945802,44.51996804762614,Medium
3.745483873411447,8.13178321720448,7.166809831596382,1,11,6.780760348998716,3.229713199591781,9.198214476888994,16.676682273096198,77.68064456843985,Low
5.208715898361566,11.330284765087562,7.352207276594299,5,13,4.614377242700468,1.410906545991018,5.6975884790125155,41.91021650543426,65.17843786149082,Medium
5.561832315719838,7.464468962550311,8.345788557262956,3,7,8.465113354203062,3.750582470398443,6.87390254615942,29.52101760611992,72.01092123154145,Low
4.971236965838917,10.64540643997796,6.034137650399452,4,13,9.337381284846185,2.947354722233203,9.412603963316684,20.045331003144703,88.693429087966,Low
4.62461741531863,8.351148169851644,7.59336832018324,5,9,4.885585631029665,3.03695320807462,2.6399601574210254,44.104565470518544,58.05320091806614,Medium
7.619498368206696,5.950498499847219,7.436124087674405,3,14,1.7443118842869185,4.387968594766514,9.432043814779112,51.08733572948763,24.62538604061016,Medium
6.678898453408208,11.6960803835417,7.078082993505518,3,3,2.4718224626655676,4.089284438355371,5.856734889268091,74.1667122118594,53.378996690111144,High
7.569108096407665,9.981421693248171,5.355976058765191,3,16,7.484898974121157,3.1407701645886443,8.705927883279273,35.839333045998806,67.84554157101901,Low
8.03570902918227,7.757957937980871,6.3441178447325175,5,13,3.9274071272975335,2.4204253071632076,2.5119599941037736,57.665585965262444,36.52241596164199,Medium
7.3984254897588,9.454342519067898,4.823276871386444,5,9,8.068464752752984,2.7857417682761088,3.456422912909149,47.69053179317249,65.82191597556722,Medium
7.98664476422556,7.192593132004187,6.02562860913299,2,8,7.747836134619215,2.4030546848808263,2.7475392661967133,43.93368798053107,58.919580935458114,Medium
6.895701570636596,9.658298070119084,3.663018215801466,4,9,7.248715011068318,1.6064216668299962,6.880796053640562,38.68721320864832,66.54864326494942,Low
5.219509917541383,3.217842869432081,4.418752017454095,5,7,8.32795196004815,3.583103899269667,2.266852622913104,26.00521227488808,53.498807438123585,Low
8.586721271231195,5.960397332610812,5.435375916150141,11,14,7.809002832454809,3.7660600103229513,8.132702962539277,42.62248680018041,35.547345250230805,Medium
6.116331800828309,9.958519488573925,4.112589137139848,4,12,6.693291092417356,4.884840138152579,3.25392662047779,50.00456433736152,68.27438681075503,Medium
5.596605551856361,7.500688923562161,4.989965458509647,0,4,1.0380448772221764,2.822817903181405,3.2992791578154668,58.99452679180462,41.07071469224721,Medium
6.733123186293403,8.415084589777484,5.672148046488968,5,9,5.641094872840237,4.989169651036399,3.5300916675187466,56.96141354691082,52.942661647869606,Medium
5.6307836210552304,5.306428675769131,6.804524689328755,4,15,6.35727603758404,1.7483943420232775,7.717492859050136,17.31283677352692,51.58949151963751,Low
6.373854427015852,11.695733991404206,7.898514603705818,1,11,9.645813107986623,3.6265233319223356,9.31794356448702,29.998910287290393,93.57042602063386,Low
7.5160808823452,10.381059287435352,5.072431257243784,9,10,6.854338553915698,4.97907457187395,9.167590127444294,56.038343323270766,55.409096191793786,Medium
7.5225126088691905,7.59862956324934,8.670209234537248,0,13,6.179263796991561,3.5612998775613627,1.911287989096525,45.889416937946535,58.389972301428415,Medium
5.653254900361556,7.190608286273347,7.877222157250987,7,11,5.870744591375909,2.8094795833108774,3.3619321297781006,41.06746089724891,50.51947714501599,Medium
6.268441940576883,10.059208722839386,7.008187663887884,2,13,1.9296369436823742,3.061009203853784,7.049637693309506,53.60216461829845,48.29687468150354,Medium
8.611499507155365,11.964940900337854,6.307298258593238,5,9,4.848578896462418,4.382044553934535,6.566955766820045,71.94832198143763,54.05309917811202,High
7.744600176600912,9.907520511622707,6.638241683737083,2,12,2.2092012324806167,4.756441983147064,4.1502615841500985,70.42343966268771,42.77238480775972,High
10.0,12.343605334793203,8.374102301332764,3,5,1.474279755376819,2.815706124592211,8.765589910731867,85.9526238258389,36.607569827507156,High
8.77019226061229,6.155297341876164,8.447159319518548,4,8,3.965222729295145,4.089480113390053,2.1741964760668235,66.91224628879631,29.49632584322609,Medium
8.716439602839909,6.361226339002418,8.669893456767287,3,11,6.808979518264587,4.734753679421395,6.751286902766915,47.8645023362124,46.27940320724692,Medium
4.9181971743162975,5.622117763893303,6.082653663754006,4,10,8.801176015446156,2.1284823027816544,3.4577602812223405,18.541848555558364,67.8030772008123,Low
8.145790527450133,8.883521299298959,7.109934329997226,5,13,8.293292805197012,2.972642376933467,5.744571598465581,42.22397680521229,61.615483778098145,Medium
6.920339797454634,8.35120709960874,8.687093013244102,2,10,3.6522086557141327,4.981670219811356,4.48737913404266,59.29071569849147,47.66465714774367,Medium
6.173527294692626,7.696097753056028,4.752567930167214,5,8,1.4139695652097393,2.413914260844256,9.817615894848634,50.87252219171038,31.956834061375083,Medium
7.252023010798792,9.618517256246598,5.363166292563393,8,16,4.624103583434525,3.4787518235106503,5.380230463971374,54.77024092264372,44.63289514832094,Medium
8.417817301917225,10.464657210429328,6.032073326026957,4,10,3.833013615976488,3.6281262230287536,9.784840535104568,61.46907185615854,46.22003725857346,Medium
7.751247386506318,4.9486751814263155,7.799197475958813,5,11,4.34138081251081,1.616593707791369,3.2951882503933048,45.9317392632682,29.436304630160098,Medium
5.68228929798691,6.8060559441977695,7.830344301437245,4,11,6.0318904678759475,4.2264681021779325,7.91146839053388,33.960615579768785,55.290675955523874,Low
8.11368837038893,9.64028718824612,5.5382717776041295,3,10,1.2737217089930297,2.651602437032265,7.453523126730785,66.52140192492436,33.77366407070224,Medium
6.043618686886054,7.064522632282836,2.98278109124058,5,9,4.337251627357533,3.0012936542733106,8.62880758715891,40.739342942628504,44.53478405311559,Medium
7.32502467844643,6.403587847283692,6.492367888591935,5,9,6.027699785375157,3.571369880671237,7.242467173831584,43.42513637418288,44.89553055949461,Medium
6.544974898784298,10.037074855300789,4.163367725343198,3,11,4.878737838698748,2.6419387774845826,7.141231883084882,46.05015017436414,59.659183083317856,Medium
6.671700622396561,5.42099986055204,3.020127590719555,3,9,7.005060485179691,2.3003298625882658,6.946369815507554,28.592383044926635,52.56063663395566,Low
8.149364462560765,7.39684038441779,3.472256878532567,7,15,2.6751861272665654,3.185722912764572,9.865464148687797,52.87617690522607,24.880538964728434,Medium
5.439709420276153,8.657288051609617,6.6527620156911205,3,10,2.384452983374105,2.3871397367299334,3.052879984700781,52.30744668097002,47.08738198972223,Medium
9.9177926114154,6.852360172179763,8.722074721865614,6,10,3.77086981673602,2.73651889544962,1.2710231637347071,72.4893078774002,22.500396925263033,High
4.268370896058256,9.56631131202635,6.077789032472488,2,12,1.9155631766764976,1.433630035412559,7.101737779905258,38.12470415901303,55.00137360424432,Low
6.103498475117714,6.862246049605262,6.422761309291929,4,12,3.126356824257964,4.378972245451616,2.5510399298700364,54.31365283529982,39.43152645552506,Medium
7.5553178349126116,10.817238986891839,8.365789877755851,3,13,1.782140118277448,2.6468289010810095,7.114455371448746,62.29559929625669,42.99736938280199,Medium
7.8764712496529645,7.748507405008454,2.9110901818328916,2,7,4.61779978239795,1.3311360301529143,3.8771686974673045,51.991327881679474,46.07945981846212,Medium
6.849286419142443,9.342540273410707,7.040352843200543,5,9,7.403104652032338,4.160095003355165,1.3901654566583912,54.36039896525278,64.50333304304647,Medium
6.913913945497686,9.492047905965633,5.976820431362357,3,10,3.5788427264114997,1.0785012453331326,7.927911930016724,46.21513684670908,49.69069195249989,Medium
7.615825127991425,6.7449199945118545,7.1321149176641345,1,12,1.0335782330030174,3.3973848022446003,1.4648335735494191,64.81780659173424,27.75750235599527,Medium
6.65339578381348,3.8930269026882227,5.033032183192368,3,8,6.013606918951819,3.8106550389193985,3.0172448407152066,39.81779709863669,42.15086183624527,Low
9.089771886902358,8.72151150932767,4.364125419147036,3,7,7.22747392496196,1.7648416301167384,4.027677704156595,53.463590243210376,55.41643169626729,Medium
8.259023671347403,8.14457669424974,6.281017808571211,2,11,4.521845641326339,1.5250377168336509,2.1947450552290038,54.38711785631274,45.423711229946825,Medium
8.309236526508451,9.111652055150255,9.298382646668923,5,7,3.672999111896413,1.455532110037601,9.222122448038133,56.31891732500418,39.081540117215,Medium
5.5507649149443745,7.546945055234324,7.721820209082925,1,15,5.415740195324532,4.973319960693926,6.596528418251245,34.5371430097454,61.07896608057091,Low
6.880917363391446,7.139144602398568,4.9846144596398165,5,13,1.9111569830952728,4.020347299561689,8.878563521257941,52.540794214741815,29.30954232873076,Medium
6.549301076918945,12.016946021963399,3.3180559280374404,3,4,6.795335979915282,2.2508418814665188,7.138468566618188,50.23447109858258,76.33175006259414,Medium
5.491597936465801,5.055291876978444,2.635865432604429,3,12,7.599674339064653,2.342230702187714,9.927508654032955,11.992401593244214,59.19941806074517,Low
7.54024627591865,9.467900956728476,8.632198903700964,5,17,7.341676094552853,3.5944990185475607,5.7263751897459345,41.87316099469632,61.69654362392099,Medium
6.193531363330275,6.850796283633218,4.089835423728345,2,9,3.9580024618568133,2.8306878342005772,1.4838691716579215,49.680401766094356,46.76394471517887,Medium
7.983105744775355,7.328442764519156,5.348973174010127,6,9,8.584395980008091,2.0853605762490406,2.4477277992191335,43.821880819463175,56.17924019840792,Medium
5.394712655658502,7.365794334852069,8.642422252155153,4,11,9.521638935162978,1.228386426269815,6.295893957718423,14.722121603691901,75.70956334704208,Low
9.578560919262731,6.393131451657486,2.7721970890420167,6,8,3.673668006944487,4.135414579953464,4.129556851518791,71.88105102198939,21.789885927037872,High
5.655501012111907,9.14244842047248,8.984529018950118,2,3,3.3644726855906684,4.552903462451239,2.0160352086875517,65.50648405703518,54.59543524571547,Medium
7.328953505800654,10.781287191899914,5.492719092214996,6,15,7.336951837560283,1.8238371443221637,3.1432576772678393,45.763294289712434,65.57403226620696,Medium
8.1877889655821,8.940027322493323,3.7028333695225224,4,8,7.374537629785532,1.2536204568657472,5.271136573307604,45.41274220250685,58.97491199403716,Medium
6.144039354699831,8.20676399242419,5.505298145702174,11,14,5.59375679925019,1.4745020228467434,5.663636831947088,40.56285618854554,43.432271725014964,Medium
8.278702965149426,6.027119001801507,4.554806437197045,8,6,9.309880032380573,2.6570372469448458,9.411231329230247,35.59979648811063,50.000569676079444,Low
5.156224603299376,9.033650531648902,6.881639597811431,4,14,2.3168352208210514,2.197392988902197,1.8161132347608029,50.31042727506391,47.517741472873915,Medium
9.178176548773841,12.312699263458597,4.703735132224445,3,10,5.296303821434542,1.2938312636871272,4.2202670515066085,65.19377061759604,58.77706702853731,Medium
7.021223897448637,7.238610752409815,2.176715578161914,3,13,1.3168618435006676,2.8194749756729065,5.554442902520155,55.0077998771592,29.837221912955652,Medium
6.10538288804668,7.248032841296268,5.558874931182021,4,12,1.4739034781630336,1.8156756115334707,2.019408228749762,54.17571098227866,32.734649196960135,Medium
6.551227341358849,6.877821738038005,3.286909895426922,2,9,1.4831608072220561,1.2677943174091615,7.19021820949007,46.890001018356116,33.1835659076668,Medium
8.21337890408908,7.021171531011159,6.40863976797664,3,11,5.42609355777195,3.631712555005062,5.635252821855437,50.255665257644196,44.082302507536646,Medium
6.123317062224343,2.509400892655231,3.6257393354333516,3,15,6.300680977126683,3.2900251696072877,5.135607259285788,20.54852852398146,40.743406059943744,Low
5.8759634658658335,8.810070771711425,5.023974393655828,3,8,1.0313874686148132,4.305591591227488,6.904725164488808,61.78848669157184,39.137069223749315,Medium
6.667695103624393,6.308895647290773,6.365175608428673,1,11,6.692917636174936,2.209125998861163,3.5903322193961094,32.73437809306363,57.994069873827755,Low
5.234556830845047,4.7794737624164,5.575082549931461,7,13,5.407306769257062,1.5432907095419073,4.053943915143348,27.43760082220804,41.1695569854215,Low
9.730815861912724,9.506379899465097,6.50086056600209,7,3,3.0142169745549707,2.4406430197418336,2.4642864848873556,86.46160324557573,27.517632759754857,High
6.150408113177916,5.835964429916128,7.360574331435513,5,8,1.1359010986885902,4.114828206233598,5.713533715338696,58.50328510454273,23.84587416546466,Medium
8.247425179270605,7.322661892232484,3.684132600537388,4,10,2.404928798599855,1.9669574205958638,4.351678783742631,60.91469879431192,28.38072445937409,Medium
7.314205125471659,10.93288478237716,5.871204918750585,1,16,6.402990120323418,2.0200033997089153,3.342977775331605,43.579222911297244,70.81294000487594,Medium
5.523198924277048,5.181568403950973,1.0,3,8,6.9295618336598475,1.5903387360890728,2.1226798697891667,28.621735840617113,56.24022700394674,Low
6.991067936180906,4.934803530804476,6.494666603365047,3,5,6.823550816820197,4.946057447386808,1.2090268383864444,50.62748338231593,48.50940747752422,Medium
8.176004168966122,8.538612379124677,5.398371739250315,4,13,2.37846088096971,4.869239300974572,2.740170442971261,72.05448918146644,33.03249595532234,High
6.71760799737054,10.298974728020736,4.033100473044057,3,13,9.20092882602004,3.632208553502265,3.226835771437783,39.133618195919006,81.0907760884877,Low
8.789669418776542,4.851316564536074,6.631438844593048,3,15,4.698568661982894,1.859272337144608,5.36892676073767,41.14446719638236,30.052375599626174,Medium
8.532273089172795,8.815379473674355,8.345395154370134,3,13,7.9120667969983645,4.066225350116316,3.1689696111196257,50.64613491654879,61.51486776978564,Medium
8.378372281987494,9.161999079923383,5.047964504802113,1,7,2.4983284573441056,3.3357337183988824,8.358881443007363,64.00301505277616,40.566375531904534,Medium
6.310514841590504,3.8816790326153594,4.11037101951656,8,8,5.2351184118280765,3.998264554262635,5.267160011156436,43.05756663961276,30.560650974893544,Medium
5.380236328327769,9.59700267581444,6.330050524877423,5,7,5.693690596472223,4.441641441763843,6.61429687885078,48.516652536787,63.35927550736057,Medium
6.079618591955809,9.753211759684358,3.3287866667072787,6,11,7.933197257454989,2.2738974690926543,2.8714451003111545,40.50403542451741,70.0804025312024,Medium
7.2943614110000805,7.37642885348795,4.6792372589289215,8,8,6.593670414957934,4.654794974367365,4.745153160769226,54.96824413110921,45.86432661434261,Medium
7.818680070298534,10.504692724596016,8.444804323301005,2,6,4.5937224019053495,4.594233318923477,6.424996212680625,65.94563620651009,56.352880782291535,Medium
3.7426428928593287,10.27291114864969,6.124358459624576,5,5,3.5426318419799263,3.188522004610381,3.7994129913914807,52.08714132418404,62.32275608537545,Medium
6.987830197582374,8.20623585143441,2.2410660721076674,5,14,9.75661075688579,3.738286212753188,4.025776680154243,33.30203587208014,71.27523756993077,Low
7.237133837984777,7.097109219350132,2.406016705441198,1,7,3.560769940523565,2.6441435553055266,8.266826651877468,47.11511066244151,43.08051097785132,Medium
6.583683615526673,6.054344214834086,6.3241713852935515,4,8,2.1652652838320647,3.620410961701876,8.534632332911341,50.730282420989305,29.680449806951188,Medium
8.936910758523819,7.924872981267618,7.7247811518353755,7,11,3.7037502164581304,3.19583388968083,5.796468391796471,64.92778236384511,28.489560827448955,Medium
7.6326701113763065,9.139517839408358,2.7647570827476997,5,7,3.942427596604116,2.2912795614243837,9.067696797781922,54.76818316677552,43.41109447335116,Medium
8.965287862121345,7.351646277918718,6.899425214993017,3,15,2.150735581338405,2.2913542479118205,7.630138026967054,55.402764526730685,25.997963678141627,Medium
6.676059219474651,3.6049979894759403,8.660687014979437,5,5,7.373305921490648,3.6066642961877227,1.497714273003707,41.14811258991307,43.98532528200274,Medium
8.406216238760388,10.53742778915314,9.775717975917278,2,3,6.572485128051029,4.826512121735954,6.035261023163343,66.32919736514084,63.66047133501833,Medium
9.45259959179128,8.380446443689788,6.6624455197197525,2,7,3.8495392973513556,1.8061931221341108,7.280139676661814,60.648162349277804,37.86800800505156,Medium
8.967540173908992,7.240751006646333,7.013605189104949,5,7,9.937000846269939,2.5701466115824267,5.86796348375672,41.055033174965985,60.10707129028688,Medium
5.361787609856901,9.714316776846577,1.733631144743712,4,10,6.895099658491879,4.222836765203343,8.487782652860016,36.79325873059331,71.6056590268192,Low
6.619485883686428,11.049277192965512,10.199505095991977,4,17,7.32866848035193,1.4920458955464961,3.707534168812639,36.88156505351336,73.24608200052215,Low
6.482252941825306,2.396176861024217,4.849019573807757,4,9,6.014643850934568,4.976667161911008,1.5893121983267005,40.87915623593598,35.541876176720045,Medium
7.7338818026144915,8.868527299844143,4.133057683149917,1,13,5.964172665275945,3.712554301098505,6.70258475906615,45.12413807878987,59.26039485267706,Medium
8.0295303325218,5.1467015783793055,5.489587731120751,9,6,1.180200399204513,4.643201863850514,7.577205517412227,71.08160570506749,6.097872734306655,High
5.741660988961396,8.998221013597883,9.023346828370862,2,8,7.938156492721333,4.352214173470898,7.88728481462048,34.490907017759795,76.13773658180656,Low
7.101757770875406,8.255854404749158,10.416092095087096,5,8,9.196666832490388,4.108539742185503,1.0995447109203205,47.76764000009547,68.22104389500676,Medium
3.9701090017657954,9.2714530528811,6.250817358951688,5,7,2.1003757989750027,1.131604241158235,7.060404234924408,42.499691593435934,50.58335364235796,Medium
9.162917508702835,7.00150477101069,7.996168345207311,2,9,8.160674309264406,2.6259844623527777,1.1865500587196423,50.034252991599935,55.19165666312227,Medium
6.23143863898496,4.253519776361696,6.086408097371008,2,15,5.8087630707724145,1.8074495786832463,7.973074149471512,17.399293553058634,46.124241527402376,Low
7.083795909766746,7.099263617486664,3.924409053963632,3,4,3.5677824536464593,4.4853333104704145,7.327946265684354,58.506860927936586,40.10098030734292,Medium
6.535525429017908,8.813695270279567,8.953487341576581,5,5,9.28795660924889,3.721145067193796,6.106725132777463,40.174843073922816,73.15317832996531,Medium
8.719041362520123,10.030784657350447,4.755745039287222,11,13,1.1563381186633057,1.4282932472905046,5.5569196537790235,75.2995663780327,17.314658004269624,High
3.0,5.65633739905495,9.071061546743765,6,8,3.4665270248619695,2.4383910002623046,7.435970767452413,26.84927592011505,46.307694246547506,Low
6.975084486511136,10.054120853746035,8.597082659538167,3,14,8.976248474735902,1.2772326769371944,1.5147577752126375,35.00948337542083,77.98164348696795,Low
6.8412718637534535,6.704255420706957,7.228072527914416,4,13,5.32913044337082,3.959986513231592,8.489704305893925,38.38941296592245,46.49135832821656,Low
6.319545418612476,8.724899763189054,9.657949512508706,3,6,6.390296240449054,2.673271902529264,2.811035691146208,47.98309587026806,63.215171889890634,Medium
9.58933981845345,6.980212094268735,10.464692066371477,4,14,7.747911950809927,1.937485076879276,5.300099768132578,42.151965884855144,47.576733770190955,Medium
5.669005811716343,8.364341255424204,5.649513274071377,1,13,2.3317625460100473,3.0707623494616647,5.381194822667199,46.33556669930676,48.446447730929705,Medium
8.157694265853491,9.78375526914055,4.382411763167138,3,12,2.936575934655352,1.1681777391789758,7.994111797370112,53.743345717131064,42.272330107754236,Medium
7.534379183059126,5.545971845422928,2.2714603254870553,3,6,9.98765967568833,2.029178453151934,2.736919633602263,31.33907284787563,63.952143027251495,Low
8.892278878803275,6.640188206506338,10.489364510860511,2,8,3.1370743563060524,1.7012168578472346,3.6977476504515927,60.03497391312583,30.373175859449013,Medium
5.999216372833742,8.369925174684173,5.120635982163101,3,18,5.852822557171115,4.722574641410704,6.967971645694691,35.007813388727556,60.64677009719524,Low
5.900546651314362,12.803167322060705,8.270073714203479,5,6,3.6883654292514545,2.508429624090702,4.714945671808346,64.54741152630228,63.08461536851576,Medium
8.644104861216098,6.273620575666344,4.517489264981034,2,9,8.662776968974278,3.33789186560531,3.6897726075061925,42.072277042657355,57.20426242252956,Medium
7.637981962495165,12.080267771993839,9.07653128182407,3,18,9.655802458583961,3.011767803331242,6.592809002259142,34.588344123112904,85.92669652867282,Low
4.682593979984862,12.008846607350343,4.599764816369174,7,15,2.271631726036859,3.636819495909607,1.7791497123079094,62.16795558045081,54.75859928606543,Medium
6.191042478305095,7.805377698596818,3.6165617327653137,3,15,6.405161161443781,2.1164641234635595,8.108007147270484,25.89750571760043,60.455790714913036,Low
7.579573980772091,7.403694947600199,5.582987138092499,5,8,8.304188797039098,1.4831183173739526,5.722742955108651,36.08699487471107,58.65394561323834,Low
8.256646332319884,6.6158696026706165,4.936448598076725,2,8,8.407250766981136,1.3258064242421326,2.8541845837785105,38.01455363256614,58.87355635652089,Low
5.9811540202105675,7.863594939334662,7.192599570922425,2,13,4.964029172215737,1.7735878570052237,4.676643255705197,35.360083199180856,56.33972378730273,Low
3.0,5.186561134880884,5.897210145614952,6,9,3.028387076452183,2.931318211874465,2.179691211503457,35.7638028539916,42.42885346631963,Low
7.78483477860555,7.847521965358805,7.255404789103843,3,3,4.484259335011984,1.9441095444194514,6.549230016364162,55.14696579031926,44.34190552880512,Medium
5.169518965084036,10.993760547701712,5.417957053829412,7,15,7.760374381218294,2.736008314832346,7.023705681865399,31.626246587228795,75.86538285261703,Low
3.973991802816383,6.777829875046565,4.669785257962389,2,11,9.944001030526046,1.1172102121413778,4.647573352906055,4.590768680504631,85.39851542315651,Low
3.0,7.518551392021898,4.832878904207853,5,12,5.988602870920163,3.5102043907781937,4.057214394228742,25.94154130854908,67.377025646863,Low
8.220971290296612,4.597719051465516,10.089877596062053,2,11,2.7561196778421015,4.512646395472614,8.648062742270398,50.71336326660191,23.86938732134067,Medium
7.192926175607449,8.748124176262086,6.450341864453872,7,7,1.3774129009373288,1.190359759923644,6.184623193399977,63.784861877599006,27.59201103368378,Medium
6.661515428931622,8.528963369902748,2.032475581093911,4,15,9.493208559078942,1.8721590655952904,7.003191448406352,21.070871803645637,74.41163429749169,Low
9.083536544444144,8.127404719531542,4.959581973091838,4,11,5.347298820450513,2.2710816361853694,2.147672020617536,60.00763603027551,42.19061877203683,Medium
7.9559870245346085,7.566345899555714,6.193732064951751,4,8,7.449334016659427,2.1489622969193154,7.419927648354209,39.90171350199328,55.281723170409656,Low
9.424450064082874,7.414484162455091,9.690799362500758,6,13,6.941629316315284,1.1615406179424212,5.001496970707878,46.44791637837653,42.246267737610296,Medium
4.910896791749505,9.003800467401344,8.0573974317798,6,11,9.01784155735488,1.4263138990227033,4.300015805083307,23.947939095383024,77.66277252922416,Low
6.948174064069055,7.942366796822753,4.15656432703617,6,6,3.3948151529318475,4.649847156085652,9.364637796839213,58.99083831470908,37.4169987670962,Medium
4.574929937577979,8.629943743110664,10.836711507144901,8,8,4.975480839545761,3.8454472072744483,1.4854058847637368,52.57857245394904,54.213324493498305,Medium
6.655926502216799,8.429965634909095,5.9376792703970445,5,10,9.222587487860183,4.83375228896838,2.7604576440950632,43.47471385612725,70.90323750800768,Medium
6.627076219349984,10.246854574191524,8.492659622149889,5,10,6.270185726091413,2.761848427741552,4.375360774783375,49.70234808225618,63.22629183748919,Medium
7.939920455894606,9.353988194750109,3.6899830052001947,6,7,1.6422547276088384,4.516132542483598,3.916360874101554,80.85545314412445,29.754129246139797,High
7.068345821712848,8.38572368630038,1.2036738094982047,3,5,2.750357588887126,4.266156830297031,5.596154650394415,65.59989481922644,40.890706818226136,Medium
7.935110707419874,11.03684406130436,3.1831370192632784,6,8,3.1349351532595895,4.499764222039038,4.608118473048663,77.65846561892971,43.29267256229426,High
8.055160199708341,8.840537058113123,1.0,4,9,9.944069439508143,1.1566166438777996,8.094601529562254,29.641125612908827,71.78689376395074,Low
10.0,10.609925377580838,10.224178654505817,4,10,3.017250910511548,3.6100626271584617,7.912004978499106,75.6594592511992,35.95842963451789,High
6.527055017070813,9.213885216773276,6.429065837772832,5,7,8.827156644538505,3.2665157697704137,7.951372984332548,36.5364293979486,72.40120189771525,Low
5.588465949000431,4.316161842136914,4.150711963103937,4,13,1.7028608495442532,3.1808630323164864,4.3241909732021115,42.85429531460224,25.287583867866136,Medium
7.369125422974613,10.609669526638658,6.9052480599602415,5,10,2.635486240964703,3.0175358654998936,4.666316299853042,67.76121923014064,43.54002085004221,Medium
5.796579959290685,8.270352482685338,6.378668072360331,3,8,8.848496905029986,4.183906176636776,7.484157356657729,30.77935202622503,75.85011280822317,Low
9.222941152654805,7.896090458198444,7.241866791227983,3,8,9.090428290593366,4.872227706041336,2.1177852974823774,56.80460256258233,60.94840543807475,Medium
6.575172941582151,8.562696694979154,8.419062802272537,5,11,2.585766267575211,4.315675330221525,8.667276554427783,55.47604459320856,39.171614205363944,Medium
6.1516354481890145,7.310033676085865,5.420157693949969,3,17,3.0686696577854735,4.48158149408223,5.871324140318747,45.00227686457438,42.4298641598866,Medium
6.293026418273323,8.454057720777891,4.240321387798026,4,10,5.775105981989442,2.9356108209565637,8.636906984004238,38.16296169803092,57.47341345296155,Low
8.077626135207462,6.816247867313815,7.655550428743835,5,8,1.4741465689428175,3.762437081095234,8.142426828421419,64.84244041344645,20.838586013702205,Medium
6.763379525152772,10.54854451746874,7.604665555768932,3,13,9.507557507098245,2.662257330310906,4.369447768379312,34.18264097939867,83.31735299939658,Low
6.037499769804427,7.772823772757899,6.2014716162426895,3,10,4.258690525825144,2.441144577522363,1.9140373899913325,48.30945228669856,50.46252310066022,Medium
9.498027876435296,7.234832314555133,10.355108377361546,3,6,5.403591692057367,4.581125594412747,9.287472167289822,59.86907977161611,39.242417547279025,Medium
5.715745239007375,6.150148368561452,5.124355754276696,5,6,1.9454351961479337,4.620845030284274,4.101448147449309,60.25604522323249,30.840801907610576,Medium
7.05334911104949,8.537551578297283,4.200284056729464,2,16,1.2929017108964589,3.728880769166905,4.363675215012888,59.102321842802,36.202257980403324,Medium
7.978459227415346,8.374214200250183,6.836182855013203,5,13,5.210352158229047,4.351368758411171,9.18143650944214,50.054114285838644,45.331599793924724,Medium
4.55299733437439,8.776849227355013,4.650124286173003,1,6,2.095006330771841,2.441454939729096,9.256124826267298,41.817677730912855,53.59453132478277,Medium
7.720390752108887,5.945496224989743,6.9910330482897916,3,14,6.67286819401277,2.735042519571292,3.3661556820482676,38.19124395239535,48.35817119525571,Low
5.417338486779326,4.797637602376854,4.33398348832112,3,13,8.15033173002599,4.284065168129464,1.8006065258145867,26.37575798517734,61.272100734717974,Low
8.234174171251004,9.25118260501312,5.199515434136229,4,9,1.2850401855060114,2.59220112108251,1.0099722360741863,77.84276691889794,30.039761662827857,High
5.556023482121535,10.969283723753016,9.78168084007833,4,8,6.510002521969623,1.159870476836701,4.944650361597608,40.45446327275486,73.50060053507553,Medium
8.03915354777329,5.947292755220207,5.188825286504642,4,11,8.340640756494084,2.413193396597812,6.117160614646458,32.74277282830466,53.33976217037767,Low
8.65874959944207,11.178882567123397,4.402296911965408,4,15,4.954851815787764,2.5929212165871243,3.4330420281893206,61.96565657826406,53.31894117867913,Medium
8.292154788449206,8.567822117472762,8.341357577413,5,13,9.637341974586942,1.618544801358166,3.337746859889348,36.89539054055294,66.42044040260524,Low
7.376974972357154,7.985874190898341,3.8979160994266127,6,9,2.0007541602305055,2.3764971397619217,4.211065408581767,64.144287738332,28.895362538964886,Medium
6.65304858560545,7.204902606908444,4.614113539705864,5,7,3.9068601710657203,4.7376880600005356,3.3677659265806903,61.18556122578698,40.32282969162164,Medium
6.135370635497734,5.230963961150007,7.153122241017989,8,13,3.0706753054201354,4.434132415606454,8.725945640970197,44.27632117326972,25.65744569057736,Medium
9.206552036225656,9.9754570318492,7.876822847746584,2,6,9.965720399868772,2.783695844018019,6.785581520015239,46.36509204210501,74.80652478143314,Medium
5.950757169748535,6.448787277124794,8.44095278216215,2,11,3.647587187850209,3.8395582795588727,8.460521495940096,38.87656744598567,44.80362772032084,Low
5.444400889645006,6.440386648524799,4.505556335559031,1,14,4.491340735546126,1.6073998476075415,8.744304246449612,21.881941745793196,52.92722629286592,Low
7.998053402549245,9.98385261977391,7.19201734597224,2,9,8.62854840738084,4.01020343725487,4.915089514055254,48.55621069031791,73.46476171310616,Medium
5.805794795220256,4.234033106656547,5.067783600911641,3,17,9.369671571877719,2.9031390798576395,5.298197037669759,8.874695622533208,63.51330668440559,Low
5.574904753800809,4.952804378663666,4.788688732978735,3,11,9.439725063925408,3.890272848123596,9.800376388233802,11.537553650249388,67.49366619677582,Low
4.8345936067453525,7.963731512983837,8.40642556458457,2,14,6.023512347841752,3.5760930197727636,8.351559211274658,24.837614619551115,66.83001946770626,Low
6.2756352408092235,8.586568858009704,4.900891208280828,8,10,6.969720034431707,1.931058431798093,8.181048887434983,35.84629645755367,56.53723137391036,Low
6.87592746415526,8.969469295937849,6.55640919204196,6,18,4.142545540870751,4.338766286888375,6.253418865453795,50.12261286190787,45.176293472431375,Medium
7.364637591491048,7.396403013207494,6.311158938461277,1,9,6.464428564152529,3.2887064940671693,5.150352335919425,42.85456358099797,57.8827634647666,Medium
8.426959366449225,13.06073933728338,3.858491247322995,4,14,3.7247326160596383,4.136789650055007,9.051496269833983,67.13212364136135,55.203667046914205,Medium
7.790346885498691,7.5442148824683315,7.932185710712641,2,11,7.714255207233902,1.3759453820801233,8.24101265428489,29.31187127961249,60.89168167913722,Low
6.71369167067023,7.538427695794556,7.120561787357907,7,11,3.764891048967127,3.461401357262054,5.651100166010224,53.397642766351986,36.913019563888454,Medium
6.70270648543042,6.406026662372245,2.0274187762591582,5,7,8.914696374178579,2.1675360780840607,3.4344172177664416,33.501689789044576,61.74297297484266,Low
7.765236203372775,8.247813633042142,6.5548422224746865,3,9,2.2913550034494654,4.443581470280824,2.3255146356082,71.92064643374042,35.13866065413727,High
8.908855244392853,9.22992246409355,4.4540531316667575,2,12,6.146246162336085,4.798023864509814,5.97435137699162,57.88932616841753,54.59884097425862,Medium
7.189471299224801,10.40715610906692,8.194150612825256,3,7,5.6860794664745296,1.223310542438472,3.664270178361548,52.4701704323179,62.215570145049995,Medium
6.296303718684387,5.0214314711195644,3.1092003264384838,4,10,3.3734572695484886,3.897131585839689,3.3779420753773577,49.01053323667573,33.041567029101685,Medium
5.510700998371682,7.508009323288598,5.287046062740912,3,11,1.2520189825918866,1.4119112651241879,1.952076109246473,51.459967942279626,36.99609981468724,Medium
4.8321921033816615,8.893407221618288,6.724049101976932,3,14,2.336803177572433,4.430029465552506,1.310254479024901,54.8238151620619,50.330988454614854,Medium
7.999404508065284,9.174115069189071,6.10868058828375,6,11,9.711560498930778,1.4980973287469075,8.05018440312298,32.15537079667459,68.43277212471648,Low
7.866967785459336,8.013097315609079,7.525916513427942,4,8,9.471740748754335,1.7800274901969226,1.9718656004821469,40.57488042622785,67.2320265167283,Medium
7.8660452876599924,9.084847939064204,2.9631560279814217,6,10,2.0737065092765636,2.006480648816198,8.997485199970694,59.696119065598566,31.19794973267887,Medium
6.807010830471916,6.382072214148399,9.303828673734756,3,5,4.373741789824034,3.9113307462376605,2.9240452683489897,56.3463430921519,42.60478654323848,Medium
9.110402118837627,11.115810864636714,7.050289317576543,7,15,5.186139572175293,2.1701378242333185,7.837081231583957,58.30333135364337,46.76215923241613,Medium
6.273822258122774,9.985256205958859,8.719436426001792,4,11,5.302647377104791,3.3843394376788187,8.4069953218925,44.37355134306642,60.872702470254325,Medium
8.432903855810808,5.310144425869655,7.748480338466483,6,10,3.689378384189879,3.2877706687390797,8.133003298892051,52.4225105200526,22.800333981412212,Medium
6.9418856575156855,5.849793903766489,5.976779771089913,1,8,9.216575494030616,2.609046478576863,8.855702380601109,20.155159924254047,67.510763547713,Low
6.0874738529809935,5.906156499786188,3.4316035781776786,5,7,9.176415404350394,3.1579582584984527,4.0574877133078155,30.225838812742357,63.82915605147475,Low
7.888795460976642,9.355939941793057,4.872893637502598,6,11,1.1703557848215635,1.472767255046921,9.87299628654198,59.73577602153243,27.665218861555314,Medium
7.614454178025991,5.430544467165065,9.179126665725155,10,11,6.850012379656831,4.504697006915517,3.516352305491256,51.1166323604408,34.9062643870974,Medium
7.535459138900389,7.337951331583839,8.770875563312764,4,12,1.6692616762012666,1.8283065588708998,9.40868280908139,49.72512128362845,27.883990812882903,Medium
7.121917633084298,8.909408792833549,4.7608000397926205,9,14,6.377478959181477,4.520906491254365,4.936960853704653,52.96250658390884,49.34550305525351,Medium
6.9431603774247534,7.867668130907131,1.0,3,10,8.802036067616191,3.0749497578199656,1.5123879388638737,39.48675030124237,69.21717437904496,Low
10.0,8.517775031425412,5.574620531389763,7,8,6.845778546611748,3.455743671204157,8.064248223745334,61.022205013828,41.52499476127198,Medium
8.77638496779426,5.8683945773024835,5.424594223741767,2,9,5.220348534493857,2.0291881128359734,8.086697496578552,43.27352310035928,38.253001465615874,Medium
8.084240342478267,9.189708746794489,5.500454775919233,5,9,9.621061562544345,1.8893178522371148,2.7756810502545854,43.26021668181381,69.52195251951014,Medium
7.1676987373050824,6.773576215048007,7.057078403662803,3,7,7.719387247157858,2.962811871721071,8.411612033193851,33.85680141009447,58.914017379561166,Low
8.510735800895004,7.3507606512041175,7.752425158643327,4,12,3.2437843547752325,2.0694375724594662,2.418214626569176,60.565611607556136,31.469837250931548,Medium
7.776992164587178,8.475463455811973,7.980599094199048,7,7,4.482432109468157,2.692556127671585,2.362884930708888,65.43066755602607,39.31710207505712,Medium
7.039307129161053,8.206156443061696,6.8914182802707336,3,14,7.838878006359675,2.7608797813010413,8.280273591405653,28.86154534597511,65.32386735172481,Low
6.544653512101127,8.047960038031185,2.398458596154728,8,10,1.1738282330444998,2.083669298525126,3.6119721187678726,64.05026422447038,24.959560814550585,Medium
6.878623993505967,6.498746356046489,5.317600534613408,3,13,1.5756697229344487,2.1669199352277566,1.6919005164542926,55.383565100016,28.996578054825896,Medium
3.0,7.400901177601615,10.608179567098379,1,9,8.7348086061379,4.891637641983541,9.60709587331372,10.522603240615881,87.78014320194198,Low
7.315901258946463,8.004367181674072,6.748433469604957,4,12,1.386513906704817,3.349820998173665,6.013361403362849,61.1877507803645,29.891820514577944,Medium
6.267285879834461,5.24982953366583,6.73563913688773,4,15,7.10662457079238,4.327498480072503,5.03269740489091,29.764198488743276,52.325342622131856,Low
9.389004997424326,7.074934067373242,6.718971879547716,3,13,3.870153613502513,1.18296913919886,5.536990394749545,52.564964374062605,31.597486640549548,Medium
7.0290161062176315,8.775359758065694,6.830759245011979,4,9,8.433025459702383,1.007698472147541,7.034052494666633,30.8052947441391,68.53821519107431,Low
5.216554870697557,5.445126792309315,1.2337756378281535,4,13,8.626114589775645,3.076409541211046,8.754993867173814,11.959839033023142,65.01164804651727,Low
6.925179768807824,10.31316330318848,5.520951366177863,4,10,9.580051972735557,4.307221216948663,7.0532099947682605,39.16619681889772,80.27199180162835,Low
5.430818372406243,10.539226525199686,5.924214336410621,2,6,1.8599459773373441,3.44367534831948,7.655737536725389,58.19594117821217,53.317920297385314,Medium
7.7101111235687,5.509698848079829,8.562990798506824,2,4,4.805623083064146,3.4753187453096714,2.6213777205276854,56.31460743081882,39.47603184703271,Medium
7.436421046509228,10.715239266100278,6.0953457892445915,3,5,6.165627309598104,1.5574336683932297,4.45683762808725,54.657404103289906,64.64222106076615,Medium
8.436759446662402,7.712836822575731,2.7069772267961176,1,9,9.244511916308294,4.914269914640135,6.263288137098909,42.47506686973478,68.08588290487381,Medium
5.813677312458152,8.83702911831411,6.860178312343504,3,11,3.3986273088979564,3.1188025016918117,6.574658443057765,46.87211498865363,51.1197432927219,Medium
7.05101214434222,7.006697895743507,4.392350703514509,4,10,1.6446474165440894,1.4104072926934927,3.4362380055852357,56.410058989198085,28.624145757416276,Medium
4.952467306860047,9.846089654453523,3.5664287178371645,5,2,2.8158815853469097,2.656789179033006,9.774840267098629,52.053776523576026,51.99126651792423,Medium
8.052242172887071,8.812188037697334,4.331681906566838,4,5,5.460204913796708,1.2878847228384172,2.0636737494510067,59.32973623476453,49.69280238719212,Medium
7.778306770660183,6.3716934868047925,7.085008459329031,6,11,7.129459020509114,2.672561064278124,2.0105051334084245,45.96188517958158,46.39813324205866,Medium
7.743707531541356,5.669596000069423,8.517522479520137,2,12,7.216066191810633,3.846247182956056,3.062351789510368,40.55723604132658,51.74826817916443,Medium
7.002428547035412,5.079395129581554,6.965859890355174,2,11,1.6719697638488211,2.2941046738676683,7.785219387330854,44.11569977102109,25.554115041259966,Medium
7.622159336183186,8.375883552865513,7.264046447234043,3,12,7.852692381061783,2.2524090491186297,1.3289615961143515,43.36617906783098,63.51374669685489,Medium
9.406508662462894,9.144942823559472,6.946090545676002,5,14,6.9421546289749,3.0573569395012403,9.890792007432237,47.04898831679576,50.53451167263685,Medium
6.572358614436979,9.301931357558884,6.202654353720937,3,10,4.66788868492017,2.993943788324688,9.889565018738356,42.95391489396375,55.80146503198093,Medium
7.207967775565127,7.764037810785244,7.393861269925515,7,4,6.139776415806726,2.8685707408548096,2.4371577696459332,58.268429190403005,47.2746313014319,Medium
5.370810551227885,5.686007088671272,1.1624490658611588,5,6,7.909664016623438,3.0673773883245934,4.610829468503617,30.428392250816056,59.88009174287936,Low
5.697608557602502,6.635850403952434,6.222176702609667,3,8,3.358834732005631,1.1918366018191628,2.8352560552520343,43.68761814054821,43.3219610101128,Medium
7.146719939639961,10.304697277923852,3.9101499307554968,7,10,9.460301530637043,2.897066878535103,4.672136911213913,43.09780637812847,73.18164492283216,Medium
8.655900320052861,7.030742870799838,8.325805145088278,5,10,2.239908444523241,4.9680430038386,5.795765328260616,70.85640712650607,22.90267906119766,High
6.615578763622642,8.286835261362953,5.705689389566279,2,12,9.120005305332043,4.05734226660643,8.404587560758024,27.126140698409003,75.56671697498619,Low
6.646125206031814,5.8486990328502255,6.061896176535661,6,11,7.667721605089914,2.1502767433514887,1.3222656802673503,36.3681518308156,51.97579178642432,Low
6.389672133243438,8.67316609091807,2.989856251492393,4,9,6.944667573962745,3.710855817785266,9.88207904058704,36.523102524452085,63.60385575542913,Low
6.197864993733515,7.084630876641844,8.033661778025703,6,6,1.7461719753281022,2.3196102305949085,9.465066638786164,51.56365382349658,29.39198235864029,Medium
7.442457183563232,10.093425427551526,7.254656240547619,2,16,9.271041468001195,1.766056490064523,6.133755690451527,27.795203079644125,79.4062430469046,Low
4.754113532232033,9.547115412413627,7.113895764681006,6,8,3.6579731548635515,4.094206913693528,5.328067409304386,53.378231110787134,54.03463843749342,Medium
8.921409365000091,7.0085881068502,4.373954295662355,4,7,7.710509856809539,1.8383453565660623,5.955802781209986,44.790088785272715,50.36547106386921,Medium
6.00186655280581,7.746671945304673,4.452720310123739,6,11,8.963212714209671,4.4345038696819925,1.1659683378031351,40.53456441741314,68.08396143497755,Medium
8.082855228157213,6.897767519918743,6.447198908891811,2,12,3.1985514406182665,2.5216384628878505,7.63914422792986,48.7217908452222,35.09815444131672,Medium
5.095002103909186,5.1611336069099805,4.611003179503898,5,6,9.231406937943845,4.027373676734154,5.467923858950637,24.579253705772235,65.61842773141245,Low
8.003260195819328,6.2851151409055666,6.869785925354677,5,8,6.50747483734625,2.038386051031144,3.574359275209208,46.81729510595544,43.901690136892334,Medium
8.007916911721747,8.39643465544164,1.678174794466556,4,11,6.93128604067751,3.6109408438103485,5.1538920294445365,49.03166509816551,55.57162798259904,Medium
7.576303108008845,8.650518996459164,5.024910887186815,7,7,9.230615977998617,1.8501270814428619,3.6331102201121914,43.33705697526874,64.12233337788741,Medium
5.508357217300311,8.297095807185277,9.593506930852982,3,9,5.7406142975761645,1.0873379053153016,7.299556952301818,30.258650573062738,61.935697021283154,Low
7.374322284397116,7.396533892082728,6.8789716559915295,5,9,4.965828018540197,4.258416662853512,6.529907833881546,53.21160368323463,43.127552801989424,Medium
5.225415722898417,9.866133211441971,6.333587329061985,6,9,6.699085908179394,4.424650866477467,4.492833391810531,46.99489303856351,68.10782717986946,Medium
6.620855117355722,8.127083809121874,9.970453071342714,7,19,5.986211653526546,4.522296781574561,3.828177477921444,44.352453417632624,50.378025800627924,Medium
8.54411965143299,9.406507656191895,1.3280927623971284,2,12,1.5532814120259548,1.145190021277489,8.902329799377593,57.21752869407344,34.27711011725091,Medium
8.195052890606114,4.452449735594962,4.369377770423785,0,11,2.6244284223836427,4.043687286051398,7.140147792834785,49.510569493956496,26.480080752745565,Medium
7.02277441381065,2.0,5.197653656505222,4,7,1.1220983103071238,4.34348163583207,7.4420363545267625,51.260502553473394,7.75537209951484,Medium
5.537790136115737,8.56757605567616,7.71670246601078,3,7,1.9734655554827623,2.2467925212855193,6.56745032736003,51.29734223570688,44.31938660673823,Medium
7.96838156826129,5.1504686925570216,7.751312726456472,4,16,7.568646937998258,2.881805195546841,1.6770749521116168,36.240231469571874,46.922955083677614,Low
7.029071856547038,7.575096594573888,4.267986582034748,4,8,1.0424004562481444,2.6316605984708556,1.5333623802932295,68.61044120173715,27.854973801092058,Medium
3.519526602654365,7.3958059179507885,7.995908644285099,5,9,3.739649631469902,2.760409355892325,4.862543665662519,35.86020287855897,53.65904703184563,Low
8.173944739474777,11.174801204831073,5.193370465356585,1,9,5.043892639407445,4.386816754559178,9.374499613502104,58.617060594083014,61.34277683314914,Medium
6.963650749195462,8.799993105887213,8.423279251298334,6,12,9.440310241889124,2.671475006069435,5.7223727100871455,33.02119854316763,70.17202028132436,Low
8.80367687197461,8.331718053597346,3.9347146037558844,3,11,3.9430631601092454,2.2094552125393156,8.882960617840848,52.58605815491468,39.09370084533294,Medium
5.357094221735792,9.673982309267348,5.753376801867679,1,9,8.048176867974764,1.521532752348405,1.868948578324503,32.361945782959836,82.65587740288098,Low
3.0,8.736995173678078,5.019665369246879,3,10,4.678890215973356,3.699357263561812,7.518349674411966,29.01366313321833,69.11469066937106,Low
7.418625787517778,7.084646014023134,8.112060743131428,1,8,1.8864224207327212,1.3368157348303753,3.2080406946473006,56.725101406737174,34.039375700202804,Medium
7.437345515022959,10.14295186050912,4.954437566867658,6,10,1.8895937319723628,1.2447290274414922,5.720465438221746,63.55579866359749,36.02926382592989,Medium
4.463992558590322,5.780499744223452,5.915102941976488,3,12,4.891904379842661,3.7263171486750517,3.636289633186682,32.16886175389291,52.99349893305252,Low
5.5322506812000904,8.646494375067125,7.013622795326098,4,9,1.5209481836456267,3.7771557957527504,7.41100024001867,55.46643948149836,40.5729881866978,Medium
10.0,4.904860411727378,7.090516966052239,8,10,6.144573171351651,1.7963201861113167,4.608001474934736,53.48772630313391,22.947654897362362,Medium
6.541584078769295,8.40788771503199,7.7739052149463435,5,14,5.442847618301904,4.828738557601687,5.159516432496343,48.57323678945646,52.76577344768519,Medium
8.096438464564324,8.38597928354586,6.422249553689333,6,11,7.322816671265606,4.151256008390547,3.2081083586337624,54.74053238356132,53.39406544457606,Medium
6.024010258947424,11.352909923829326,5.163502169440338,3,9,2.6705937646884603,3.7457121706180114,3.5331221377575472,65.60876203008425,55.90325477618134,Medium
3.864545651720265,4.870052213116441,5.300602509282499,3,9,6.33636328354152,4.017390277382743,2.615281216384017,27.13608257916629,59.30457464063215,Low
6.7446126298061415,6.798225648292375,6.051344630415224,2,8,2.5707022871090865,2.6475479397241153,5.984186926313658,50.8860401357499,37.39686796717386,Medium
6.601593159570842,9.645364853148287,6.499184952148767,3,5,7.500103421253843,2.822569926743683,2.304972604283014,50.06200062081677,70.83751826679739,Medium
6.400182641997443,8.670634512794615,5.705656704303127,4,13,3.764427924247358,4.480859515214725,3.413823505051261,56.13557943117179,47.943999167226515,Medium
6.828038746740411,8.360610102675006,6.038406841931095,1,12,6.529745824291432,1.1016760661259206,5.774152191832779,31.614243936792242,64.05574299918943,Low
7.396402407468455,6.087728594082922,2.9654922788557894,6,11,8.944095340625111,4.20968462127218,3.4734816916982747,39.26365621426125,55.89723119119383,Low
6.77482457311929,6.818363303817142,7.334710568909356,4,7,5.394107135634615,2.7902741818788015,6.296496937608955,44.01708471312923,47.515442646799535,Medium
5.103990748078955,10.490082016446513,6.36222457777886,2,17,2.730628989363338,2.8558739380062144,1.1274760401237618,50.2491351548847,58.81276445714326,Medium
7.729277187342908,7.896981612492144,8.003740827082176,5,12,8.975106108279341,2.3027985241996163,9.7590050892995,27.949650591605458,63.11877872188726,Low
4.075942367016365,8.750719392288946,6.00032101481417,7,11,4.227215952084882,3.4282881496360287,7.569899707423962,38.31871301533615,54.96866260452763,Low
3.9244638140736994,7.7696233424470424,2.5232048429564276,3,9,7.572275878123901,3.7026934205383,5.534372156924304,24.98988905428684,75.78305259931338,Low
8.108770742052352,5.6338289695004695,5.28310762138665,0,14,3.880861106762832,1.6430145661175763,9.287541278958685,33.87473585261962,37.3636130952055,Low
7.760530408203035,9.867620852149994,5.600140153763166,1,6,3.6839389838578898,3.262867508272121,8.827894728504802,58.48713304079691,51.63379498614111,Medium
6.913906952388946,9.006464769064992,7.485806610867198,2,6,6.778254333823804,2.859647450775926,4.298988879535934,47.620335230388704,65.44326785534405,Medium
4.906827242867392,12.611273674734377,1.8594529109732099,2,9,2.40680291685371,4.127634675515338,2.045162605145409,66.48871065821369,65.87680066975533,Medium
5.938133588988887,5.96883724069891,6.08235903389787,7,12,8.802764837631248,3.181149169971527,3.2700915286908225,29.171543314273578,59.187301839855124,Low
6.605879878470244,9.64514584240096,7.027350431586612,1,11,4.488615879632674,2.718292849229803,2.87820342517722,51.481022401485035,59.7212046404286,Medium
4.60615904713883,5.376912067925998,4.67702422943696,4,9,1.1734969237165036,3.115724233554556,7.75051691987957,41.07410805983726,30.81146996813372,Medium
5.891457012965151,8.314693135346156,6.149256019633695,3,7,3.7489282624951064,2.9622700235145585,5.932989032617057,49.27382928448391,50.58238704126317,Medium
7.97849550726502,9.95301317812633,4.745926981700311,5,11,8.064696921395518,4.74071141448839,8.650883648425243,47.92910964235727,65.14805784098428,Medium
9.140958046433825,3.855729767807026,4.540854133559219,0,10,8.734229698013072,2.2475509835010374,5.407306754177576,29.13537234110762,50.20339796756404,Low
6.370847871012174,7.590135051516784,5.183160299737366,5,4,6.1109224925353995,1.149395815506554,7.927885494202299,37.91647527157221,53.7675583049978,Low
8.134732531474148,6.87358053191476,4.578616015065979,2,7,3.646983862382901,3.6479870167882846,3.910805538344267,61.60053074929812,36.98685354345587,Medium
4.128909894118799,6.596085403409756,7.367236623872666,2,13,5.750686933224533,3.4153724833313444,6.419357227156634,22.204313615863423,63.48793200068338,Low
7.989176861670417,8.770425304518708,4.5300962463292445,3,11,8.527377687685211,4.639877238353261,6.754601646336711,43.86083621898341,66.70059919031053,Medium
5.794077377908779,10.24137141284519,4.194179985904145,4,11,3.844340467554275,1.4699064694543948,7.833583819015699,42.80211325437629,56.71920953726827,Medium
7.461018425061955,7.733442569541689,9.535857333679067,3,13,4.468932762363909,3.090582483620121,8.195395603771788,44.02664556696685,45.237201936566535,Medium
6.628371372640436,8.41097285512004,7.921480023648071,4,8,5.857247196910399,1.6030842001231504,3.488527380743891,45.323923887029785,56.27807370026654,Medium
8.980621014675751,8.228617506118496,2.2769732786815995,6,6,8.984243761035952,2.8228358788601393,4.465522013640005,52.02305185842728,57.171203306577326,Medium
5.688346527490123,8.003607012712829,4.470463420294933,4,13,6.239340404483185,4.1974787239303355,2.8642158176922234,41.91416489217576,60.68990423087537,Medium
7.941409446342747,5.821314724575787,6.484925943445422,5,9,2.868536398479879,4.429552145110191,7.730509334641423,58.27114533910517,24.604111723093684,Medium
6.5807388050552,10.216889203445785,6.647510134462987,5,8,1.8019363418326897,4.335441441342094,3.436554372879162,73.680798589477,41.389301553540406,High
6.762541782985505,8.590390736317673,3.019014268526213,7,8,1.8551256123507927,3.1896193340091425,4.519172816040972,67.13482114952576,31.20355237758583,Medium
6.724219160261185,8.789762980005156,8.317130985644644,5,2,9.552246164079826,3.535840493992437,8.227238280096888,39.37963227604316,73.55178962143242,Low
5.73149034325883,6.386980741948836,7.650448838363252,4,10,8.401712277803988,3.206258150784272,4.058223763632437,28.465264714595573,65.16582384126686,Low
6.978851551139993,7.081559204021519,6.963803264080678,4,5,7.89269221113031,3.244943115471704,3.6235027825098665,44.33041788412213,59.86859174551056,Medium
6.906027666817268,7.647731604578444,8.713456981424242,6,11,5.46728121253042,4.540603554090897,6.860632897383096,49.002730894116226,46.68320494436807,Medium
7.361860372610094,4.931750613102297,6.904579985141837,4,8,7.052856555498287,1.8370915794762208,9.778362271998017,26.98029794678262,46.191210173500174,Low
7.126757718539293,4.623931349604644,6.897161758503694,3,16,2.1459727408822658,2.7550635216161794,1.5636157220343876,48.755023038292784,23.82988192048726,Medium
8.196991824418355,6.798504138722865,9.115358543644485,6,5,6.588061441119518,3.440251400895907,8.51309564122388,49.64587354070506,43.514593100039804,Medium
8.385262924071053,9.04504153288478,8.202439161455418,7,12,8.297026593209015,4.061408593840003,2.094443508339017,55.847404659916776,57.519792027263414,Medium
5.4240650172582985,6.693725220140118,4.316985082176938,5,8,1.559248662126266,4.047558893702526,4.10408305532424,57.72994301972062,32.198646669909834,Medium
8.303158750886157,5.962389604818573,7.26639035734383,7,11,3.665353800783495,1.468993421259766,4.750461393696325,53.121031448997535,23.799820939495355,Medium
5.220495359335218,6.37062869352466,4.671464270082836,3,12,1.9925080602663545,1.8876398615289633,7.468654240953881,36.401295543824794,37.689867762234066,Low
7.881783832206603,7.089315153709375,7.008309101900556,3,8,3.342043324612516,4.6460728552412665,9.339093377653812,56.68828966261372,35.53041179435925,Medium
7.929608177054303,7.292282074359792,6.953227014039629,5,13,7.952714847105446,2.430077155187899,1.9180986425412532,42.47440508280839,55.01632580520612,Medium
4.133024662506244,12.331042904413113,3.233065375088028,3,11,3.988442496591759,1.0108505677132502,7.703276069064228,36.90783188291578,74.08886710558097,Low
7.139468869794115,10.109241256974636,5.75630877737793,7,11,7.207154630991566,1.7991882736532672,3.900631558971101,47.41567923578906,61.43727773648844,Medium
6.297255829959527,10.049548224563456,6.530514047160804,4,8,7.959722688504234,4.878208390657837,9.117198961227182,41.710548946915296,74.0469462307307,Medium
5.861852113096937,10.337160728546763,5.127419618011686,4,6,8.349748216051301,2.2389942651552945,3.503951382647994,41.38262837162084,78.88874015297276,Medium
9.026278496048509,6.002358261331901,6.62941988478152,4,14,8.860378990675173,3.4548581955471476,7.24475754681322,34.46778314034163,51.85443047233173,Low
6.019481289043871,5.555270770025522,7.611795554002137,5,7,6.37872230817373,3.9065996007550714,2.4828022032602943,43.69914458419933,49.101486338153435,Medium
5.7904346063229255,5.786259416931887,5.938813871538489,2,10,3.5257584879966206,3.5863313450965553,9.621523707999248,35.26597468438116,42.45591475655433,Low
7.11354241000764,10.669012266675676,6.449198953416519,2,11,2.35502678760025,2.510264747023768,1.0389190473494256,67.52751078442914,48.99994653943687,Medium
8.028384619447625,6.905616422235018,8.76684815711195,5,8,5.533377887919447,2.721660461437503,3.095667795813226,54.8445086056241,41.2975254502945,Medium
6.78752712098481,5.497287635521426,6.946393166450452,5,10,1.9320150833941931,4.351941250606554,7.083497044286237,54.62861077193155,23.77044023346759,Medium
8.749555818503879,7.138007599560374,6.401648579348947,2,5,9.196515810835313,3.6511405256715634,8.681718069002546,40.30614771059577,62.55170406696428,Medium
7.796463492946136,7.522788936570745,4.083841240717279,3,19,4.982322141486765,1.0937410930823552,9.942015783645394,28.433594122799065,45.54086978450276,Low
3.7326830204028543,8.536826547389124,7.342052022777698,7,9,8.8568573113953,1.8138303420872415,2.559345732455884,24.232574008078398,78.37292406282882,Low
6.205799554739487,8.501902041424087,6.660299898783877,4,13,7.383433452750672,2.145191753346372,3.7642945572086655,34.066599318863254,65.91606170218492,Low
6.157236850972452,6.343638872252984,8.567478867402816,2,7,8.714958065486691,2.461946806252116,9.026668189372588,20.532582176612824,68.39566112453274,Low
7.7190414301441335,9.371312785027422,6.093757086606622,3,7,8.955622803291089,3.307574893578436,1.2924992426232305,50.86074701417404,72.17326583905113,Medium
3.0627744154388323,6.721612932499684,2.3674669997320086,7,12,1.4796414857114606,2.466042385489547,7.599896400750973,33.766703432465086,38.36888475627766,Low
10.0,7.687447326589914,2.5997582623434763,3,5,7.527320630507473,4.30004766555972,4.80746730719826,63.02220977846752,49.17399631484892,Medium
7.796539142341315,9.37354814100671,7.471361527519466,8,4,3.038929267755453,2.8953423153481697,7.199362178906575,70.2842023459384,33.61496628445782,High
7.223315205876537,6.716357192111317,4.859612804603693,3,7,9.90367215050701,3.00871506820906,5.724101096559839,30.44216497454807,69.18291083335481,Low
8.772351574628718,6.861297152837725,6.873535502220995,4,10,8.005626767133693,2.7095567405865726,6.644006981563715,41.146400660201884,51.91153805589113,Medium
10.0,9.183336099386262,6.2284652890047125,6,11,1.033885025229015,2.2418654015700525,6.999973392155462,77.33434791301158,17.29562711913854,High
8.306119966882605,6.284533646789961,5.666320664612159,1,3,9.34674689621983,3.8992004759389376,6.68121350317123,40.17150742437771,63.891960658694614,Medium
8.42321964470743,7.230415952791859,5.807277428823554,3,9,3.6307531198105942,1.9182519465974708,6.981066801523701,53.01202038369349,35.14167524038329,Medium
7.196035036696573,9.111484356085786,4.269220989909546,2,8,4.749882396728047,3.7579592574059757,6.115131393720826,54.51219815593053,54.66520969029853,Medium
6.7877113699495775,12.10818488287195,5.968444622200659,6,6,6.510570210350806,3.1188245984834575,7.425058225252337,55.94861146532809,68.72617870350494,Medium
6.286306833992648,9.210809009525493,4.831013134411203,2,19,9.246788146397966,1.4090529382263464,7.984211258946041,12.720967780308454,81.00305648235683,Low
5.760832012428187,8.945279525980023,5.25548695974859,6,14,9.345939609286546,1.0718689861999553,8.09141876915054,17.00272974560719,75.40807837608826,Low
5.969478850450754,9.06160316734546,5.352701910581678,5,10,6.071245864576652,1.6777744865526807,8.681617889136069,34.09937531573738,60.71155286774249,Low
4.974166053485526,5.853619451865901,5.546613460202561,2,9,3.8505204623030362,4.0440835427945325,3.847621784524966,41.382399309457085,47.802166269293764,Medium
6.886192823972465,8.231193477359817,7.8443469130141725,1,11,3.5127094753504657,2.5383902490875614,7.7119608775991715,44.82956994076957,48.52519249480704,Medium
4.47299863416042,7.940467023327196,5.740418341590613,2,13,4.27957388900631,4.219506038356311,9.519951621432964,30.372290617281223,59.739458572690786,Low
7.286374786215566,8.643169080745512,8.047404673180196,3,8,2.6246231518510976,3.007623261083619,4.3072127104163425,62.87271347673066,40.28505767942477,Medium
6.945504087936487,8.233016104951743,9.075709902652964,6,15,7.028497164880863,1.1309865132966603,7.998770041584652,28.827861230139945,56.32857292990497,Low
7.220402947580031,8.759399354834224,7.709889302112299,2,11,5.750218460856586,4.384393499209579,3.6231650010287937,52.83369784168006,58.173465794242496,Medium
6.216802644970011,7.377065610201597,7.068937070137022,5,6,7.9611823024282,4.745053742533266,2.580123388971849,47.14533987565102,62.724032861116264,Medium
10.0,8.117217834743585,6.653664418967041,5,13,1.8470018520048939,1.296860809233145,5.017842029211017,68.77674836063218,19.202131674533362,Medium
9.04017385027047,5.544342867886016,7.73071741810014,4,6,4.599152419061511,1.8334026724744574,8.2587894320194,50.26175919305241,29.199354387763094,Medium
5.1331862498729155,7.3601854439941725,6.178721477192479,2,7,3.1587658138080217,3.8622116810577305,3.7641026769035655,50.13347086622338,49.26949032500103,Medium
7.349302131140347,10.781667096353287,7.969139691914397,0,11,5.816675856334646,4.9887021702455545,3.6544543139577756,58.182624905452705,69.06881135870725,Medium
6.087990785594014,8.637616679256512,7.228211610579368,3,15,5.214195853107518,4.505214895267735,3.4990753165569166,46.1476472281263,58.11704042313522,Medium
5.478280409938879,7.958157925233846,5.280319078439224,5,7,5.046089060701261,1.3957914439767771,2.963088862502243,43.40538387962012,53.72918686081459,Medium
4.989891893314097,11.792246552508693,7.791701760205612,2,13,3.8408826874954825,3.428948377119657,6.499998935384953,46.630554336356376,69.54295136645348,Medium
7.648325036138881,5.278330043397842,6.182960011955137,6,8,7.541610170267142,3.6608148060604964,3.190031966837026,45.317613601024036,44.954803194770605,Medium
5.977929647395639,5.7810888891075605,5.7877359847753675,4,10,5.334109338355812,3.5233283516830443,9.41412539862446,31.911021324056428,46.82517334164819,Low
8.451739036037806,11.425422822552544,5.0476016792020255,4,9,2.8201940183187357,3.2722410584468866,4.1133794206379335,76.34587607343877,44.64034439222318,High
8.490673321795658,8.091921872097867,6.332037695749144,8,10,5.92702725609814,2.1688155941668557,5.881588812778106,53.88584957678998,40.08979608370745,Medium
9.060871577817174,7.514833927420413,7.992925230825967,4,17,6.370049404354545,3.6740246682644444,4.682534159267671,48.95132016001241,45.052152638937415,Medium
5.721419850888845,5.6015913498087135,7.777880011186075,8,10,1.1924170953879916,3.9138050638461515,9.664441606817821,49.8587198177107,19.582193003262553,Medium
7.713048416038015,8.895392532790023,6.706787594917913,7,7,2.8340079476366213,3.303064802623533,4.816103530700192,70.1844890391113,33.04828894204581,High
7.948681324963451,9.088919739054925,7.19928728145007,4,10,3.181635191145541,2.9886221059390916,6.073250034052334,61.61591339502272,39.97496918714126,Medium
6.288732737344053,5.8110112783302075,8.543393583045116,4,13,3.2326764594681827,1.8761221940149793,7.87080933990134,35.342220737505755,35.28911013283487,Low
5.842342063910687,7.719448828899143,5.7000674176582775,4,14,3.149612833240277,3.178896131996044,2.541668834957963,49.37682796881647,43.82166507676995,Medium
9.414280998663958,7.328968335933868,3.7691599929395876,3,6,3.4447705441022425,1.5130018661430662,1.293776223028005,69.53624254129848,30.336517829513298,Medium
7.341243813598081,8.511954292837542,8.602259704357145,6,10,3.3645450362934493,1.2908639659511105,5.094279237580419,54.72262876676886,37.67699317859318,Medium
7.953951626067607,5.761499515558713,4.940443495938563,2,12,8.956619535912452,4.1114047827643825,5.955769611670636,32.01743019116105,59.724669624756466,Low
5.766885982258109,10.503894909026315,4.619323753312191,3,8,3.8768308502045965,3.705090529168074,3.5835493483171343,58.63075952355066,59.801661795752615,Medium
5.171073300216709,9.831647563195208,2.407604489330897,4,6,4.147864429296204,3.5961288400734706,5.162541992521766,53.21016987035797,59.37565716446276,Medium
6.145825338261835,7.273648882534368,7.142566106328593,6,12,3.395595363248389,4.712510898355025,6.536444102513516,51.574897014434484,38.40476116406875,Medium
6.813967918915004,7.567162576723257,2.7570947508955572,4,5,9.708169235883021,2.523090865084316,9.759456615754047,26.614231894193047,71.27221003807422,Low
5.403669989773977,7.727155699444768,4.499482384616527,3,8,5.819417202115377,2.5989280860309787,6.415994402210195,34.9968666169605,60.67435045468446,Low
6.985232787024425,6.4433828939869935,7.176473589030118,1,5,6.494915027867647,2.654987618292982,5.039715667187276,40.68631828264,56.15403289522257,Medium
4.46724221789725,7.113141163529929,7.443842504816744,3,5,7.619385358567924,2.8611323627060776,1.202756445662852,34.06619913338155,71.26772039121107,Low
5.319928866295191,7.459459264650782,4.6965917035635325,4,12,4.003426619104358,3.051371956824134,3.795249087361463,42.7199144139647,49.29754056492609,Medium
8.006366872415313,11.225736741414256,5.73169334601519,4,8,9.719023867883369,4.112069728360672,4.226373672981596,52.30536204959816,79.67021424693156,Medium
7.9056857804168414,9.893236616660873,4.254810947187694,2,8,2.370935553169038,1.870813241034743,5.292501126848174,64.1209033172324,42.82180556226777,Medium
6.412184851919701,9.869309414673246,4.903206424377634,5,9,5.120331404449098,2.736337754517891,8.039539564931102,47.07913844245153,57.117168572758395,Medium
5.47335353638457,8.739851226008781,6.532430520305814,6,9,2.308953361171902,3.020509467506302,7.982986385608487,51.4323996378943,41.355937177149684,Medium
5.458894672710984,5.76534598213753,4.9967066424070845,4,14,8.113381716343449,1.676470693993997,8.60757385088402,10.76213128301156,62.633641982226216,Low
6.440097631088029,7.917017790845241,5.511569919648662,4,8,1.9658592281973957,3.807770885171514,3.609933029798519,63.593532906028514,36.17356297688212,Medium
7.966777737467937,9.94097691922676,3.070586636764866,3,9,5.985096430722248,1.225082966045445,4.118134073659866,51.44715127346306,58.629733655676816,Medium
8.392368537016488,5.483470741265425,8.265912329612275,3,9,1.9432564750059909,3.343649993523924,2.352150015166499,65.89406122891981,20.5644198867707,Medium
6.2552023967770465,9.273106413746529,7.0201331863421315,2,7,5.073956993662389,1.8085686408954071,8.716741985651183,40.01454235272181,60.88982616140657,Medium
5.269761361022824,12.645218450525533,7.585810743674403,3,6,3.5227719178536345,1.0338730432036138,6.870116485893782,51.643439351433095,68.07935438434409,Medium
7.4017654567995,10.123633291979463,8.580850649233724,4,4,9.129670821633937,2.2630865284721007,1.6979491523904156,50.80311738114898,75.31818116235841,Medium
5.764697544061226,10.828058271123975,4.349574248908567,3,8,1.4778621556386295,2.716562722053613,3.7329129803697003,64.7693910113279,49.23233742377949,Medium
6.222621041708196,8.436677500884322,5.283211033943953,5,9,6.849438668202205,4.269204718194427,2.3745254618389753,49.64942455021648,61.1433639574833,Medium
8.987914135655556,9.93586389752998,2.210331264835578,7,8,7.257261096620107,2.631382617206014,9.723053407782484,52.93099934682262,53.108560306904984,Medium
8.240673142848653,6.564293571291929,12.0,5,15,9.000838921430876,4.661742268678264,3.9214252770805444,40.18188252438243,56.144692877863825,Medium
7.236961468377178,9.591727624682452,5.700829369365247,1,12,8.899565106800445,4.370155200689697,5.468205867121473,38.86298841311004,78.45948321855639,Low
5.092121498330916,9.308776268121527,8.077455799829824,2,7,9.793506579468387,1.7709504180232738,3.8611181406778723,24.608171104188344,89.17371911963777,Low
7.317094851205988,8.579822348075325,3.5236777113290825,0,8,3.2851841891239486,1.6228692525543962,5.268668790584985,51.71896272616474,48.68176035614668,Medium
8.59398593618129,10.632014839436996,7.992776851286019,2,5,3.473428385329969,1.9753681017784714,9.987599311902892,61.770956200560924,47.99531562794848,Medium
6.4365495013516965,6.922430324305223,9.715181753299332,5,10,4.575634552698536,2.438727573031869,3.586498984962642,46.51476023637511,43.494497903730895,Medium
9.026671134980074,7.6258849670526745,5.879438501944037,5,8,5.838192825728264,3.333922274146513,3.5435984808533254,61.88653872728983,41.15775293968612,Medium
8.939117934277311,8.190924082716593,3.9782370068207973,1,12,4.304277267411507,1.496326007040698,4.3424161409450885,53.334603586420805,43.44673154581585,Medium
9.49559924821521,5.940778057821198,5.722407198108928,2,10,7.662667694903819,3.1281651366432706,2.523850960342055,49.27304018117608,47.4158002004312,Medium
7.457864689797029,8.453863887600496,1.5464769500855473,3,14,1.0769054671868794,3.3230929300405343,7.650925666415466,58.51066680223048,31.257417290600337,Medium
7.881087549709019,4.562139174092306,5.9242265979563165,1,17,1.1588888402036748,3.643560970306543,4.4140627111723445,51.27107583641114,19.200298356999657,Medium
9.121280932496635,10.09390906885642,7.641934278625992,3,7,7.444510838478247,3.2003682014964396,6.2277289956456965,57.38355233703374,61.39690060648593,Medium
7.671090905603464,8.093274733131931,5.928484711252971,1,9,8.94809100295668,4.3006866817895055,6.951727794232129,37.65798362265279,71.31894065620583,Low
6.248148838314681,6.958214192192473,5.431720890622065,5,11,7.988927083589649,3.5663617649954027,1.3189926921583837,39.34521533686425,61.18411217079016,Low
6.327185745208208,6.331252775409757,7.055136232224066,6,10,2.0538245208505703,4.698206192263823,6.796025129190316,56.49575879400266,27.573761663514908,Medium
7.357832430660609,7.530841940761625,7.208049693899105,7,8,9.414766242386573,3.8036963997716478,5.794924232318768,40.35464451546135,61.84330195354032,Medium
5.064157867080672,9.376519421544828,2.6801888749896348,1,8,5.697213566562112,2.7444408674070377,1.7456536934463927,43.47534923736144,71.28273926427482,Medium
6.785111626953711,9.095477957475122,6.177645924557577,3,9,7.6806563687692275,1.8387383153179444,2.120378686964563,42.12719109385365,68.91181385299211,Medium
8.64482067734538,6.588924105443078,10.871970248458487,5,15,2.809415778968609,1.042082833371028,4.967185819928719,51.75620414173926,24.118817976414107,Medium
3.7131192232520784,6.307920654744731,3.329967508703952,4,11,5.939160678407385,1.3616113503172094,4.116769431796568,19.990131026777224,61.45725673481002,Low
9.301723152691773,9.313797412639294,5.829162334333867,3,8,3.970547234592545,1.7587029641275516,4.937462244865439,65.27497077588572,40.70443628852786,Medium
8.68356132805474,6.555305190769941,9.883492244103405,4,8,9.77284696175856,1.8657654095757397,6.71963576165342,32.93016629512483,59.83838030573507,Low
6.310353076254286,8.119819548159008,8.208350313087351,0,12,5.267765258314351,3.9681763254018425,2.3898233015499906,45.82323809043792,61.03991275898492,Medium
7.815086241807714,8.247509285048555,4.973206638447877,4,6,7.80019287044222,2.5442231922766934,6.962001532412189,43.62509324022977,60.11520670853423,Medium
7.00472159035949,8.624124263453476,6.4122707592452075,6,10,6.429087427236925,2.2981579290681213,8.36313746880288,40.40430789277398,54.572390134728174,Medium
8.844985552658024,9.716540860363743,5.995776640030353,7,12,1.8486887385065298,1.2094702151877113,1.0263540888238603,75.87218059378135,26.375255523095454,High
8.474024714154911,5.4740741262653545,4.503856391356665,4,9,5.886349798668659,3.154642185290951,4.316172403325279,49.61381954650261,37.68784425348283,Medium
4.899893915225486,4.177681349479025,5.851495785013835,3,14,5.861942807212083,3.4516355253623376,3.476508313797195,24.189713474018244,49.98311282639355,Low
7.880893620196265,6.8651054375432965,5.4400677343869415,7,8,7.44138414258917,4.511429664021406,4.887997997469757,51.94604990925444,47.46403302540639,Medium
6.691558219535128,11.603056815664372,6.225497876153499,1,8,3.897172149468018,3.0113682274250344,6.537508448456109,57.392006803138415,63.656715317576996,Medium
7.12424885577715,12.044348200174756,4.5032336386179335,7,8,8.745869028396381,1.0308806451720938,2.688123711884586,49.34734906910974,76.17475268543939,Medium
5.907742148545276,11.662354271131775,3.446763599510678,3,6,6.603431506265098,1.261115031031479,2.2068605663587397,49.21817374005815,76.83970118189602,Medium
9.622205603681254,7.614037264478621,5.917438453215259,2,11,1.3540718264841862,2.0840213559522316,7.559545694645884,64.81863389136203,22.07397173644043,Medium
8.560092729853864,4.435769836030342,9.43023643635756,5,9,7.361522096180915,1.5567423343553357,7.171778265524855,33.868579534662416,38.895624687731676,Low
5.890343254040549,3.3139217966963184,6.164405852525593,5,6,9.162702190376509,4.082349636557987,5.147600445818558,24.829200634319214,55.06821206100756,Low
4.998084089634651,6.771923676901178,5.336812442136909,3,10,7.148323857749189,1.4314279244916386,5.511904549478306,21.492033256219848,65.42122912823757,Low
6.421491053533227,7.60385273970128,7.508171610076997,1,15,4.419975739551603,1.6431339309534518,3.428751178066694,37.339776076132864,52.66362599531135,Low
7.6517539691369585,10.601250802111917,5.683360774809243,2,17,6.315839475455678,3.667149454714193,3.9626121485820134,48.86899067088801,65.87537037299545,Medium
7.360308765919335,9.735610919084891,9.73606584991822,10,8,2.542584439175247,1.9585134739799979,3.8807431908474626,70.92671456808866,30.704647933586383,High
8.879699237152366,8.45481015798324,5.992174981409843,3,13,6.41129926203172,4.8763239638747615,7.537015977844212,52.65610799921892,51.331914521034875,Medium
8.184879583271279,6.220310458117717,7.400994126316327,4,10,5.508934700814329,4.452750791486006,6.0007879161639455,51.7685145795572,39.82368206378008,Medium
8.454353538629361,6.078440883510219,4.490791235213454,4,8,1.2354191961194374,3.9781606870332062,7.565398024180088,66.26040375188694,17.174441153968147,Medium
7.490283100915656,8.508255374142871,7.006178506673325,1,6,3.8970089759398934,2.3725458732671183,6.316449931815867,53.990962540951216,48.83686958893328,Medium
4.916051904683515,9.394101957679453,6.550186953887509,4,6,2.7212252419146497,1.2271198972091653,5.9107267793530625,47.4815723068905,51.85983940556985,Medium
6.706452203279648,8.78376252449117,5.886987750681584,5,13,4.515867340860547,2.345603833142085,3.885237581346163,49.05408080079871,48.89251862683502,Medium
8.590134609862998,5.93080408078669,4.99648447766056,7,13,3.1764918640145376,2.5069194405832897,4.559192288167922,57.68713131650477,20.052571906291085,Medium
6.922715607213031,9.301335257584173,4.723939668695251,6,12,8.508238280834718,1.5097312436117627,8.986580884778181,28.86085231072316,67.61917174828986,Low
7.75463555293562,8.851821934202823,6.564705327959305,1,9,7.279151401012446,1.4825632173031735,6.183370006107262,38.530345673403794,65.5623969479238,Low
6.5218775271308,5.858667187619643,7.257878219392947,3,12,7.661032674740895,3.6724333200325265,5.720097676473596,29.619403536630422,58.033493009821235,Low
5.455282227187233,6.431358059399488,5.745674407411737,2,14,4.247805791470242,1.9296097019731868,1.4781832880190153,35.935071229767196,49.81213232725687,Low
6.814983903930834,9.376991949123132,6.5745358582415845,2,12,1.0310172864526796,3.712042818751169,7.038002527858762,60.902515653333346,39.029987941484244,Medium
7.463571164548981,7.530984929708218,5.924170643734461,3,10,2.9723832298035835,3.193205391184122,7.174157031455254,53.822194620359376,37.13759076359911,Medium
6.0164684208078345,11.178294603272914,6.197052049810775,8,14,7.797683839887863,4.605855399303994,7.215909128415623,43.77501798102587,71.25099065625344,Medium
6.646433132714997,9.002258552129152,5.59911003464555,2,8,6.42553126570717,4.18867951081811,1.8209990283912205,53.33430653110355,64.84540904061932,Medium
5.590805137021026,7.026737623621462,6.035945158736617,4,7,5.8472034909672725,1.6054881306371418,3.7040973401394153,37.219715347934745,55.589378925809875,Low
8.678867376346144,7.979588799218135,11.396080913634853,2,9,3.5246794192727924,3.440646191053569,4.341034416132648,64.30526359187022,38.12077982700068,Medium
6.558316363617949,8.126766785275436,6.6232685976148495,1,9,1.6816809422834966,3.612506997408636,8.438472063352624,53.660784079128575,40.56381011963011,Medium
9.179133317689274,6.54321937351658,7.290593916862086,5,10,8.063798232100076,4.448217989339714,9.826054607042547,43.679053724141056,47.439693392272375,Medium
9.293121775811363,6.174823603644747,6.876047210656194,7,9,1.3479001119521277,3.563827050560043,4.732728341281549,75.50696048113042,8.959379039607883,High
6.878431052917384,9.402779787618998,5.474366353405881,3,12,1.5322282197633355,1.5628568701702572,5.988526365992314,55.540996903142116,39.47179173051059,Medium
5.487326901178975,9.690546594084191,8.587978426583335,5,10,3.6544171206793767,2.033796915383242,1.0660353280890649,54.654671611865425,53.2370345754369,Medium
3.8711531833999944,9.207562939105918,5.417672459147317,3,10,6.156403096578523,3.5503958150415333,1.0790135327900594,38.79770455158225,74.35624014033138,Low
4.791944390459813,11.030636188647604,8.110109097885102,4,16,9.93003864930522,4.6477694975746635,1.6705020614977175,32.01010630016878,93.78914770325066,Low
4.93924776265201,6.916453527976796,5.331586003867103,2,5,1.8157741785294461,4.566115867241315,7.475197980194509,51.325704163523724,41.879096637453344,Medium
9.067704441192257,11.34854153214226,4.080054961711918,5,6,5.258537193432629,2.4367445628350994,2.6032293803891546,74.41641798771754,51.83749130833406,High
7.173736880840419,6.198157762891695,6.730792416472386,1,8,6.415779727541707,4.3226932388818335,7.820641095876237,39.09004835986337,54.053863569852524,Low
7.584406786137982,5.974628873263015,3.7906632877957867,4,10,8.40794716404688,3.045151592037265,4.8868853634518805,35.09380356904192,55.72314681201805,Low
3.6693684865973113,4.4800822357014995,7.0712804500332185,6,7,7.206525236035519,2.8573710920888407,8.649721078362603,14.331813240233604,57.45691776620432,Low
5.203050356174108,7.108409372346366,3.6116826878173667,2,9,8.269674216505894,2.403548547684241,8.83284736242048,17.277394984810563,73.12211153594468,Low
8.330619664669431,6.992555326341092,5.361983939054293,5,14,5.702221064065065,3.712811176657201,8.918496173407444,43.98710702159479,41.14831210389641,Medium
7.430161168573879,9.051874560509301,3.136540606950517,2,10,4.9057372315356975,3.398390452637173,5.891523742688477,52.19503881960568,54.20536131794533,Medium
6.779192081971604,8.487781883240903,11.648334018805459,1,8,6.5685548554781885,2.498655342151542,8.096566872090559,36.361824494933835,64.92393076911883,Low
7.847263537900184,5.614053257961727,2.6920808807673713,5,14,9.10783728533196,4.051352748544531,6.95721010323006,29.857201318338213,54.861767250109516,Low
9.453696709203722,7.214547523148365,6.019627480792809,4,10,5.957624459449802,2.51738192318819,2.680418739322504,58.344053208377275,40.23661809233873,Medium
6.668436304694424,7.257075957824629,8.286608548660027,5,12,6.450338072725577,3.337549177397658,4.433650529592245,41.2617824025231,52.92959799431974,Medium
7.104054703987104,4.448035506076215,8.07277181717405,6,11,4.0417853789126275,2.5695316403595463,9.661261168792393,36.60121569157842,27.06239205208627,Low
7.288895378096957,6.038106545973261,7.702684244346274,4,4,6.36509300994873,1.4675066638516827,7.953082312648675,37.64778672514608,47.201303628378874,Low
10.0,6.458372738771821,5.365543223557049,3,12,6.649877105348054,1.6447775026278415,3.3669448925830365,49.93323357041653,40.345092939621544,Medium
3.8509656033714617,10.867250039641892,8.702177892674005,2,7,7.780829374344224,3.6269554892374254,3.5287690376410343,35.64759367539017,90.36214129978384,Low
8.024834522183212,8.382901431914705,7.826782181604365,4,11,6.149590255116808,4.244893556769036,3.2876301056119397,56.68467356861336,51.613409408258256,Medium
6.827796626861405,9.324337507894999,6.424599235320954,9,12,2.7779526519861175,2.873851857995078,3.9593352294743385,63.88850198049243,34.472537345385895,Medium
7.85015758927627,5.0027290057015765,6.481161515453184,8,8,6.237334758302172,2.302348764502819,9.354766386370722,38.73832985067388,32.9936183676406,Low
6.013941169007913,10.388428966027984,5.392154704769255,7,14,3.680842681687173,2.3459899253899574,4.9018806148977845,52.06695626638076,49.99375726964257,Medium
6.926552453712325,10.602204126048186,4.180695948333923,3,7,1.7859204553756571,3.390589186164036,4.278271705593433,71.28030080902154,44.92421720834315,High
8.067115869198243,4.003310065710748,8.474301950957432,1,4,8.428898183138749,2.8707577875651418,3.152641018585874,37.638801381825935,52.01881640542888,Low
10.0,6.589366552168304,8.624415987203063,5,7,1.5946490154260964,1.0029548220960982,9.031672583686667,64.85326597268651,12.340972311742814,Medium
8.212054284103107,8.99153114603102,4.231781717940157,4,7,6.685329115235205,4.085887898904954,9.616389043628132,51.178339540058616,55.678331717220544,Medium
5.727901602954237,9.288776907076365,5.692429669707616,4,12,9.896451516995292,1.5692717512990413,3.9118730552502115,23.67548043162476,83.19522524177736,Low
